2026-01-01T00:00:52,hd-02,13.4603
2026-01-01T00:01:46,db-01,1.5258
2026-01-01T00:01:55,net-03,1.4538
2026-01-01T00:03:02,hd-01,6.7250
2026-01-01T00:03:53,web-05,7.9711
2026-01-01T00:04:39,hd-02,0.6373
2026-01-01T00:04:54,web-01,0.9116
2026-01-01T00:05:09,db-03,4.7957
2026-01-01T00:05:15,net-03,0.8882
2026-01-01T00:05:18,hd-02,1.3364
2026-01-01T00:05:36,lb-02,0.8108
2026-01-01T00:06:16,hd-02,0.0362
2026-01-01T00:06:37,cache-03,4.0491
2026-01-01T00:06:39,db-02,1.6925
2026-01-01T00:07:03,db-02,15.7346
2026-01-01T00:10:08,cache-01,0.5373
2026-01-01T00:10:59,cache-01,0.8195
2026-01-01T00:11:10,lb-02,0.8481
2026-01-01T00:11:11,db-01,0.1484
2026-01-01T00:11:13,db-02,1.5973
2026-01-01T00:11:55,hd-02,2.0225
2026-01-01T00:12:21,cache-03,6.0568
2026-01-01T00:13:12,web-05,3.4465
2026-01-01T00:13:41,net-04,0.4817
2026-01-01T00:13:50,net-04,11.9135
2026-01-01T00:14:03,db-03,3.1538
2026-01-01T00:14:08,web-01,3.7348
2026-01-01T00:14:41,lb-01,7.4702
2026-01-01T00:14:52,cache-02,0.8325
2026-01-01T00:14:58,db-02,7.8907
2026-01-01T00:15:21,web-04,0.1078
2026-01-01T00:16:32,hd-02,0.9680
2026-01-01T00:17:06,db-01,0.0106
2026-01-01T00:17:23,db-02,3.8470
2026-01-01T00:17:25,hd-01,1.1997
2026-01-01T00:17:27,lb-02,12.8059
2026-01-01T00:17:40,cache-01,1.4047
2026-01-01T00:17:44,db-02,0.4470
2026-01-01T00:17:45,lb-02,0.8560
2026-01-01T00:19:18,net-04,3.4824
2026-01-01T00:19:19,cache-02,7.3660
2026-01-01T00:19:50,net-03,12.1072
2026-01-01T00:20:29,cache-01,1.2249
2026-01-01T00:20:36,web-03,3.9250
2026-01-01T00:20:50,lb-02,0.1764
2026-01-01T00:21:45,cache-02,3.0360
2026-01-01T00:22:04,hd-01,0.0309
2026-01-01T00:22:04,db-02,1.1115
2026-01-01T00:23:12,cache-02,3.4725
2026-01-01T00:23:58,net-04,6.0404
2026-01-01T00:24:28,lb-02,0.5423
2026-01-01T00:26:47,lb-01,0.2956
2026-01-01T00:26:48,lb-01,4.9158
2026-01-01T00:26:55,hd-01,8.1487
2026-01-01T00:27:52,net-03,0.3560
2026-01-01T00:28:08,db-02,0.5729
2026-01-01T00:28:26,web-04,18.3557
2026-01-01T00:28:32,db-03,4.1646
2026-01-01T00:28:43,hd-01,5.7510
2026-01-01T00:29:03,hd-02,46.1187
2026-01-01T00:29:27,lb-01,0.0496
2026-01-01T00:29:39,hd-02,3.1252
2026-01-01T00:29:52,web-02,0.5899
2026-01-01T00:30:33,cache-02,15.3603
2026-01-01T00:30:35,db-02,1.5911
2026-01-01T00:31:27,cache-02,1.9629
2026-01-01T00:32:10,net-04,0.8456
2026-01-01T00:32:42,web-01,0.9428
2026-01-01T00:34:12,web-03,2.0466
2026-01-01T00:34:15,web-04,2.2848
2026-01-01T00:34:51,hd-02,1.0743
2026-01-01T00:35:37,db-03,0.0775
2026-01-01T00:35:55,db-01,9.8412
2026-01-01T00:37:05,net-01,0.5527
2026-01-01T00:37:39,hd-02,6.5441
2026-01-01T00:38:00,cache-03,3.5225
2026-01-01T00:38:41,db-01,2.5935
2026-01-01T00:38:42,hd-01,0.5003
2026-01-01T00:38:44,hd-01,2.0239
2026-01-01T00:38:55,net-02,5.1454
2026-01-01T00:40:14,db-02,0.9767
2026-01-01T00:40:25,cache-03,0.3088
2026-01-01T00:40:36,lb-01,2.9483
2026-01-01T00:40:48,hd-01,0.1403
2026-01-01T00:41:18,net-03,3.1640
2026-01-01T00:42:55,web-05,1.4897
2026-01-01T00:43:41,lb-01,7.4393
2026-01-01T00:44:28,net-04,11.7338
2026-01-01T00:44:52,cache-02,2.2706
2026-01-01T00:44:54,net-02,3.0875
2026-01-01T00:45:01,lb-02,10.8698
2026-01-01T00:45:01,db-02,1.9788
2026-01-01T00:45:58,net-04,4.5105
2026-01-01T00:46:29,lb-01,2.3424
2026-01-01T00:47:23,net-02,6.6979
2026-01-01T00:49:42,db-03,1.0168
2026-01-01T00:49:54,hd-02,0.4621
2026-01-01T00:50:02,db-01,3.0107
2026-01-01T00:50:16,lb-01,0.0328
2026-01-01T00:50:21,hd-02,1.8167
2026-01-01T00:51:08,web-05,36.7486
2026-01-01T00:51:20,web-02,0.1385
2026-01-01T00:52:36,web-01,0.1681
2026-01-01T00:52:39,hd-02,0.7010
2026-01-01T00:53:24,db-03,2.2315
2026-01-01T00:54:03,cache-02,5.6044
2026-01-01T00:54:08,hd-02,0.3137
2026-01-01T00:54:29,lb-01,1.9119
2026-01-01T00:54:32,web-01,1.1206
2026-01-01T00:54:41,net-04,1.0975
2026-01-01T00:55:29,db-02,0.3338
2026-01-01T00:56:01,db-01,6.4287
2026-01-01T00:56:50,net-02,5.9225
2026-01-01T00:57:11,net-03,1.9221
2026-01-01T00:57:32,db-01,0.1402
2026-01-01T00:59:16,cache-02,3.4534
2026-01-01T00:59:19,hd-01,1.0460
2026-01-01T01:00:19,lb-01,1.2600
2026-01-01T01:00:38,hd-01,13.5909
2026-01-01T01:00:50,web-01,2.5275
2026-01-01T01:01:15,net-04,0.2991
2026-01-01T01:01:15,db-03,1.3085
2026-01-01T01:03:12,db-03,0.3248
2026-01-01T01:03:15,hd-02,3.4871
2026-01-01T01:03:22,db-01,24.4901
2026-01-01T01:03:27,net-04,1.8564
2026-01-01T01:04:00,net-02,6.2796
2026-01-01T01:04:05,lb-01,0.6760
2026-01-01T01:04:43,db-03,3.9732
2026-01-01T01:05:20,hd-01,0.6697
2026-01-01T01:05:31,db-02,11.5199
2026-01-01T01:06:01,hd-01,0.7764
2026-01-01T01:06:44,web-05,1.1194
2026-01-01T01:06:49,net-01,3.5098
2026-01-01T01:06:58,lb-01,1.7448
2026-01-01T01:08:23,db-02,1.8863
2026-01-01T01:10:14,cache-03,7.9692
2026-01-01T01:10:16,web-05,12.1225
2026-01-01T01:10:33,web-05,0.4720
2026-01-01T01:11:56,cache-01,4.7472
2026-01-01T01:12:03,net-03,5.4136
2026-01-01T01:12:15,lb-01,1.4575
2026-01-01T01:13:09,lb-02,0.1843
2026-01-01T01:14:24,db-02,1.2387
2026-01-01T01:14:40,hd-02,13.6225
2026-01-01T01:15:04,lb-02,6.5280
2026-01-01T01:15:28,cache-03,39.0122
2026-01-01T01:15:40,db-01,1.0675
2026-01-01T01:15:51,hd-02,0.1468
2026-01-01T01:16:08,hd-02,0.7992
2026-01-01T01:16:09,db-03,1.7408
2026-01-01T01:16:13,cache-02,2.8132
2026-01-01T01:16:37,hd-01,7.6834
2026-01-01T01:17:04,lb-01,0.1122
2026-01-01T01:17:11,hd-02,11.4099
2026-01-01T01:17:47,db-01,1.8520
2026-01-01T01:17:50,db-02,5.1014
2026-01-01T01:18:50,net-01,2.8213
2026-01-01T01:19:34,hd-01,0.8360
2026-01-01T01:19:38,web-02,0.4124
2026-01-01T01:21:23,cache-03,4.7118
2026-01-01T01:21:36,db-01,2.5053
2026-01-01T01:21:48,hd-02,0.8556
2026-01-01T01:22:41,web-05,2.7269
2026-01-01T01:22:57,net-01,0.1813
2026-01-01T01:22:59,db-01,0.9937
2026-01-01T01:23:24,hd-02,0.4726
2026-01-01T01:24:22,hd-01,2.4444
2026-01-01T01:25:10,cache-02,4.1232
2026-01-01T01:26:02,net-02,11.0230
2026-01-01T01:26:22,db-02,2.1800
2026-01-01T01:26:29,db-02,0.7753
2026-01-01T01:26:41,net-02,0.9392
2026-01-01T01:26:47,lb-02,1.7986
2026-01-01T01:26:59,cache-01,6.2413
2026-01-01T01:27:14,cache-01,7.5782
2026-01-01T01:27:47,web-01,0.9481
2026-01-01T01:28:08,net-01,2.0049
2026-01-01T01:28:19,hd-01,12.8044
2026-01-01T01:28:19,net-01,4.2712
2026-01-01T01:28:32,net-02,9.1592
2026-01-01T01:29:03,net-03,3.5106
2026-01-01T01:30:00,web-04,1.3405
2026-01-01T01:30:37,net-02,2.2571
2026-01-01T01:31:29,cache-03,3.1679
2026-01-01T01:31:42,web-05,5.8142
2026-01-01T01:32:18,lb-02,0.5123
2026-01-01T01:33:04,net-03,0.4665
2026-01-01T01:33:12,net-03,1.8730
2026-01-01T01:34:14,web-02,0.0061
2026-01-01T01:34:19,web-02,0.0655
2026-01-01T01:34:24,web-01,0.8531
2026-01-01T01:35:40,web-04,0.8915
2026-01-01T01:36:16,hd-02,0.0529
2026-01-01T01:37:42,hd-01,3.1061
2026-01-01T01:38:04,cache-03,8.6460
2026-01-01T01:38:19,web-02,0.5238
2026-01-01T01:38:46,cache-03,2.9686
2026-01-01T01:39:28,hd-02,2.2698
2026-01-01T01:40:40,net-02,0.0264
2026-01-01T01:42:17,web-02,2.4112
2026-01-01T01:42:31,hd-02,0.8923
2026-01-01T01:42:37,lb-01,4.2271
2026-01-01T01:43:35,hd-01,0.1667
2026-01-01T01:43:40,cache-02,1.7201
2026-01-01T01:44:06,lb-01,5.4615
2026-01-01T01:44:46,db-01,2.6286
2026-01-01T01:45:03,hd-01,8.3042
2026-01-01T01:45:41,cache-01,1.1124
2026-01-01T01:47:02,web-02,2.0087
2026-01-01T01:47:40,web-05,0.0266
2026-01-01T01:47:55,web-02,0.9793
2026-01-01T01:48:09,hd-01,1.6798
2026-01-01T01:48:49,cache-02,1.2882
2026-01-01T01:49:28,net-02,0.6904
2026-01-01T01:49:39,cache-01,0.6465
2026-01-01T01:50:07,hd-01,9.2657
2026-01-01T01:50:10,cache-02,1.6528
2026-01-01T01:50:30,net-04,1.6039
2026-01-01T01:50:45,cache-03,1.9040
2026-01-01T01:51:31,lb-02,0.4609
2026-01-01T01:52:37,cache-02,0.6348
2026-01-01T01:52:47,hd-02,9.0388
2026-01-01T01:52:55,db-02,0.2008
2026-01-01T01:53:39,web-04,1.4847
2026-01-01T01:53:48,hd-01,8.9577
2026-01-01T01:54:21,hd-01,1.2729
2026-01-01T01:54:58,cache-01,6.9318
2026-01-01T01:55:32,db-03,0.0625
2026-01-01T01:56:44,web-01,5.5245
2026-01-01T01:56:45,lb-02,3.9498
2026-01-01T01:58:06,db-03,0.1996
2026-01-01T01:58:11,net-03,1.0664
2026-01-01T01:58:50,lb-01,1.6801
2026-01-01T01:59:16,web-05,3.4072
2026-01-01T01:59:21,hd-01,10.1253
2026-01-01T01:59:34,lb-02,0.5352
2026-01-01T01:59:37,db-01,1.4364
2026-01-01T02:00:29,lb-02,4.2603
2026-01-01T02:01:19,net-01,3.1539
2026-01-01T02:02:26,net-01,0.6011
2026-01-01T02:02:54,cache-01,0.6403
2026-01-01T02:04:01,lb-01,2.0600
2026-01-01T02:04:26,lb-01,0.5375
2026-01-01T02:04:29,cache-03,4.3766
2026-01-01T02:04:35,net-04,1.8336
2026-01-01T02:05:06,cache-03,0.9750
2026-01-01T02:05:11,hd-01,2.3256
2026-01-01T02:05:32,cache-01,4.6094
2026-01-01T02:05:33,cache-03,2.5020
2026-01-01T02:06:07,db-01,0.5523
2026-01-01T02:09:17,db-02,1.0673
2026-01-01T02:09:26,db-03,1.4061
2026-01-01T02:09:56,cache-02,11.8746
2026-01-01T02:10:31,hd-02,5.8716
2026-01-01T02:12:11,lb-01,17.7846
2026-01-01T02:12:29,db-01,3.5206
2026-01-01T02:12:37,net-04,2.0004
2026-01-01T02:12:56,web-04,0.8069
2026-01-01T02:13:36,db-01,4.4728
2026-01-01T02:14:50,lb-02,10.3680
2026-01-01T02:15:54,web-05,2.4919
2026-01-01T02:16:02,web-02,0.0390
2026-01-01T02:17:02,web-05,0.8052
2026-01-01T02:17:25,hd-02,0.6966
2026-01-01T02:18:33,db-01,13.8686
2026-01-01T02:18:41,db-02,3.5651
2026-01-01T02:19:31,lb-01,0.5071
2026-01-01T02:19:40,net-02,7.3478
2026-01-01T02:19:51,db-03,0.4372
2026-01-01T02:19:52,cache-02,0.1610
2026-01-01T02:20:43,web-04,3.5250
2026-01-01T02:20:53,db-01,0.2627
2026-01-01T02:21:05,net-03,8.1575
2026-01-01T02:21:47,hd-01,0.9413
2026-01-01T02:22:07,lb-02,0.5050
2026-01-01T02:22:16,cache-02,0.2966
2026-01-01T02:22:51,cache-02,6.0260
2026-01-01T02:25:15,hd-01,0.5318
2026-01-01T02:27:41,cache-01,1.3414
2026-01-01T02:27:51,db-03,1.1936
2026-01-01T02:28:42,cache-03,1.1584
2026-01-01T02:29:35,db-01,4.7475
2026-01-01T02:30:17,web-03,3.9308
2026-01-01T02:30:44,lb-01,4.3643
2026-01-01T02:31:07,lb-02,2.2741
2026-01-01T02:31:36,db-03,6.1073
2026-01-01T02:31:53,net-01,3.3382
2026-01-01T02:32:11,lb-01,1.8138
2026-01-01T02:32:59,web-03,1.0138
2026-01-01T02:33:02,cache-01,0.7722
2026-01-01T02:33:16,lb-01,8.5730
2026-01-01T02:33:38,hd-02,0.1471
2026-01-01T02:33:51,cache-02,5.9761
2026-01-01T02:34:03,net-02,3.3987
2026-01-01T02:34:15,hd-01,1.1217
2026-01-01T02:34:27,lb-01,14.2125
2026-01-01T02:34:30,cache-01,0.1404
2026-01-01T02:34:47,hd-01,100.0000
2026-01-01T02:34:58,net-03,2.1072
2026-01-01T02:35:00,web-03,1.4665
2026-01-01T02:35:11,web-05,0.9544
2026-01-01T02:35:23,hd-01,9.2091
2026-01-01T02:36:01,hd-01,2.9330
2026-01-01T02:36:36,db-01,12.4959
2026-01-01T02:37:42,web-02,0.9541
2026-01-01T02:37:57,lb-02,0.7828
2026-01-01T02:38:23,hd-02,0.0065
2026-01-01T02:39:06,hd-01,0.0871
2026-01-01T02:39:14,net-04,0.2622
2026-01-01T02:39:37,net-01,0.6872
2026-01-01T02:39:55,hd-01,6.7372
2026-01-01T02:41:06,web-04,0.1735
2026-01-01T02:41:32,lb-01,0.0709
2026-01-01T02:42:08,cache-01,2.2104
2026-01-01T02:42:12,cache-03,0.6715
2026-01-01T02:43:22,net-03,0.2299
2026-01-01T02:43:25,hd-01,1.5375
2026-01-01T02:44:00,cache-02,0.2138
2026-01-01T02:44:47,web-02,3.3241
2026-01-01T02:44:56,hd-02,4.7555
2026-01-01T02:45:15,cache-02,0.5424
2026-01-01T02:45:57,hd-01,0.4649
2026-01-01T02:46:04,db-02,0.8368
2026-01-01T02:47:29,lb-02,0.3334
2026-01-01T02:47:44,net-02,0.3493
2026-01-01T02:48:49,hd-02,31.0503
2026-01-01T02:49:53,cache-02,1.4452
2026-01-01T02:50:45,db-01,0.1841
2026-01-01T02:50:51,lb-01,0.5689
2026-01-01T02:51:13,db-03,1.2482
2026-01-01T02:51:53,lb-01,3.7750
2026-01-01T02:52:16,cache-03,1.5197
2026-01-01T02:52:37,web-01,10.7344
2026-01-01T02:52:54,cache-03,0.5304
2026-01-01T02:53:03,web-02,10.0857
2026-01-01T02:53:14,web-01,0.6090
2026-01-01T02:53:31,cache-03,3.4552
2026-01-01T02:53:45,lb-02,3.7507
2026-01-01T02:53:55,net-03,0.4206
2026-01-01T02:53:58,cache-01,3.7713
2026-01-01T02:54:56,web-03,2.5245
2026-01-01T02:56:02,hd-01,0.1555
2026-01-01T02:56:11,db-01,3.1506
2026-01-01T02:56:28,db-02,0.9528
2026-01-01T02:56:43,hd-01,1.2564
2026-01-01T02:57:29,cache-03,4.7224
2026-01-01T02:58:57,web-04,6.5543
2026-01-01T02:59:28,hd-02,1.2640
2026-01-01T03:00:52,hd-01,4.1953
2026-01-01T03:00:59,hd-01,4.5930
2026-01-01T03:01:03,db-01,0.1900
2026-01-01T03:01:06,db-02,7.8887
2026-01-01T03:01:15,cache-03,1.6857
2026-01-01T03:01:23,cache-01,1.6380
2026-01-01T03:01:58,hd-01,1.5415
2026-01-01T03:02:02,web-04,1.9912
2026-01-01T03:02:42,lb-01,0.6101
2026-01-01T03:03:16,net-02,2.8203
2026-01-01T03:03:52,cache-03,0.9155
2026-01-01T03:04:00,cache-02,2.3441
2026-01-01T03:04:07,cache-01,3.3930
2026-01-01T03:04:30,hd-01,3.7265
2026-01-01T03:04:36,cache-02,7.0085
2026-01-01T03:04:37,web-01,7.7543
2026-01-01T03:04:38,db-03,8.2302
2026-01-01T03:04:40,hd-02,4.4911
2026-01-01T03:05:21,cache-01,3.0086
2026-01-01T03:05:32,lb-01,1.1906
2026-01-01T03:06:34,lb-01,0.3113
2026-01-01T03:07:03,db-03,0.9935
2026-01-01T03:08:12,lb-02,73.7521
2026-01-01T03:08:33,net-02,2.2990
2026-01-01T03:08:55,net-04,1.7076
2026-01-01T03:09:34,lb-02,2.4434
2026-01-01T03:10:23,db-03,8.5695
2026-01-01T03:11:00,cache-02,2.2163
2026-01-01T03:11:21,db-02,0.5290
2026-01-01T03:11:35,hd-02,0.7783
2026-01-01T03:11:58,web-04,0.2515
2026-01-01T03:12:23,web-02,0.4075
2026-01-01T03:13:21,web-02,7.4639
2026-01-01T03:13:32,db-01,4.4443
2026-01-01T03:13:39,lb-02,30.6605
2026-01-01T03:13:54,db-02,4.1430
2026-01-01T03:14:12,cache-02,18.7578
2026-01-01T03:14:17,lb-02,1.8010
2026-01-01T03:15:08,lb-02,0.6124
2026-01-01T03:15:19,db-01,4.4167
2026-01-01T03:15:50,db-02,5.5870
2026-01-01T03:16:29,db-02,2.3537
2026-01-01T03:16:33,net-01,0.3061
2026-01-01T03:17:05,hd-02,6.8819
2026-01-01T03:17:37,hd-01,1.1036
2026-01-01T03:18:12,cache-02,9.4938
2026-01-01T03:18:38,hd-01,4.0010
2026-01-01T03:19:16,db-03,5.5339
2026-01-01T03:20:30,hd-02,5.8060
2026-01-01T03:20:48,lb-01,0.7709
2026-01-01T03:20:59,web-03,1.6171
2026-01-01T03:22:42,net-04,3.5435
2026-01-01T03:23:00,web-03,0.5271
2026-01-01T03:23:25,net-02,2.1430
2026-01-01T03:23:52,db-02,1.6294
2026-01-01T03:23:58,web-03,2.6809
2026-01-01T03:24:14,lb-02,0.6810
2026-01-01T03:24:43,hd-02,1.2343
2026-01-01T03:24:55,web-04,0.8408
2026-01-01T03:25:42,web-03,1.0756
2026-01-01T03:27:09,web-01,0.4458
2026-01-01T03:27:46,hd-02,10.1779
2026-01-01T03:27:59,hd-02,3.2082
2026-01-01T03:28:36,web-05,1.7336
2026-01-01T03:29:10,net-02,0.3234
2026-01-01T03:29:24,web-03,0.7531
2026-01-01T03:30:22,lb-02,1.8389
2026-01-01T03:30:32,cache-01,2.0551
2026-01-01T03:30:33,hd-01,12.3906
2026-01-01T03:30:35,lb-02,0.8875
2026-01-01T03:30:39,web-05,6.3825
2026-01-01T03:30:59,net-03,0.3451
2026-01-01T03:31:21,web-04,0.2200
2026-01-01T03:31:23,cache-01,3.8026
2026-01-01T03:31:45,net-04,0.1809
2026-01-01T03:33:22,db-01,1.5256
2026-01-01T03:33:23,hd-02,8.8724
2026-01-01T03:33:56,net-01,2.7080
2026-01-01T03:34:48,web-04,0.3145
2026-01-01T03:35:11,cache-02,6.1041
2026-01-01T03:35:42,web-03,3.3955
2026-01-01T03:35:45,web-04,0.9621
2026-01-01T03:35:51,lb-01,23.0517
2026-01-01T03:36:18,db-01,0.2475
2026-01-01T03:36:38,hd-01,0.6242
2026-01-01T03:37:56,hd-02,1.4892
2026-01-01T03:38:19,cache-02,0.9788
2026-01-01T03:38:30,lb-02,9.0575
2026-01-01T03:38:44,net-01,3.5737
2026-01-01T03:39:00,cache-03,3.6282
2026-01-01T03:39:11,web-01,2.2379
2026-01-01T03:41:03,web-01,0.5533
2026-01-01T03:41:27,db-01,1.9552
2026-01-01T03:41:28,web-05,1.8404
2026-01-01T03:42:11,cache-03,1.9081
2026-01-01T03:42:13,net-02,1.2815
2026-01-01T03:42:34,hd-02,4.2113
2026-01-01T03:42:40,lb-01,0.8301
2026-01-01T03:42:52,lb-01,7.1315
2026-01-01T03:43:51,cache-02,6.4140
2026-01-01T03:44:03,hd-01,1.4435
2026-01-01T03:44:26,cache-03,9.3055
2026-01-01T03:44:54,lb-01,6.3667
2026-01-01T03:46:16,hd-01,1.3484
2026-01-01T03:46:24,db-02,2.5891
2026-01-01T03:46:29,hd-02,0.2667
2026-01-01T03:46:45,db-02,1.7675
2026-01-01T03:46:49,db-01,0.4780
2026-01-01T03:47:01,db-02,5.1306
2026-01-01T03:47:08,cache-01,1.1403
2026-01-01T03:47:56,cache-03,7.7774
2026-01-01T03:48:11,web-03,11.8646
2026-01-01T03:48:26,db-03,0.1152
2026-01-01T03:48:53,web-03,8.9612
2026-01-01T03:49:05,hd-01,14.5044
2026-01-01T03:49:10,lb-02,1.9270
2026-01-01T03:49:17,lb-02,5.3057
2026-01-01T03:49:22,db-03,3.4717
2026-01-01T03:49:37,web-05,4.0549
2026-01-01T03:50:22,net-03,0.8699
2026-01-01T03:51:01,web-02,11.5824
2026-01-01T03:52:30,net-01,5.6933
2026-01-01T03:52:45,lb-02,1.3882
2026-01-01T03:54:01,lb-01,1.9226
2026-01-01T03:54:14,db-02,0.1136
2026-01-01T03:54:31,hd-01,7.6085
2026-01-01T03:54:37,hd-02,1.7190
2026-01-01T03:55:19,net-01,14.6331
2026-01-01T03:56:25,hd-02,2.2718
2026-01-01T03:57:03,web-04,0.0443
2026-01-01T03:57:39,db-01,0.2079
2026-01-01T03:58:15,cache-01,1.1132
2026-01-01T03:58:22,cache-03,1.9979
2026-01-01T03:58:37,hd-02,3.8572
2026-01-01T03:59:34,net-03,3.6510
2026-01-01T03:59:35,hd-01,4.8356
2026-01-01T03:59:45,db-02,0.2691
2026-01-01T04:00:10,db-03,9.6435
2026-01-01T04:00:30,net-04,0.0165
2026-01-01T04:00:33,cache-03,15.1399
2026-01-01T04:01:09,web-03,7.7693
2026-01-01T04:02:40,cache-03,2.8956
2026-01-01T04:02:51,hd-02,6.2955
2026-01-01T04:02:57,lb-01,1.6149
2026-01-01T04:03:31,hd-01,4.8729
2026-01-01T04:03:34,cache-02,1.3092
2026-01-01T04:03:55,lb-02,1.7007
2026-01-01T04:04:06,lb-02,4.3530
2026-01-01T04:05:19,net-01,0.3011
2026-01-01T04:05:47,web-02,3.2854
2026-01-01T04:05:55,hd-01,1.8222
2026-01-01T04:05:57,web-05,10.7019
2026-01-01T04:06:25,web-02,0.3030
2026-01-01T04:07:13,hd-01,0.2518
2026-01-01T04:08:47,net-01,2.7355
2026-01-01T04:09:05,web-01,0.6063
2026-01-01T04:09:17,net-01,4.5736
2026-01-01T04:10:04,lb-01,6.0837
2026-01-01T04:12:01,hd-01,8.6950
2026-01-01T04:12:30,hd-01,1.2309
2026-01-01T04:13:09,lb-01,1.8696
2026-01-01T04:13:36,db-02,0.7534
2026-01-01T04:13:51,lb-01,0.0523
2026-01-01T04:14:21,web-01,14.1918
2026-01-01T04:14:41,web-04,0.7870
2026-01-01T04:14:50,hd-01,8.9206
2026-01-01T04:15:27,net-04,4.5753
2026-01-01T04:15:33,net-04,3.1997
2026-01-01T04:15:34,net-02,13.4464
2026-01-01T04:16:05,net-03,2.2437
2026-01-01T04:18:05,hd-01,1.2479
2026-01-01T04:19:07,net-04,1.4167
2026-01-01T04:20:05,lb-02,7.5954
2026-01-01T04:20:05,web-02,1.9096
2026-01-01T04:20:18,cache-01,0.8440
2026-01-01T04:20:32,db-02,0.9236
2026-01-01T04:20:40,net-04,0.3865
2026-01-01T04:20:48,lb-02,3.0806
2026-01-01T04:21:00,db-02,1.1621
2026-01-01T04:23:40,cache-01,2.6785
2026-01-01T04:24:02,cache-02,4.9438
2026-01-01T04:24:07,lb-02,6.9576
2026-01-01T04:24:13,net-03,0.3075
2026-01-01T04:25:58,db-01,6.6900
2026-01-01T04:27:27,net-02,0.9670
2026-01-01T04:27:40,web-04,0.1347
2026-01-01T04:28:04,cache-03,1.9530
2026-01-01T04:28:12,cache-02,6.0991
2026-01-01T04:28:46,web-02,0.7095
2026-01-01T04:30:25,cache-03,0.8375
2026-01-01T04:30:42,hd-01,3.6634
2026-01-01T04:32:39,net-03,1.4124
2026-01-01T04:33:11,lb-02,7.1388
2026-01-01T04:33:29,web-03,3.3812
2026-01-01T04:33:38,net-03,0.1860
2026-01-01T04:33:59,lb-02,1.9776
2026-01-01T04:37:41,net-03,20.9995
2026-01-01T04:39:12,lb-02,1.5669
2026-01-01T04:39:51,web-05,0.0546
2026-01-01T04:40:29,lb-01,1.6017
2026-01-01T04:40:41,web-04,0.5139
2026-01-01T04:40:48,net-03,1.2913
2026-01-01T04:40:52,db-02,1.2382
2026-01-01T04:41:14,web-05,0.0350
2026-01-01T04:41:26,net-02,2.7895
2026-01-01T04:42:53,lb-02,2.3029
2026-01-01T04:43:08,net-04,0.3020
2026-01-01T04:43:16,lb-01,1.9948
2026-01-01T04:43:50,db-01,0.9356
2026-01-01T04:46:31,lb-02,0.8332
2026-01-01T04:47:09,hd-02,10.2178
2026-01-01T04:47:52,hd-02,0.7007
2026-01-01T04:48:11,cache-02,7.7402
2026-01-01T04:48:31,lb-01,1.5663
2026-01-01T04:49:25,hd-02,0.9894
2026-01-01T04:49:43,hd-02,0.2370
2026-01-01T04:50:01,web-04,2.1896
2026-01-01T04:50:08,cache-03,11.0239
2026-01-01T04:51:24,lb-01,1.3993
2026-01-01T04:51:53,hd-01,4.1919
2026-01-01T04:52:27,hd-01,2.0082
2026-01-01T04:52:57,cache-02,0.8017
2026-01-01T04:54:14,net-03,0.6613
2026-01-01T04:55:39,cache-02,5.1267
2026-01-01T04:55:54,net-01,2.7931
2026-01-01T04:57:12,net-01,0.5712
2026-01-01T04:58:01,web-03,1.0599
2026-01-01T04:58:09,net-03,11.2863
2026-01-01T04:58:30,net-04,3.2307
2026-01-01T04:58:30,hd-01,5.2348
2026-01-01T04:59:20,lb-02,3.8888
2026-01-01T04:59:21,web-05,2.3194
2026-01-01T04:59:24,db-03,0.9234
2026-01-01T04:59:32,lb-02,1.7724
2026-01-01T04:59:33,net-04,0.0133
2026-01-01T04:59:51,web-02,1.7757
2026-01-01T04:59:52,net-03,8.4710
2026-01-01T04:59:58,net-02,2.0233
2026-01-01T05:01:30,cache-02,2.8378
2026-01-01T05:01:36,hd-02,0.1186
2026-01-01T05:01:58,net-02,6.5633
2026-01-01T05:02:22,net-03,2.1351
2026-01-01T05:02:22,db-01,2.5596
2026-01-01T05:03:23,hd-01,3.4676
2026-01-01T05:03:35,hd-02,0.2334
2026-01-01T05:04:31,db-02,1.4784
2026-01-01T05:05:06,net-02,3.2150
2026-01-01T05:05:11,net-04,4.2851
2026-01-01T05:05:12,cache-03,7.0112
2026-01-01T05:05:20,lb-01,4.8250
2026-01-01T05:05:22,web-01,0.3443
2026-01-01T05:06:15,lb-01,0.3297
2026-01-01T05:06:22,db-03,0.0859
2026-01-01T05:06:45,web-01,1.6403
2026-01-01T05:06:57,lb-01,0.1186
2026-01-01T05:07:20,lb-02,0.4500
2026-01-01T05:07:23,net-04,1.8824
2026-01-01T05:07:43,lb-02,4.0095
2026-01-01T05:08:10,web-05,4.7939
2026-01-01T05:08:13,cache-01,1.6162
2026-01-01T05:09:00,net-02,0.0434
2026-01-01T05:09:05,web-01,3.2840
2026-01-01T05:09:09,lb-01,1.9839
2026-01-01T05:09:14,hd-02,9.8823
2026-01-01T05:10:33,hd-01,10.6749
2026-01-01T05:10:35,web-05,1.7658
2026-01-01T05:10:46,hd-01,15.8404
2026-01-01T05:11:55,hd-01,2.9820
2026-01-01T05:12:26,net-02,0.9656
2026-01-01T05:12:41,lb-02,0.6798
2026-01-01T05:12:48,hd-01,1.4845
2026-01-01T05:13:08,net-02,1.8360
2026-01-01T05:14:04,lb-02,1.5900
2026-01-01T05:14:55,web-05,0.6283
2026-01-01T05:14:56,lb-01,15.4728
2026-01-01T05:14:58,hd-01,5.9303
2026-01-01T05:15:02,db-03,0.3937
2026-01-01T05:15:50,db-02,0.9983
2026-01-01T05:16:34,db-01,0.4157
2026-01-01T05:16:35,lb-01,1.5100
2026-01-01T05:17:21,cache-01,0.3999
2026-01-01T05:17:53,net-01,2.0700
2026-01-01T05:18:31,net-03,2.2050
2026-01-01T05:18:36,hd-01,0.1787
2026-01-01T05:19:09,db-03,0.3695
2026-01-01T05:21:11,hd-01,5.6642
2026-01-01T05:21:33,hd-01,1.2121
2026-01-01T05:21:51,web-02,0.0668
2026-01-01T05:22:01,lb-01,9.1285
2026-01-01T05:22:18,lb-01,1.4335
2026-01-01T05:23:03,db-01,0.0051
2026-01-01T05:23:47,hd-02,7.4472
2026-01-01T05:24:25,web-04,1.5161
2026-01-01T05:25:00,lb-01,0.7002
2026-01-01T05:25:36,lb-01,0.0560
2026-01-01T05:25:39,cache-01,18.5231
2026-01-01T05:25:39,lb-01,1.0374
2026-01-01T05:29:01,web-02,7.4948
2026-01-01T05:29:18,web-02,0.9546
2026-01-01T05:29:39,lb-01,3.2740
2026-01-01T05:30:06,cache-03,11.9018
2026-01-01T05:30:10,lb-02,2.8526
2026-01-01T05:30:44,hd-01,0.8681
2026-01-01T05:30:45,lb-01,1.3608
2026-01-01T05:31:20,hd-01,22.6207
2026-01-01T05:32:19,hd-01,0.2512
2026-01-01T05:33:09,lb-01,24.0115
2026-01-01T05:33:38,hd-02,0.4052
2026-01-01T05:33:42,net-03,1.3407
2026-01-01T05:34:11,cache-02,0.9802
2026-01-01T05:34:18,db-03,2.4093
2026-01-01T05:34:37,web-02,3.0170
2026-01-01T05:35:05,lb-02,1.6270
2026-01-01T05:35:32,net-01,0.8202
2026-01-01T05:35:45,lb-02,0.2618
2026-01-01T05:36:42,hd-01,0.5468
2026-01-01T05:36:53,cache-02,1.3414
2026-01-01T05:37:21,net-04,2.2274
2026-01-01T05:37:26,web-05,1.0814
2026-01-01T05:38:12,lb-01,9.5057
2026-01-01T05:38:43,lb-01,6.6944
2026-01-01T05:39:16,db-01,16.4858
2026-01-01T05:39:36,net-02,0.3224
2026-01-01T05:39:43,db-02,3.2185
2026-01-01T05:40:09,db-02,2.3722
2026-01-01T05:40:44,hd-01,5.3274
2026-01-01T05:40:54,hd-01,1.0714
2026-01-01T05:41:36,web-03,0.9647
2026-01-01T05:41:51,net-02,3.9445
2026-01-01T05:41:58,lb-02,2.8105
2026-01-01T05:42:29,net-04,2.4303
2026-01-01T05:42:51,hd-02,0.3111
2026-01-01T05:43:00,web-04,6.4681
2026-01-01T05:43:05,cache-01,8.4244
2026-01-01T05:43:06,lb-02,0.8471
2026-01-01T05:43:31,db-01,0.7507
2026-01-01T05:44:08,lb-01,0.8652
2026-01-01T05:44:22,lb-02,0.4086
2026-01-01T05:44:51,lb-01,0.0151
2026-01-01T05:45:11,hd-01,0.5701
2026-01-01T05:46:59,db-01,2.3599
2026-01-01T05:47:08,hd-02,4.0507
2026-01-01T05:47:22,hd-02,0.0945
2026-01-01T05:47:33,net-03,2.1467
2026-01-01T05:50:12,hd-02,6.1289
2026-01-01T05:51:22,lb-01,3.0238
2026-01-01T05:52:37,cache-02,0.6300
2026-01-01T05:52:53,net-02,3.6521
2026-01-01T05:53:47,hd-02,1.7294
2026-01-01T05:54:51,hd-02,0.4503
2026-01-01T05:55:38,hd-01,2.8348
2026-01-01T05:55:59,lb-02,6.5530
2026-01-01T05:56:00,lb-01,0.7010
2026-01-01T05:56:48,lb-02,3.0364
2026-01-01T05:57:50,net-01,0.4514
2026-01-01T05:58:29,net-04,1.7908
2026-01-01T05:58:33,web-05,1.8029
2026-01-01T05:58:38,lb-01,3.3582
2026-01-01T05:58:40,net-04,0.3635
2026-01-01T05:59:13,net-03,4.3564
2026-01-01T05:59:33,web-04,0.5305
2026-01-01T06:01:04,web-05,1.7372
2026-01-01T06:01:38,net-01,1.1184
2026-01-01T06:01:49,db-02,0.8783
2026-01-01T06:03:26,lb-01,6.3772
2026-01-01T06:04:07,cache-03,5.1232
2026-01-01T06:04:07,hd-02,0.2706
2026-01-01T06:04:58,web-01,5.9001
2026-01-01T06:05:04,lb-02,0.7114
2026-01-01T06:06:03,web-05,2.4949
2026-01-01T06:06:25,lb-02,2.5089
2026-01-01T06:07:44,lb-01,8.6660
2026-01-01T06:08:08,db-01,0.1288
2026-01-01T06:08:13,cache-03,3.5903
2026-01-01T06:08:16,cache-01,1.9152
2026-01-01T06:08:36,web-02,39.6868
2026-01-01T06:09:03,cache-02,1.9610
2026-01-01T06:09:03,db-02,1.3806
2026-01-01T06:09:16,net-04,4.1265
2026-01-01T06:11:32,web-03,3.3612
2026-01-01T06:11:42,web-05,4.8935
2026-01-01T06:11:51,cache-03,1.6389
2026-01-01T06:11:53,cache-03,3.9252
2026-01-01T06:11:55,cache-01,3.9081
2026-01-01T06:12:58,lb-01,5.4349
2026-01-01T06:12:59,db-03,1.2100
2026-01-01T06:14:07,hd-01,3.9839
2026-01-01T06:14:10,net-02,6.9027
2026-01-01T06:14:35,hd-01,8.1367
2026-01-01T06:15:31,hd-01,9.9571
2026-01-01T06:15:32,web-01,8.1366
2026-01-01T06:15:56,hd-01,2.0304
2026-01-01T06:16:14,net-02,0.2774
2026-01-01T06:16:40,web-01,23.0435
2026-01-01T06:16:58,net-01,1.7350
2026-01-01T06:17:10,net-04,7.0078
2026-01-01T06:17:56,net-01,1.7961
2026-01-01T06:18:53,lb-02,10.8835
2026-01-01T06:19:20,web-04,0.4720
2026-01-01T06:19:24,cache-01,4.8345
2026-01-01T06:19:32,db-03,4.3946
2026-01-01T06:20:01,web-05,3.4747
2026-01-01T06:20:12,web-03,1.7576
2026-01-01T06:20:47,lb-02,2.2216
2026-01-01T06:20:52,web-01,1.7017
2026-01-01T06:21:08,hd-02,9.7565
2026-01-01T06:21:09,lb-02,1.1221
2026-01-01T06:22:03,net-03,1.7335
2026-01-01T06:22:21,cache-02,2.7343
2026-01-01T06:24:35,hd-01,1.3377
2026-01-01T06:25:45,hd-01,7.6302
2026-01-01T06:26:53,cache-01,1.6115
2026-01-01T06:27:40,hd-01,0.8850
2026-01-01T06:28:06,cache-03,0.9507
2026-01-01T06:28:12,web-03,7.0065
2026-01-01T06:28:19,lb-01,2.3647
2026-01-01T06:28:52,cache-03,0.1183
2026-01-01T06:29:25,db-01,0.4565
2026-01-01T06:30:29,hd-01,0.3354
2026-01-01T06:30:42,hd-01,0.1306
2026-01-01T06:31:00,lb-01,0.9788
2026-01-01T06:31:04,web-02,8.4594
2026-01-01T06:32:22,web-04,0.9953
2026-01-01T06:32:28,lb-02,20.6402
2026-01-01T06:33:09,db-02,0.8066
2026-01-01T06:33:57,web-02,6.7122
2026-01-01T06:35:25,web-02,2.7728
2026-01-01T06:35:40,db-01,2.6153
2026-01-01T06:36:04,cache-01,11.2023
2026-01-01T06:36:16,hd-01,1.7549
2026-01-01T06:37:12,net-04,0.4858
2026-01-01T06:37:24,web-03,1.9251
2026-01-01T06:37:31,web-02,0.2601
2026-01-01T06:37:52,cache-03,4.0138
2026-01-01T06:38:58,cache-03,4.8130
2026-01-01T06:39:18,lb-02,4.5066
2026-01-01T06:39:50,db-03,0.3256
2026-01-01T06:40:05,net-03,1.9702
2026-01-01T06:40:16,cache-03,3.8876
2026-01-01T06:41:01,lb-02,5.4630
2026-01-01T06:42:08,db-02,0.8884
2026-01-01T06:42:11,cache-02,5.5535
2026-01-01T06:42:22,db-02,0.1528
2026-01-01T06:43:08,db-02,3.4332
2026-01-01T06:43:14,lb-02,0.5720
2026-01-01T06:43:55,web-04,26.1917
2026-01-01T06:44:42,net-02,5.6894
2026-01-01T06:45:47,net-02,0.1329
2026-01-01T06:45:53,hd-02,6.4049
2026-01-01T06:45:55,net-01,3.3653
2026-01-01T06:46:19,hd-01,7.4497
2026-01-01T06:46:47,db-02,0.3805
2026-01-01T06:46:54,net-01,8.3358
2026-01-01T06:47:24,lb-02,1.4207
2026-01-01T06:47:31,lb-02,2.2189
2026-01-01T06:48:12,hd-01,0.2358
2026-01-01T06:48:45,db-02,0.6907
2026-01-01T06:49:36,web-03,1.3633
2026-01-01T06:49:54,hd-02,3.1802
2026-01-01T06:50:27,db-01,1.0400
2026-01-01T06:50:57,net-04,0.0607
2026-01-01T06:51:03,cache-02,0.6860
2026-01-01T06:51:10,web-05,14.9812
2026-01-01T06:51:16,cache-03,1.2173
2026-01-01T06:52:21,net-02,0.8427
2026-01-01T06:52:52,hd-01,8.2205
2026-01-01T06:53:09,net-02,0.2937
2026-01-01T06:54:12,lb-02,1.0267
2026-01-01T06:54:19,lb-01,3.4308
2026-01-01T06:55:10,db-02,2.1147
2026-01-01T06:55:38,web-03,8.5558
2026-01-01T06:56:23,web-03,0.1539
2026-01-01T06:56:29,web-05,6.1307
2026-01-01T06:57:01,db-03,2.8127
2026-01-01T06:57:45,lb-01,1.4154
2026-01-01T06:58:22,lb-01,0.8349
2026-01-01T06:58:55,cache-02,5.2511
2026-01-01T06:59:09,lb-01,4.0567
2026-01-01T07:00:12,cache-02,4.6547
2026-01-01T07:00:12,net-01,0.0510
2026-01-01T07:00:21,db-01,4.0656
2026-01-01T07:00:51,db-03,0.2535
2026-01-01T07:01:36,lb-02,2.0195
2026-01-01T07:02:28,cache-03,0.4067
2026-01-01T07:05:04,net-04,8.1958
2026-01-01T07:05:05,cache-03,2.5331
2026-01-01T07:06:03,web-04,0.9568
2026-01-01T07:06:07,hd-01,1.8401
2026-01-01T07:06:22,db-03,1.5627
2026-01-01T07:06:47,net-04,0.4746
2026-01-01T07:07:00,lb-02,14.3258
2026-01-01T07:07:07,db-01,0.1198
2026-01-01T07:07:50,db-03,0.3218
2026-01-01T07:08:00,lb-01,0.8359
2026-01-01T07:08:07,cache-02,3.0633
2026-01-01T07:08:40,web-05,0.9328
2026-01-01T07:08:54,db-02,6.6927
2026-01-01T07:09:01,web-04,2.7387
2026-01-01T07:10:41,net-01,4.7473
2026-01-01T07:10:47,net-03,0.3453
2026-01-01T07:11:28,db-01,3.2525
2026-01-01T07:12:37,hd-01,3.4540
2026-01-01T07:12:54,net-03,0.3561
2026-01-01T07:13:17,lb-01,3.4796
2026-01-01T07:14:10,lb-01,5.4979
2026-01-01T07:14:26,net-01,0.5377
2026-01-01T07:15:45,db-03,0.4153
2026-01-01T07:17:52,db-01,1.0199
2026-01-01T07:18:59,hd-01,2.0674
2026-01-01T07:19:48,db-02,0.3199
2026-01-01T07:20:09,db-02,1.7785
2026-01-01T07:20:48,db-02,1.4079
2026-01-01T07:24:25,net-04,0.1924
2026-01-01T07:24:28,cache-03,2.9554
2026-01-01T07:24:46,db-01,0.7973
2026-01-01T07:25:06,hd-01,0.8353
2026-01-01T07:25:14,hd-02,3.0152
2026-01-01T07:25:52,hd-02,2.4501
2026-01-01T07:26:23,net-02,0.2591
2026-01-01T07:27:14,net-04,7.7291
2026-01-01T07:27:16,net-02,26.3753
2026-01-01T07:27:48,lb-02,9.0182
2026-01-01T07:28:17,net-03,1.5980
2026-01-01T07:29:48,net-02,2.4372
2026-01-01T07:30:15,web-02,3.2305
2026-01-01T07:30:27,web-02,2.1868
2026-01-01T07:30:30,web-01,4.0332
2026-01-01T07:30:54,net-03,2.5760
2026-01-01T07:31:17,net-02,0.4638
2026-01-01T07:31:27,db-01,2.2036
2026-01-01T07:32:02,net-03,0.0647
2026-01-01T07:32:23,net-01,5.3541
2026-01-01T07:34:08,net-02,8.8257
2026-01-01T07:34:48,cache-01,0.1609
2026-01-01T07:35:10,cache-01,2.6129
2026-01-01T07:35:56,db-02,0.3512
2026-01-01T07:35:59,net-02,29.0939
2026-01-01T07:36:29,web-05,7.4450
2026-01-01T07:36:42,web-04,4.3158
2026-01-01T07:37:12,db-03,0.4719
2026-01-01T07:37:39,net-04,3.0250
2026-01-01T07:38:06,web-05,0.3674
2026-01-01T07:38:59,web-03,5.4783
2026-01-01T07:40:39,hd-02,0.1578
2026-01-01T07:41:10,net-04,0.8911
2026-01-01T07:41:11,hd-02,0.5455
2026-01-01T07:41:40,web-02,1.0468
2026-01-01T07:41:58,net-04,2.1652
2026-01-01T07:42:27,hd-01,0.1530
2026-01-01T07:42:33,web-04,3.1143
2026-01-01T07:42:46,hd-02,0.7196
2026-01-01T07:42:51,db-03,0.1761
2026-01-01T07:43:33,net-02,7.9132
2026-01-01T07:44:04,web-05,3.0166
2026-01-01T07:44:23,cache-02,1.7980
2026-01-01T07:44:29,hd-01,6.1181
2026-01-01T07:45:03,cache-03,0.4258
2026-01-01T07:45:16,hd-01,1.3338
2026-01-01T07:45:24,db-03,0.7141
2026-01-01T07:45:58,db-02,0.7741
2026-01-01T07:46:18,db-03,6.0890
2026-01-01T07:46:47,hd-02,2.1476
2026-01-01T07:46:47,db-03,0.2949
2026-01-01T07:48:18,net-04,5.7242
2026-01-01T07:48:36,net-02,0.4166
2026-01-01T07:48:47,db-03,0.3709
2026-01-01T07:48:52,lb-01,0.9172
2026-01-01T07:49:36,web-02,0.5307
2026-01-01T07:49:37,lb-01,21.7443
2026-01-01T07:50:14,lb-01,1.2330
2026-01-01T07:50:28,hd-01,0.7835
2026-01-01T07:50:43,hd-02,5.1427
2026-01-01T07:51:01,cache-03,38.4714
2026-01-01T07:51:13,cache-03,0.6208
2026-01-01T07:51:52,net-03,0.1419
2026-01-01T07:52:14,lb-01,1.0754
2026-01-01T07:52:31,hd-01,4.9581
2026-01-01T07:52:42,db-01,1.9470
2026-01-01T07:53:10,db-02,0.0787
2026-01-01T07:53:52,hd-01,24.3314
2026-01-01T07:54:11,cache-03,0.9017
2026-01-01T07:56:02,db-03,1.6349
2026-01-01T07:56:09,cache-02,7.0343
2026-01-01T07:57:16,hd-01,3.2841
2026-01-01T07:57:36,lb-01,9.6159
2026-01-01T07:58:12,web-04,1.3407
2026-01-01T07:58:51,web-04,0.1665
2026-01-01T07:59:06,db-03,5.8099
2026-01-01T07:59:08,web-01,2.2710
2026-01-01T07:59:09,net-03,0.8473
2026-01-01T07:59:44,hd-02,1.1188
2026-01-01T08:00:09,cache-01,3.6679
2026-01-01T08:02:13,net-03,0.5640
2026-01-01T08:02:29,db-01,2.6825
2026-01-01T08:02:34,db-02,0.1260
2026-01-01T08:03:51,lb-01,0.7617
2026-01-01T08:04:24,db-01,17.1025
2026-01-01T08:04:30,hd-02,6.7558
2026-01-01T08:05:05,lb-01,4.6923
2026-01-01T08:05:08,lb-02,0.4431
2026-01-01T08:05:08,hd-01,6.8476
2026-01-01T08:05:22,web-03,0.4680
2026-01-01T08:05:46,hd-02,5.1836
2026-01-01T08:05:58,net-02,0.1294
2026-01-01T08:06:08,net-04,3.2335
2026-01-01T08:06:44,net-02,0.0099
2026-01-01T08:07:48,lb-02,0.3170
2026-01-01T08:08:05,hd-02,3.6341
2026-01-01T08:09:11,cache-01,1.8507
2026-01-01T08:10:42,web-04,0.3349
2026-01-01T08:10:48,net-04,0.2615
2026-01-01T08:10:59,net-04,17.1477
2026-01-01T08:11:15,hd-02,2.9504
2026-01-01T08:12:34,net-04,0.1007
2026-01-01T08:12:42,web-01,4.7317
2026-01-01T08:14:10,web-04,16.1136
2026-01-01T08:14:49,web-03,1.5541
2026-01-01T08:15:35,hd-02,1.0182
2026-01-01T08:17:03,cache-01,0.7007
2026-01-01T08:17:43,hd-02,68.1128
2026-01-01T08:17:51,cache-01,0.0381
2026-01-01T08:17:52,db-03,0.6282
2026-01-01T08:18:28,hd-01,0.1189
2026-01-01T08:19:04,web-01,0.3204
2026-01-01T08:19:30,lb-02,0.5580
2026-01-01T08:19:56,hd-01,0.7082
2026-01-01T08:20:02,db-02,0.5003
2026-01-01T08:20:44,web-02,0.2923
2026-01-01T08:21:18,net-02,9.2657
2026-01-01T08:21:36,hd-02,7.1288
2026-01-01T08:21:48,db-02,2.0248
2026-01-01T08:22:22,hd-01,3.1712
2026-01-01T08:22:22,lb-02,1.1371
2026-01-01T08:22:47,net-01,1.1078
2026-01-01T08:22:56,lb-01,22.8268
2026-01-01T08:23:23,net-02,1.8622
2026-01-01T08:23:34,cache-01,17.6322
2026-01-01T08:24:43,db-02,1.6333
2026-01-01T08:25:41,cache-03,7.9174
2026-01-01T08:26:26,cache-01,3.4196
2026-01-01T08:27:04,web-03,0.7334
2026-01-01T08:27:36,web-02,9.4769
2026-01-01T08:28:31,web-02,0.0981
2026-01-01T08:28:56,hd-02,2.0235
2026-01-01T08:31:04,cache-01,3.6342
2026-01-01T08:31:08,net-04,1.9530
2026-01-01T08:31:37,hd-01,2.5122
2026-01-01T08:31:48,db-01,0.0320
2026-01-01T08:31:53,cache-02,14.4880
2026-01-01T08:32:08,db-02,6.1563
2026-01-01T08:33:27,net-02,5.4959
2026-01-01T08:33:40,db-01,0.3534
2026-01-01T08:34:04,lb-01,0.1024
2026-01-01T08:34:32,web-03,3.0011
2026-01-01T08:35:41,web-04,4.2923
2026-01-01T08:36:26,cache-01,7.6644
2026-01-01T08:36:46,db-02,5.9190
2026-01-01T08:37:16,db-03,1.4125
2026-01-01T08:37:25,web-05,2.5767
2026-01-01T08:37:45,net-04,0.1824
2026-01-01T08:38:16,web-05,0.2441
2026-01-01T08:39:14,web-02,0.5288
2026-01-01T08:39:56,hd-01,7.8403
2026-01-01T08:42:09,lb-02,0.2709
2026-01-01T08:42:18,db-02,1.1804
2026-01-01T08:42:19,lb-02,0.0562
2026-01-01T08:42:24,cache-02,1.3231
2026-01-01T08:42:34,net-01,1.1363
2026-01-01T08:42:42,lb-02,0.2766
2026-01-01T08:43:15,lb-01,0.8100
2026-01-01T08:44:07,lb-02,4.4869
2026-01-01T08:44:55,cache-02,0.3000
2026-01-01T08:44:59,lb-02,0.3792
2026-01-01T08:46:05,cache-02,0.0071
2026-01-01T08:46:37,hd-01,0.5973
2026-01-01T08:47:16,db-02,6.9945
2026-01-01T08:47:38,db-01,0.1186
2026-01-01T08:47:51,db-01,2.7279
2026-01-01T08:48:38,web-05,7.1029
2026-01-01T08:48:43,db-03,8.1886
2026-01-01T08:49:01,lb-02,11.9976
2026-01-01T08:49:56,lb-01,12.8531
2026-01-01T08:50:35,net-03,1.6132
2026-01-01T08:50:51,hd-01,1.7850
2026-01-01T08:51:41,web-02,1.5452
2026-01-01T08:51:43,db-01,5.7686
2026-01-01T08:51:47,web-02,1.6344
2026-01-01T08:52:18,hd-02,0.4456
2026-01-01T08:52:43,lb-01,0.6197
2026-01-01T08:54:28,lb-02,0.0834
2026-01-01T08:54:49,net-02,3.1538
2026-01-01T08:55:33,db-02,1.5059
2026-01-01T08:55:37,hd-01,2.7617
2026-01-01T08:56:13,web-02,1.9089
2026-01-01T08:56:46,hd-02,3.7840
2026-01-01T08:56:51,lb-02,7.3304
2026-01-01T08:57:46,web-04,1.3078
2026-01-01T08:58:25,hd-01,3.6760
2026-01-01T08:58:44,hd-02,6.5903
2026-01-01T08:59:29,net-04,0.9561
2026-01-01T08:59:39,lb-02,0.2213
2026-01-01T08:59:49,hd-02,0.2239
2026-01-01T08:59:55,net-02,0.6345
2026-01-01T09:00:35,web-04,1.3229
2026-01-01T09:01:03,cache-03,1.1129
2026-01-01T09:01:04,cache-03,3.8092
2026-01-01T09:01:15,cache-02,0.8527
2026-01-01T09:02:06,hd-01,2.8868
2026-01-01T09:02:16,web-03,3.1206
2026-01-01T09:02:24,cache-01,0.6320
2026-01-01T09:04:05,lb-01,6.8080
2026-01-01T09:04:08,web-01,11.0674
2026-01-01T09:04:23,web-01,1.3864
2026-01-01T09:04:44,net-02,3.0026
2026-01-01T09:04:51,cache-02,3.6889
2026-01-01T09:05:29,lb-01,0.4634
2026-01-01T09:05:57,net-01,3.3006
2026-01-01T09:06:18,hd-02,0.1592
2026-01-01T09:06:20,net-01,0.8300
2026-01-01T09:07:59,web-01,7.9815
2026-01-01T09:08:25,db-01,1.1498
2026-01-01T09:08:34,lb-01,3.8018
2026-01-01T09:08:49,lb-01,1.1393
2026-01-01T09:09:09,hd-02,2.5840
2026-01-01T09:09:36,net-02,0.3658
2026-01-01T09:10:02,hd-01,0.0246
2026-01-01T09:10:29,cache-02,0.7192
2026-01-01T09:10:35,cache-03,0.5386
2026-01-01T09:11:06,net-01,3.8853
2026-01-01T09:11:18,hd-02,0.4637
2026-01-01T09:12:01,web-02,0.9042
2026-01-01T09:12:10,db-01,1.7568
2026-01-01T09:12:42,web-03,1.1246
2026-01-01T09:13:12,db-02,2.9026
2026-01-01T09:13:58,hd-02,1.6744
2026-01-01T09:13:59,hd-02,0.9249
2026-01-01T09:14:32,hd-02,3.2199
2026-01-01T09:14:51,cache-02,0.1428
2026-01-01T09:16:14,lb-02,4.0332
2026-01-01T09:16:17,cache-01,3.1096
2026-01-01T09:16:29,cache-01,5.2393
2026-01-01T09:16:50,web-03,6.8291
2026-01-01T09:17:21,web-03,0.7846
2026-01-01T09:18:23,web-01,0.2026
2026-01-01T09:18:53,db-01,0.0129
2026-01-01T09:19:43,db-02,1.6694
2026-01-01T09:19:52,hd-01,0.4871
2026-01-01T09:20:47,db-03,4.0126
2026-01-01T09:20:52,hd-01,0.8124
2026-01-01T09:21:26,net-04,3.7202
2026-01-01T09:22:18,web-01,4.8273
2026-01-01T09:22:19,lb-02,1.2004
2026-01-01T09:22:47,web-02,5.3141
2026-01-01T09:23:15,net-04,1.6650
2026-01-01T09:23:15,hd-01,5.4151
2026-01-01T09:23:46,db-02,3.1034
2026-01-01T09:23:50,lb-02,4.0067
2026-01-01T09:23:59,db-03,0.0982
2026-01-01T09:24:00,lb-02,16.2820
2026-01-01T09:24:32,web-04,3.2829
2026-01-01T09:24:52,db-02,4.4393
2026-01-01T09:26:04,hd-02,1.4142
2026-01-01T09:26:05,net-03,0.1518
2026-01-01T09:26:33,cache-02,2.0330
2026-01-01T09:26:35,cache-02,4.1823
2026-01-01T09:26:41,net-03,2.3951
2026-01-01T09:27:23,net-04,2.4343
2026-01-01T09:30:19,db-01,1.3862
2026-01-01T09:31:03,lb-02,4.5470
2026-01-01T09:31:09,web-03,3.5854
2026-01-01T09:31:10,web-03,26.7948
2026-01-01T09:32:03,web-03,0.2453
2026-01-01T09:32:25,hd-02,3.5106
2026-01-01T09:32:37,cache-01,1.4325
2026-01-01T09:32:47,db-02,2.3213
2026-01-01T09:33:26,net-03,0.5122
2026-01-01T09:33:34,cache-01,8.3589
2026-01-01T09:33:47,db-02,1.4834
2026-01-01T09:34:34,db-01,3.3925
2026-01-01T09:35:00,cache-03,0.0868
2026-01-01T09:35:47,lb-01,2.4046
2026-01-01T09:36:20,hd-02,18.6996
2026-01-01T09:36:33,lb-02,0.3847
2026-01-01T09:36:57,hd-01,5.5838
2026-01-01T09:37:02,web-03,11.4363
2026-01-01T09:37:35,net-03,2.8002
2026-01-01T09:37:40,db-02,31.7856
2026-01-01T09:38:37,cache-03,3.3748
2026-01-01T09:38:51,lb-01,3.4134
2026-01-01T09:39:02,web-05,3.2200
2026-01-01T09:39:33,cache-01,7.7325
2026-01-01T09:39:33,hd-02,3.3073
2026-01-01T09:40:11,lb-02,2.1113
2026-01-01T09:40:19,cache-01,5.7498
2026-01-01T09:40:53,net-01,6.7734
2026-01-01T09:42:15,db-02,2.0018
2026-01-01T09:42:47,db-03,15.8136
2026-01-01T09:43:07,web-05,2.6030
2026-01-01T09:43:15,lb-02,1.7670
2026-01-01T09:43:15,db-02,9.7422
2026-01-01T09:43:46,cache-02,9.6779
2026-01-01T09:44:17,cache-03,0.8671
2026-01-01T09:45:39,lb-01,2.1415
2026-01-01T09:46:23,cache-03,10.2840
2026-01-01T09:46:26,lb-01,0.7312
2026-01-01T09:47:07,db-02,3.1218
2026-01-01T09:47:16,db-02,65.9194
2026-01-01T09:47:50,hd-01,14.1646
2026-01-01T09:47:54,net-03,8.6441
2026-01-01T09:49:23,lb-02,6.8430
2026-01-01T09:49:45,net-01,3.4173
2026-01-01T09:50:15,db-02,1.1407
2026-01-01T09:50:23,cache-03,0.2417
2026-01-01T09:50:50,db-03,22.0425
2026-01-01T09:51:41,hd-01,0.1128
2026-01-01T09:52:01,lb-02,1.5772
2026-01-01T09:52:06,web-03,0.8420
2026-01-01T09:52:26,net-02,1.4632
2026-01-01T09:52:33,net-02,2.1735
2026-01-01T09:52:37,lb-01,0.6038
2026-01-01T09:53:02,web-05,1.6338
2026-01-01T09:54:09,hd-02,0.9800
2026-01-01T09:55:12,web-03,1.1438
2026-01-01T09:56:13,hd-02,0.2126
2026-01-01T09:56:44,web-03,4.0658
2026-01-01T09:56:47,lb-02,1.4859
2026-01-01T09:56:48,lb-02,0.8845
2026-01-01T09:57:25,web-01,0.4128
2026-01-01T09:57:32,net-02,1.4253
2026-01-01T09:58:25,hd-02,0.1846
2026-01-01T09:58:28,cache-03,100.0000
2026-01-01T09:58:40,lb-01,0.7378
2026-01-01T09:58:44,hd-02,17.4298
2026-01-01T09:59:12,cache-01,4.1941
2026-01-01T10:00:12,web-02,1.4886
2026-01-01T10:00:54,lb-02,0.0953
2026-01-01T10:01:27,db-02,4.7635
2026-01-01T10:03:08,db-03,2.8432
2026-01-01T10:03:37,web-02,3.6684
2026-01-01T10:03:53,cache-01,2.0508
2026-01-01T10:04:34,hd-01,0.9488
2026-01-01T10:05:17,db-03,2.8180
2026-01-01T10:06:04,net-02,3.1502
2026-01-01T10:06:18,lb-02,4.2537
2026-01-01T10:06:24,web-05,0.7277
2026-01-01T10:06:45,cache-03,2.6143
2026-01-01T10:06:54,hd-02,3.0215
2026-01-01T10:07:46,hd-02,0.0667
2026-01-01T10:07:46,db-03,0.7047
2026-01-01T10:09:29,db-01,0.6882
2026-01-01T10:09:51,db-02,3.3616
2026-01-01T10:10:20,web-05,20.7642
2026-01-01T10:10:49,web-01,1.0043
2026-01-01T10:13:25,hd-02,3.9929
2026-01-01T10:13:48,net-03,1.7566
2026-01-01T10:14:18,lb-01,0.5168
2026-01-01T10:14:39,db-01,2.0449
2026-01-01T10:14:46,lb-02,1.4619
2026-01-01T10:15:24,lb-01,32.8944
2026-01-01T10:15:32,lb-01,1.9617
2026-01-01T10:16:27,db-03,2.6714
2026-01-01T10:16:48,cache-02,0.6035
2026-01-01T10:17:06,web-01,1.0804
2026-01-01T10:18:34,lb-02,1.1592
2026-01-01T10:18:43,lb-02,1.6434
2026-01-01T10:19:03,hd-02,14.5743
2026-01-01T10:19:30,hd-02,1.1316
2026-01-01T10:20:08,web-01,9.8350
2026-01-01T10:20:27,net-03,0.9985
2026-01-01T10:20:38,hd-02,1.3359
2026-01-01T10:22:06,lb-02,3.4795
2026-01-01T10:22:19,lb-02,18.9973
2026-01-01T10:23:18,web-02,1.2014
2026-01-01T10:23:42,lb-01,0.2054
2026-01-01T10:25:03,cache-03,4.5429
2026-01-01T10:25:18,lb-02,0.6410
2026-01-01T10:26:20,cache-02,0.6698
2026-01-01T10:26:44,hd-01,8.9982
2026-01-01T10:28:01,db-03,13.0423
2026-01-01T10:28:30,db-02,0.5537
2026-01-01T10:28:34,lb-02,0.8131
2026-01-01T10:28:53,web-02,1.7265
2026-01-01T10:28:59,lb-02,0.0311
2026-01-01T10:29:10,cache-02,5.0216
2026-01-01T10:30:26,hd-02,0.0676
2026-01-01T10:30:39,db-01,7.2473
2026-01-01T10:31:29,db-01,0.7623
2026-01-01T10:31:53,hd-01,0.4336
2026-01-01T10:32:23,web-05,16.2791
2026-01-01T10:32:52,web-05,0.2466
2026-01-01T10:32:52,hd-02,4.1774
2026-01-01T10:33:13,cache-03,0.4717
2026-01-01T10:33:14,net-01,0.5473
2026-01-01T10:33:21,net-01,0.7227
2026-01-01T10:33:36,lb-01,0.6421
2026-01-01T10:34:16,net-04,0.0542
2026-01-01T10:34:22,net-03,1.1793
2026-01-01T10:34:40,web-02,0.6249
2026-01-01T10:34:43,hd-02,2.4962
2026-01-01T10:34:53,lb-01,0.3703
2026-01-01T10:36:00,cache-01,6.9068
2026-01-01T10:36:03,lb-01,23.2175
2026-01-01T10:36:37,web-03,0.8858
2026-01-01T10:37:18,web-01,3.0022
2026-01-01T10:37:41,db-02,11.0674
2026-01-01T10:38:39,db-01,1.7331
2026-01-01T10:38:59,web-02,0.9893
2026-01-01T10:39:14,db-01,1.2558
2026-01-01T10:40:52,lb-02,0.6501
2026-01-01T10:42:54,db-01,2.4166
2026-01-01T10:42:56,cache-03,12.4082
2026-01-01T10:43:10,cache-02,4.5362
2026-01-01T10:43:24,lb-01,4.3319
2026-01-01T10:43:25,web-03,1.9092
2026-01-01T10:45:08,web-05,17.1566
2026-01-01T10:46:29,cache-01,2.0273
2026-01-01T10:46:44,web-02,1.3105
2026-01-01T10:46:52,hd-02,0.0744
2026-01-01T10:47:15,db-01,1.9486
2026-01-01T10:47:29,db-01,0.4334
2026-01-01T10:47:35,hd-02,8.5859
2026-01-01T10:48:15,hd-02,1.8306
2026-01-01T10:48:41,db-03,3.0291
2026-01-01T10:49:27,hd-02,2.3870
2026-01-01T10:50:22,web-03,6.9573
2026-01-01T10:50:53,db-03,3.9665
2026-01-01T10:51:28,lb-02,1.3947
2026-01-01T10:51:34,lb-01,0.7828
2026-01-01T10:52:14,cache-01,0.3184
2026-01-01T10:52:19,lb-01,7.6087
2026-01-01T10:52:53,lb-02,3.2473
2026-01-01T10:53:08,lb-01,5.3838
2026-01-01T10:54:03,lb-01,2.3731
2026-01-01T10:55:10,net-02,5.4924
2026-01-01T10:55:23,lb-02,0.1555
2026-01-01T10:56:37,web-04,0.0159
2026-01-01T10:57:54,web-05,3.5123
2026-01-01T10:58:13,db-03,0.0685
2026-01-01T10:58:14,lb-02,1.3948
2026-01-01T10:58:28,net-04,5.1486
2026-01-01T10:58:45,db-03,2.6599
2026-01-01T10:59:39,lb-02,0.5628
2026-01-01T11:00:06,hd-02,0.4513
2026-01-01T11:00:28,lb-01,3.3358
2026-01-01T11:00:28,net-03,0.2477
2026-01-01T11:01:36,hd-02,3.6302
2026-01-01T11:02:58,db-01,1.5427
2026-01-01T11:03:06,cache-02,0.1481
2026-01-01T11:03:56,db-01,1.9736
2026-01-01T11:04:02,db-03,1.5183
2026-01-01T11:04:05,web-02,1.4645
2026-01-01T11:04:21,cache-01,0.4883
2026-01-01T11:04:27,hd-01,5.0048
2026-01-01T11:05:21,cache-02,0.4270
2026-01-01T11:05:37,db-02,2.0093
2026-01-01T11:05:38,db-02,0.1857
2026-01-01T11:05:54,cache-03,2.4292
2026-01-01T11:05:59,web-04,1.1234
2026-01-01T11:06:07,hd-02,5.0245
2026-01-01T11:07:32,net-02,2.2443
2026-01-01T11:07:49,lb-01,1.2740
2026-01-01T11:08:12,lb-02,0.3641
2026-01-01T11:08:39,hd-02,1.0586
2026-01-01T11:09:00,hd-01,1.2132
2026-01-01T11:09:17,net-02,0.5641
2026-01-01T11:10:15,cache-03,0.7500
2026-01-01T11:10:39,db-02,1.3838
2026-01-01T11:10:40,net-03,12.9044
2026-01-01T11:11:39,db-03,8.1911
2026-01-01T11:12:39,db-01,0.1379
2026-01-01T11:12:42,hd-01,7.2573
2026-01-01T11:14:21,cache-02,2.9352
2026-01-01T11:15:19,lb-01,0.1039
2026-01-01T11:16:05,lb-02,0.4105
2026-01-01T11:17:28,cache-03,2.1615
2026-01-01T11:17:32,net-01,0.7673
2026-01-01T11:18:17,db-03,4.2611
2026-01-01T11:18:38,db-02,0.5962
2026-01-01T11:18:43,db-02,3.0204
2026-01-01T11:19:12,web-04,5.2320
2026-01-01T11:19:21,cache-01,3.9303
2026-01-01T11:20:05,cache-03,0.6436
2026-01-01T11:20:11,net-03,1.4364
2026-01-01T11:20:16,lb-02,6.7591
2026-01-01T11:21:12,net-03,2.2978
2026-01-01T11:23:06,web-03,19.6102
2026-01-01T11:23:07,db-02,0.6827
2026-01-01T11:24:16,lb-02,6.6245
2026-01-01T11:24:24,cache-03,23.6420
2026-01-01T11:25:41,net-03,0.1703
2026-01-01T11:25:57,db-02,1.8418
2026-01-01T11:26:11,cache-02,2.9105
2026-01-01T11:27:00,net-02,1.9750
2026-01-01T11:27:34,net-03,9.1079
2026-01-01T11:27:48,net-02,55.3342
2026-01-01T11:27:59,db-03,1.3662
2026-01-01T11:29:29,cache-01,18.6010
2026-01-01T11:30:18,cache-02,0.4631
2026-01-01T11:30:45,lb-01,0.5103
2026-01-01T11:30:53,hd-02,11.1637
2026-01-01T11:31:11,web-03,0.4531
2026-01-01T11:31:44,db-02,4.7542
2026-01-01T11:32:09,db-02,0.0899
2026-01-01T11:32:37,cache-02,5.4625
2026-01-01T11:32:44,db-03,3.4312
2026-01-01T11:32:44,cache-01,4.4368
2026-01-01T11:32:44,lb-01,2.1881
2026-01-01T11:34:52,hd-02,4.8811
2026-01-01T11:34:56,db-03,1.8628
2026-01-01T11:35:04,net-01,5.4857
2026-01-01T11:35:18,cache-03,3.4829
2026-01-01T11:36:19,db-02,3.7511
2026-01-01T11:37:34,lb-01,0.3193
2026-01-01T11:38:13,db-02,5.1729
2026-01-01T11:38:48,net-02,7.3256
2026-01-01T11:39:32,hd-01,0.5309
2026-01-01T11:39:38,web-03,7.2314
2026-01-01T11:40:03,db-01,2.9304
2026-01-01T11:40:13,hd-01,1.4589
2026-01-01T11:40:13,db-01,0.2100
2026-01-01T11:40:23,db-01,7.7660
2026-01-01T11:40:31,web-04,1.3091
2026-01-01T11:40:56,cache-01,1.5192
2026-01-01T11:41:17,db-03,0.5764
2026-01-01T11:41:35,hd-02,1.2168
2026-01-01T11:41:59,net-03,1.1302
2026-01-01T11:42:16,hd-02,0.3829
2026-01-01T11:42:30,net-04,5.8619
2026-01-01T11:42:59,lb-01,5.8421
2026-01-01T11:43:49,net-03,12.6693
2026-01-01T11:45:00,web-05,0.2606
2026-01-01T11:45:18,db-03,11.7663
2026-01-01T11:46:00,lb-02,0.9334
2026-01-01T11:46:13,cache-02,3.6055
2026-01-01T11:46:15,db-03,1.6684
2026-01-01T11:47:04,net-02,1.3999
2026-01-01T11:47:12,lb-01,0.5792
2026-01-01T11:47:33,cache-03,0.6741
2026-01-01T11:48:15,lb-02,0.1078
2026-01-01T11:48:44,net-04,2.9302
2026-01-01T11:49:56,lb-02,0.2219
2026-01-01T11:50:35,db-01,1.0588
2026-01-01T11:50:35,hd-01,4.8038
2026-01-01T11:50:45,lb-02,2.2702
2026-01-01T11:50:58,lb-02,0.8426
2026-01-01T11:51:10,db-03,0.1563
2026-01-01T11:51:25,lb-02,0.2870
2026-01-01T11:52:05,web-05,0.7587
2026-01-01T11:52:23,net-02,1.1203
2026-01-01T11:52:40,db-02,24.0008
2026-01-01T11:52:54,cache-03,0.8882
2026-01-01T11:53:02,cache-01,1.1281
2026-01-01T11:53:50,hd-02,3.4243
2026-01-01T11:54:01,net-03,2.6334
2026-01-01T11:54:26,lb-01,0.1825
2026-01-01T11:54:35,db-02,0.4634
2026-01-01T11:55:03,web-01,3.5225
2026-01-01T11:55:05,net-01,33.0931
2026-01-01T11:55:24,cache-03,0.9768
2026-01-01T11:55:29,web-01,0.0212
2026-01-01T11:55:46,hd-02,3.6641
2026-01-01T11:55:49,cache-03,2.0870
2026-01-01T11:56:07,cache-02,1.2156
2026-01-01T11:56:30,lb-02,0.9904
2026-01-01T11:56:39,net-03,0.7475
2026-01-01T11:56:48,hd-02,1.7131
2026-01-01T11:57:00,lb-02,1.1426
2026-01-01T11:57:04,lb-02,2.6410
2026-01-01T11:57:09,web-05,5.2050
2026-01-01T11:57:29,net-03,3.9091
2026-01-01T11:57:51,cache-02,2.3335
2026-01-01T11:58:13,web-03,10.8384
2026-01-01T11:58:22,hd-01,1.0497
2026-01-01T11:58:37,db-01,7.7359
2026-01-01T11:59:10,db-02,0.6455
2026-01-01T11:59:10,hd-01,18.5729
2026-01-01T11:59:47,web-05,4.0104
2026-01-01T11:59:56,hd-02,3.9631
2026-01-01T12:00:23,db-02,0.2525
2026-01-01T12:00:24,lb-01,1.9292
2026-01-01T12:00:32,cache-02,0.1324
2026-01-01T12:00:40,hd-02,0.6211
2026-01-01T12:01:43,cache-03,2.6805
2026-01-01T12:02:05,net-04,1.9994
2026-01-01T12:02:10,db-03,1.1762
2026-01-01T12:02:11,net-01,1.3089
2026-01-01T12:04:14,hd-01,0.7202
2026-01-01T12:04:29,net-01,0.8156
2026-01-01T12:04:36,web-01,5.6883
2026-01-01T12:04:39,net-04,1.2906
2026-01-01T12:05:12,net-04,0.3217
2026-01-01T12:05:14,db-02,2.1119
2026-01-01T12:05:46,cache-01,5.1844
2026-01-01T12:05:49,web-03,11.8323
2026-01-01T12:06:23,lb-01,7.8756
2026-01-01T12:06:25,lb-02,15.6973
2026-01-01T12:06:32,web-05,3.0581
2026-01-01T12:06:33,lb-02,1.0991
2026-01-01T12:06:58,web-02,4.4575
2026-01-01T12:07:20,net-04,2.6009
2026-01-01T12:07:33,db-02,2.9504
2026-01-01T12:08:31,net-01,2.1043
2026-01-01T12:09:02,lb-02,0.3704
2026-01-01T12:10:33,net-01,8.8082
2026-01-01T12:10:34,net-03,0.3945
2026-01-01T12:10:40,net-02,21.1014
2026-01-01T12:12:26,hd-01,10.6055
2026-01-01T12:12:30,hd-01,1.1467
2026-01-01T12:13:10,web-01,7.7596
2026-01-01T12:13:23,web-04,1.6404
2026-01-01T12:13:49,db-03,1.7305
2026-01-01T12:14:56,cache-03,1.7908
2026-01-01T12:15:23,cache-02,1.6573
2026-01-01T12:15:56,lb-01,2.9879
2026-01-01T12:16:06,web-01,14.7926
2026-01-01T12:16:27,cache-02,1.1157
2026-01-01T12:16:45,lb-01,2.6309
2026-01-01T12:17:09,hd-01,0.6897
2026-01-01T12:17:23,web-02,0.6426
2026-01-01T12:17:38,hd-02,3.1205
2026-01-01T12:18:10,web-01,0.4359
2026-01-01T12:18:53,lb-02,3.7940
2026-01-01T12:19:05,db-01,11.9016
2026-01-01T12:21:01,cache-03,3.8143
2026-01-01T12:23:03,lb-02,1.2353
2026-01-01T12:23:23,db-03,0.4453
2026-01-01T12:23:37,cache-03,2.3212
2026-01-01T12:24:03,hd-02,6.5615
2026-01-01T12:24:15,lb-01,2.1820
2026-01-01T12:24:15,db-01,0.1348
2026-01-01T12:24:20,hd-02,8.2108
2026-01-01T12:24:49,cache-03,2.7961
2026-01-01T12:24:56,cache-02,1.4146
2026-01-01T12:24:58,lb-02,1.1302
2026-01-01T12:25:11,hd-01,2.8509
2026-01-01T12:25:52,cache-01,1.0394
2026-01-01T12:26:54,hd-01,1.4168
2026-01-01T12:26:57,db-01,0.3027
2026-01-01T12:27:56,lb-02,2.4387
2026-01-01T12:28:13,web-05,2.7409
2026-01-01T12:28:21,cache-02,7.1884
2026-01-01T12:28:34,hd-02,0.0549
2026-01-01T12:29:29,lb-02,1.5559
2026-01-01T12:30:11,net-03,6.7629
2026-01-01T12:30:17,net-01,6.4376
2026-01-01T12:30:18,cache-01,8.6802
2026-01-01T12:30:25,cache-02,0.3670
2026-01-01T12:30:38,cache-02,14.8173
2026-01-01T12:31:04,cache-01,5.1547
2026-01-01T12:31:06,db-01,0.5552
2026-01-01T12:32:02,lb-02,0.7147
2026-01-01T12:33:01,db-02,2.0474
2026-01-01T12:33:12,hd-02,3.4694
2026-01-01T12:34:02,web-05,2.1609
2026-01-01T12:34:47,db-02,2.4986
2026-01-01T12:35:26,hd-01,0.2887
2026-01-01T12:35:37,db-02,0.2890
2026-01-01T12:36:07,web-04,0.1955
2026-01-01T12:36:28,net-03,0.5649
2026-01-01T12:37:04,hd-01,2.0373
2026-01-01T12:38:13,web-04,0.5083
2026-01-01T12:38:21,web-01,0.6591
2026-01-01T12:38:22,hd-01,6.5896
2026-01-01T12:39:31,lb-01,3.4834
2026-01-01T12:39:48,hd-02,88.2116
2026-01-01T12:39:58,net-02,0.0111
2026-01-01T12:40:09,cache-02,2.3070
2026-01-01T12:40:16,net-01,2.9466
2026-01-01T12:41:41,db-03,6.6672
2026-01-01T12:41:51,lb-02,100.0000
2026-01-01T12:43:07,lb-01,11.1123
2026-01-01T12:43:27,cache-02,1.6311
2026-01-01T12:44:17,web-05,1.1964
2026-01-01T12:44:31,cache-03,3.9882
2026-01-01T12:44:46,hd-02,5.0855
2026-01-01T12:45:14,db-01,3.7291
2026-01-01T12:45:19,cache-03,7.9055
2026-01-01T12:45:43,hd-01,0.1613
2026-01-01T12:46:02,db-01,1.5886
2026-01-01T12:46:32,db-02,0.9519
2026-01-01T12:47:23,hd-02,0.8794
2026-01-01T12:47:50,web-04,0.0121
2026-01-01T12:47:51,hd-02,0.2119
2026-01-01T12:48:32,db-01,1.1845
2026-01-01T12:48:59,cache-02,8.2434
2026-01-01T12:49:05,db-02,0.1814
2026-01-01T12:49:12,hd-01,2.0741
2026-01-01T12:50:22,db-03,0.8663
2026-01-01T12:50:33,cache-01,2.7178
2026-01-01T12:50:44,cache-02,2.6999
2026-01-01T12:52:02,db-01,2.4418
2026-01-01T12:52:08,hd-01,1.4718
2026-01-01T12:52:39,db-03,0.9362
2026-01-01T12:52:41,cache-02,0.0421
2026-01-01T12:52:45,net-01,2.3172
2026-01-01T12:52:54,cache-01,1.0685
2026-01-01T12:54:08,db-03,0.0491
2026-01-01T12:54:13,db-01,1.6833
2026-01-01T12:54:16,cache-03,2.5607
2026-01-01T12:54:35,db-03,2.5255
2026-01-01T12:55:00,cache-03,0.6407
2026-01-01T12:55:20,cache-01,0.3066
2026-01-01T12:55:22,net-04,1.2978
2026-01-01T12:55:47,db-02,1.4787
2026-01-01T12:56:30,cache-02,9.6312
2026-01-01T12:57:04,web-02,17.3177
2026-01-01T12:57:37,cache-02,3.1743
2026-01-01T12:58:53,cache-02,2.7075
2026-01-01T12:59:00,cache-01,3.5151
2026-01-01T12:59:57,net-03,21.6198
2026-01-01T13:00:15,cache-02,0.1616
2026-01-01T13:01:14,cache-01,3.1640
2026-01-01T13:02:01,db-01,1.4061
2026-01-01T13:02:32,db-03,9.4638
2026-01-01T13:03:42,db-02,0.3502
2026-01-01T13:04:05,lb-02,7.8168
2026-01-01T13:04:31,lb-02,3.5035
2026-01-01T13:04:37,net-01,0.9032
2026-01-01T13:05:52,web-03,2.9929
2026-01-01T13:05:56,db-03,0.1670
2026-01-01T13:06:08,net-03,0.0223
2026-01-01T13:06:17,cache-03,0.2994
2026-01-01T13:07:00,db-03,0.6462
2026-01-01T13:07:23,hd-01,1.1626
2026-01-01T13:07:58,net-03,9.8319
2026-01-01T13:08:20,web-04,1.7886
2026-01-01T13:08:57,net-02,0.8911
2026-01-01T13:11:11,cache-02,1.2418
2026-01-01T13:11:25,net-01,0.6909
2026-01-01T13:11:39,hd-01,5.2867
2026-01-01T13:12:15,cache-02,2.9416
2026-01-01T13:13:48,db-01,4.8665
2026-01-01T13:14:31,net-03,1.4417
2026-01-01T13:16:24,hd-01,0.8040
2026-01-01T13:16:46,web-04,1.0083
2026-01-01T13:17:27,net-02,0.0450
2026-01-01T13:17:45,net-03,1.2758
2026-01-01T13:17:54,web-04,3.9060
2026-01-01T13:19:02,lb-01,4.2509
2026-01-01T13:19:30,db-01,1.5791
2026-01-01T13:19:52,hd-02,1.6615
2026-01-01T13:20:59,db-03,1.2428
2026-01-01T13:21:06,lb-02,0.7097
2026-01-01T13:21:31,cache-03,0.5983
2026-01-01T13:21:33,net-02,0.5311
2026-01-01T13:22:01,hd-02,2.6971
2026-01-01T13:22:05,db-03,2.4412
2026-01-01T13:22:49,lb-02,14.4026
2026-01-01T13:23:17,db-01,1.9922
2026-01-01T13:23:45,lb-01,1.9162
2026-01-01T13:24:06,net-01,2.4382
2026-01-01T13:24:08,db-01,0.6198
2026-01-01T13:24:09,db-01,4.6249
2026-01-01T13:24:30,db-03,0.4695
2026-01-01T13:25:02,web-05,15.8616
2026-01-01T13:25:20,lb-02,0.1142
2026-01-01T13:25:24,web-02,0.6297
2026-01-01T13:25:45,db-02,2.0658
2026-01-01T13:25:55,cache-01,0.0596
2026-01-01T13:26:55,hd-02,0.5107
2026-01-01T13:27:15,lb-02,0.0916
2026-01-01T13:27:19,db-01,0.2387
2026-01-01T13:27:47,db-01,0.2645
2026-01-01T13:27:49,lb-02,2.9714
2026-01-01T13:28:30,lb-02,10.0911
2026-01-01T13:29:08,web-04,0.1504
2026-01-01T13:29:38,lb-02,1.3612
2026-01-01T13:30:07,db-02,0.5401
2026-01-01T13:30:34,hd-01,10.3676
2026-01-01T13:31:30,db-01,1.3698
2026-01-01T13:32:07,lb-02,1.2990
2026-01-01T13:32:33,db-01,0.5378
2026-01-01T13:32:50,cache-03,5.0993
2026-01-01T13:33:24,db-01,1.1437
2026-01-01T13:33:27,cache-03,0.4200
2026-01-01T13:33:45,hd-01,0.3425
2026-01-01T13:34:08,hd-01,0.1198
2026-01-01T13:35:18,web-01,11.1203
2026-01-01T13:35:56,net-04,0.5817
2026-01-01T13:36:03,cache-01,0.3820
2026-01-01T13:36:34,lb-02,0.1564
2026-01-01T13:36:40,web-02,1.0765
2026-01-01T13:36:42,net-01,0.9423
2026-01-01T13:36:53,db-01,14.0835
2026-01-01T13:38:14,lb-01,0.6819
2026-01-01T13:38:44,net-02,1.9988
2026-01-01T13:40:29,hd-01,1.2346
2026-01-01T13:42:52,lb-02,0.0053
2026-01-01T13:43:00,net-01,0.2698
2026-01-01T13:43:18,cache-02,0.8757
2026-01-01T13:44:04,lb-02,1.9355
2026-01-01T13:44:12,net-03,11.1468
2026-01-01T13:44:46,net-03,8.8655
2026-01-01T13:45:04,db-01,1.6499
2026-01-01T13:45:13,cache-03,3.4549
2026-01-01T13:45:16,cache-02,3.1629
2026-01-01T13:46:13,db-01,1.2723
2026-01-01T13:46:15,hd-01,2.6461
2026-01-01T13:46:27,db-03,0.6498
2026-01-01T13:47:05,hd-02,0.8857
2026-01-01T13:47:33,db-02,4.6064
2026-01-01T13:48:00,web-01,0.4334
2026-01-01T13:48:11,net-01,0.8413
2026-01-01T13:48:23,hd-02,3.4008
2026-01-01T13:48:42,hd-02,1.0069
2026-01-01T13:49:05,hd-01,0.5672
2026-01-01T13:49:58,web-01,2.1628
2026-01-01T13:50:57,db-03,0.7089
2026-01-01T13:51:17,web-01,2.4143
2026-01-01T13:51:42,db-01,0.0515
2026-01-01T13:52:37,hd-01,4.1568
2026-01-01T13:52:45,lb-01,3.8009
2026-01-01T13:53:16,db-01,0.0056
2026-01-01T13:53:46,db-01,2.2461
2026-01-01T13:54:25,net-01,0.7278
2026-01-01T13:54:26,web-01,1.5601
2026-01-01T13:54:46,cache-03,0.7036
2026-01-01T13:55:05,lb-02,0.0388
2026-01-01T13:55:06,net-04,0.3156
2026-01-01T13:55:11,cache-03,2.5607
2026-01-01T13:55:15,net-04,11.6064
2026-01-01T13:56:30,hd-01,6.2299
2026-01-01T13:56:44,hd-02,4.4271
2026-01-01T13:56:51,cache-03,2.1096
2026-01-01T13:56:53,web-04,3.4920
2026-01-01T13:57:18,web-05,0.9730
2026-01-01T13:57:38,hd-01,1.2140
2026-01-01T13:59:26,hd-01,5.3595
2026-01-01T14:00:18,lb-02,52.4300
2026-01-01T14:01:21,web-02,4.8814
2026-01-01T14:04:02,db-01,16.6925
2026-01-01T14:04:34,web-05,0.1547
2026-01-01T14:04:41,hd-01,5.7900
2026-01-01T14:04:50,hd-01,2.7673
2026-01-01T14:04:56,hd-02,0.6751
2026-01-01T14:04:59,cache-02,4.2582
2026-01-01T14:05:19,db-01,0.7909
2026-01-01T14:06:13,lb-01,1.4427
2026-01-01T14:06:49,lb-02,0.2349
2026-01-01T14:07:53,hd-02,14.1383
2026-01-01T14:08:37,lb-02,3.4024
2026-01-01T14:09:16,web-03,0.8047
2026-01-01T14:09:49,db-03,12.7132
2026-01-01T14:10:10,web-03,26.3734
2026-01-01T14:10:18,lb-02,0.7397
2026-01-01T14:10:42,lb-01,13.9186
2026-01-01T14:10:45,hd-01,6.1890
2026-01-01T14:10:46,db-03,0.4581
2026-01-01T14:11:19,hd-02,7.2121
2026-01-01T14:11:27,db-02,6.6929
2026-01-01T14:11:46,cache-01,9.5287
2026-01-01T14:13:17,cache-03,15.2951
2026-01-01T14:14:05,web-01,3.4025
2026-01-01T14:14:06,db-03,1.6751
2026-01-01T14:14:20,db-03,2.9995
2026-01-01T14:14:27,web-04,3.5402
2026-01-01T14:15:59,cache-03,0.9617
2026-01-01T14:16:49,lb-01,7.1916
2026-01-01T14:17:52,lb-02,5.8019
2026-01-01T14:17:56,cache-03,0.0003
2026-01-01T14:18:47,net-01,2.4891
2026-01-01T14:21:01,lb-01,5.4066
2026-01-01T14:21:21,hd-01,3.8401
2026-01-01T14:21:35,web-01,1.9870
2026-01-01T14:24:49,web-01,5.1293
2026-01-01T14:24:53,web-03,4.3095
2026-01-01T14:26:02,lb-01,0.7715
2026-01-01T14:26:09,lb-01,4.0707
2026-01-01T14:26:15,lb-01,9.3699
2026-01-01T14:26:17,cache-01,0.6735
2026-01-01T14:26:40,net-01,1.3843
2026-01-01T14:27:44,web-03,3.4505
2026-01-01T14:28:12,cache-03,1.6550
2026-01-01T14:28:17,web-03,1.5880
2026-01-01T14:28:28,cache-02,1.4128
2026-01-01T14:28:47,lb-01,6.2190
2026-01-01T14:28:47,cache-02,0.8789
2026-01-01T14:28:51,net-02,2.9849
2026-01-01T14:29:08,net-04,7.8636
2026-01-01T14:30:27,web-03,0.6634
2026-01-01T14:30:46,web-01,0.9353
2026-01-01T14:31:00,net-04,2.6605
2026-01-01T14:31:15,lb-01,1.1772
2026-01-01T14:31:32,web-04,2.6005
2026-01-01T14:31:52,lb-01,6.3743
2026-01-01T14:32:11,db-02,2.5568
2026-01-01T14:32:32,cache-01,1.7514
2026-01-01T14:32:57,lb-01,1.1139
2026-01-01T14:34:10,web-03,3.2979
2026-01-01T14:34:21,cache-03,1.0807
2026-01-01T14:34:26,web-01,0.7852
2026-01-01T14:34:37,lb-01,0.5854
2026-01-01T14:34:41,cache-03,1.5216
2026-01-01T14:34:55,hd-02,0.2198
2026-01-01T14:35:43,web-03,0.5964
2026-01-01T14:35:58,db-01,5.3661
2026-01-01T14:36:15,db-02,0.1169
2026-01-01T14:36:58,hd-02,1.6870
2026-01-01T14:37:52,net-02,1.8455
2026-01-01T14:38:28,cache-03,0.1133
2026-01-01T14:38:35,net-01,0.6833
2026-01-01T14:39:27,cache-01,1.9789
2026-01-01T14:39:49,cache-01,2.3637
2026-01-01T14:40:20,cache-03,0.8390
2026-01-01T14:41:52,hd-01,0.2209
2026-01-01T14:43:00,cache-01,0.9384
2026-01-01T14:43:12,lb-02,0.3656
2026-01-01T14:43:23,net-04,2.0419
2026-01-01T14:43:48,hd-02,0.7524
2026-01-01T14:44:15,hd-02,8.8672
2026-01-01T14:45:14,net-03,1.2819
2026-01-01T14:45:40,cache-01,1.4711
2026-01-01T14:46:46,cache-03,0.6438
2026-01-01T14:48:05,lb-02,10.1901
2026-01-01T14:49:15,cache-01,7.8258
2026-01-01T14:50:07,lb-01,0.7863
2026-01-01T14:50:18,web-03,3.1498
2026-01-01T14:50:49,lb-02,9.8058
2026-01-01T14:50:55,cache-01,6.5355
2026-01-01T14:51:56,web-02,2.5365
2026-01-01T14:53:01,net-02,0.5269
2026-01-01T14:53:49,db-02,1.1048
2026-01-01T14:53:49,web-05,0.9587
2026-01-01T14:53:54,hd-01,0.9505
2026-01-01T14:54:17,hd-01,0.5901
2026-01-01T14:55:05,web-03,1.5133
2026-01-01T14:55:20,net-04,0.0721
2026-01-01T14:57:31,lb-02,1.2473
2026-01-01T14:57:53,web-05,0.0690
2026-01-01T14:58:33,lb-02,1.3097
2026-01-01T14:59:47,cache-02,0.9841
2026-01-01T14:59:52,web-02,3.8161
2026-01-01T14:59:59,lb-02,1.1790
2026-01-01T15:01:00,cache-02,2.2172
2026-01-01T15:01:32,cache-02,0.2893
2026-01-01T15:02:22,cache-02,16.1847
2026-01-01T15:02:57,db-03,2.9919
2026-01-01T15:03:20,cache-02,1.1609
2026-01-01T15:03:45,cache-03,2.4466
2026-01-01T15:03:58,lb-02,2.4704
2026-01-01T15:04:27,lb-02,0.1728
2026-01-01T15:05:01,web-02,12.4568
2026-01-01T15:05:51,db-01,0.3665
2026-01-01T15:06:04,net-04,0.7634
2026-01-01T15:06:08,net-04,2.4112
2026-01-01T15:06:15,db-03,1.6005
2026-01-01T15:06:17,web-01,2.3979
2026-01-01T15:06:28,net-02,5.2793
2026-01-01T15:06:57,lb-01,2.3251
2026-01-01T15:07:39,db-01,1.6229
2026-01-01T15:08:06,web-01,7.0830
2026-01-01T15:08:20,web-02,2.2833
2026-01-01T15:08:33,net-03,2.4691
2026-01-01T15:09:21,web-05,6.5217
2026-01-01T15:09:29,net-03,2.3384
2026-01-01T15:09:46,hd-02,3.5308
2026-01-01T15:11:02,cache-03,0.4704
2026-01-01T15:11:51,web-03,29.2311
2026-01-01T15:12:08,hd-01,0.6105
2026-01-01T15:12:37,web-03,3.4901
2026-01-01T15:12:55,db-01,2.1357
2026-01-01T15:13:18,net-04,3.6190
2026-01-01T15:13:23,db-03,2.7753
2026-01-01T15:13:25,db-02,0.3785
2026-01-01T15:14:03,lb-01,3.9620
2026-01-01T15:14:46,hd-01,5.8374
2026-01-01T15:16:48,net-03,11.5463
2026-01-01T15:17:19,hd-02,3.3868
2026-01-01T15:17:22,hd-02,0.0544
2026-01-01T15:17:35,net-02,2.2098
2026-01-01T15:17:53,web-01,0.9599
2026-01-01T15:18:37,net-03,2.3809
2026-01-01T15:19:10,net-01,2.3536
2026-01-01T15:19:26,db-02,2.8613
2026-01-01T15:19:48,lb-02,0.7229
2026-01-01T15:20:23,hd-02,3.2645
2026-01-01T15:20:44,hd-02,0.6075
2026-01-01T15:21:00,cache-03,1.6982
2026-01-01T15:21:38,hd-02,0.4444
2026-01-01T15:21:58,db-01,2.2777
2026-01-01T15:22:03,net-01,0.9836
2026-01-01T15:22:05,net-03,0.4327
2026-01-01T15:22:13,db-03,0.5274
2026-01-01T15:22:31,web-04,1.1200
2026-01-01T15:24:01,web-04,2.6365
2026-01-01T15:24:04,web-03,8.7140
2026-01-01T15:24:06,cache-02,0.8213
2026-01-01T15:24:16,net-01,10.3510
2026-01-01T15:24:22,web-05,1.6148
2026-01-01T15:25:13,hd-01,3.1808
2026-01-01T15:25:38,net-04,0.8612
2026-01-01T15:25:49,net-03,2.2519
2026-01-01T15:26:23,hd-02,1.4672
2026-01-01T15:26:30,web-01,1.6107
2026-01-01T15:27:15,web-05,8.1721
2026-01-01T15:27:50,db-03,0.8301
2026-01-01T15:28:00,lb-02,5.7572
2026-01-01T15:28:20,web-03,1.2997
2026-01-01T15:28:46,cache-01,3.3902
2026-01-01T15:29:11,cache-02,1.9305
2026-01-01T15:29:29,net-04,1.0672
2026-01-01T15:29:39,lb-02,3.1141
2026-01-01T15:30:27,hd-01,6.8090
2026-01-01T15:30:27,hd-01,9.6993
2026-01-01T15:30:57,db-01,0.6789
2026-01-01T15:30:59,net-02,0.7900
2026-01-01T15:32:56,db-02,2.5220
2026-01-01T15:33:01,cache-03,0.1497
2026-01-01T15:33:37,db-01,3.0314
2026-01-01T15:33:53,db-01,9.6592
2026-01-01T15:34:31,cache-02,7.7962
2026-01-01T15:34:32,db-03,0.9370
2026-01-01T15:35:55,web-01,7.2535
2026-01-01T15:37:38,lb-02,0.5900
2026-01-01T15:37:58,cache-03,0.0119
2026-01-01T15:38:04,web-03,0.8504
2026-01-01T15:38:17,web-03,1.8471
2026-01-01T15:38:20,lb-02,5.3865
2026-01-01T15:38:43,db-03,3.0361
2026-01-01T15:38:53,web-02,22.4868
2026-01-01T15:39:00,lb-02,8.8638
2026-01-01T15:39:48,net-04,9.3234
2026-01-01T15:40:03,hd-01,0.3721
2026-01-01T15:40:22,web-01,1.4520
2026-01-01T15:40:49,net-02,0.7557
2026-01-01T15:41:36,hd-01,9.1941
2026-01-01T15:42:46,web-05,2.2817
2026-01-01T15:42:53,web-04,1.4458
2026-01-01T15:43:28,lb-02,4.6416
2026-01-01T15:45:15,hd-01,2.2225
2026-01-01T15:45:48,net-03,0.8518
2026-01-01T15:46:24,lb-01,0.7678
2026-01-01T15:47:02,hd-01,4.1657
2026-01-01T15:47:15,web-03,0.1548
2026-01-01T15:47:38,hd-02,0.0078
2026-01-01T15:48:01,hd-01,1.3041
2026-01-01T15:48:05,hd-02,3.0834
2026-01-01T15:48:28,cache-01,1.8699
2026-01-01T15:48:48,net-02,6.2582
2026-01-01T15:48:51,db-02,10.8205
2026-01-01T15:49:11,hd-01,0.4177
2026-01-01T15:49:28,web-03,8.5574
2026-01-01T15:49:30,web-04,0.3206
2026-01-01T15:52:26,net-02,0.9992
2026-01-01T15:52:46,hd-02,4.3681
2026-01-01T15:54:35,hd-02,23.4230
2026-01-01T15:54:54,cache-03,7.0033
2026-01-01T15:55:16,cache-03,0.3487
2026-01-01T15:56:18,db-03,3.0447
2026-01-01T15:56:48,hd-01,1.0184
2026-01-01T15:57:33,lb-01,1.8060
2026-01-01T15:58:41,cache-01,0.8150
2026-01-01T15:58:43,net-03,0.6511
2026-01-01T15:59:32,net-04,6.3222
2026-01-01T16:00:01,db-02,2.5988
2026-01-01T16:00:25,hd-01,4.4358
2026-01-01T16:00:29,hd-02,3.7241
2026-01-01T16:00:34,hd-02,24.3051
2026-01-01T16:00:42,db-03,0.4254
2026-01-01T16:01:36,db-01,1.3030
2026-01-01T16:02:29,web-04,5.4033
2026-01-01T16:03:04,lb-01,0.2204
2026-01-01T16:03:47,hd-02,0.4237
2026-01-01T16:05:26,db-01,3.7951
2026-01-01T16:05:57,lb-01,1.3349
2026-01-01T16:06:06,net-02,1.5193
2026-01-01T16:06:42,cache-03,1.0541
2026-01-01T16:06:50,lb-01,6.5099
2026-01-01T16:06:56,cache-02,0.4898
2026-01-01T16:07:48,hd-01,2.2693
2026-01-01T16:07:59,web-03,0.2635
2026-01-01T16:08:36,db-02,3.7411
2026-01-01T16:08:59,db-03,4.9029
2026-01-01T16:09:25,cache-01,3.0368
2026-01-01T16:09:28,net-04,0.4230
2026-01-01T16:10:31,web-03,0.3990
2026-01-01T16:10:40,net-03,0.0552
2026-01-01T16:10:51,db-03,0.1327
2026-01-01T16:10:56,lb-02,7.9895
2026-01-01T16:11:07,lb-01,1.6895
2026-01-01T16:12:11,net-03,2.0290
2026-01-01T16:13:05,db-01,1.8495
2026-01-01T16:13:28,cache-02,3.5833
2026-01-01T16:15:09,net-01,0.5409
2026-01-01T16:15:23,hd-02,9.1512
2026-01-01T16:15:43,lb-02,1.3716
2026-01-01T16:15:54,hd-01,0.5622
2026-01-01T16:16:09,net-04,0.2468
2026-01-01T16:17:07,hd-02,1.3027
2026-01-01T16:17:53,lb-01,9.4133
2026-01-01T16:19:00,net-03,0.2750
2026-01-01T16:19:24,net-02,0.1314
2026-01-01T16:19:32,net-01,1.0920
2026-01-01T16:19:42,db-03,16.3350
2026-01-01T16:20:12,db-01,3.5927
2026-01-01T16:20:28,db-01,0.4806
2026-01-01T16:20:56,hd-01,3.4314
2026-01-01T16:21:40,lb-02,14.2842
2026-01-01T16:21:57,db-02,6.0844
2026-01-01T16:22:09,web-01,11.6538
2026-01-01T16:22:14,db-03,0.3319
2026-01-01T16:22:26,net-03,0.7615
2026-01-01T16:22:48,net-03,17.4724
2026-01-01T16:23:07,net-04,7.5480
2026-01-01T16:23:30,lb-01,0.6117
2026-01-01T16:23:34,hd-01,0.9097
2026-01-01T16:24:27,lb-01,6.8996
2026-01-01T16:24:35,net-02,0.3053
2026-01-01T16:25:33,hd-02,1.3708
2026-01-01T16:25:42,cache-03,3.7533
2026-01-01T16:27:19,hd-02,7.6499
2026-01-01T16:27:30,hd-01,4.0789
2026-01-01T16:27:44,cache-02,0.6313
2026-01-01T16:28:06,hd-01,0.5277
2026-01-01T16:28:17,cache-02,2.3850
2026-01-01T16:28:59,db-03,1.0988
2026-01-01T16:29:25,cache-02,3.0966
2026-01-01T16:29:28,cache-03,2.2087
2026-01-01T16:30:31,cache-01,1.0501
2026-01-01T16:30:43,web-01,0.9169
2026-01-01T16:30:44,cache-02,0.0165
2026-01-01T16:30:49,db-01,4.2146
2026-01-01T16:31:00,cache-02,3.5819
2026-01-01T16:31:45,lb-01,1.1295
2026-01-01T16:33:12,web-05,0.1443
2026-01-01T16:34:37,lb-02,1.7871
2026-01-01T16:34:54,web-01,17.1045
2026-01-01T16:35:38,net-01,1.4672
2026-01-01T16:36:00,cache-02,0.2215
2026-01-01T16:36:10,web-03,6.1638
2026-01-01T16:37:04,lb-01,0.3116
2026-01-01T16:38:30,lb-01,1.6224
2026-01-01T16:39:15,db-03,4.9446
2026-01-01T16:40:12,cache-01,10.4180
2026-01-01T16:40:28,db-03,0.0508
2026-01-01T16:40:31,web-01,2.7936
2026-01-01T16:40:52,lb-02,0.3017
2026-01-01T16:41:08,net-03,5.9517
2026-01-01T16:41:14,hd-01,0.1780
2026-01-01T16:41:25,lb-01,2.6492
2026-01-01T16:41:51,cache-02,0.5974
2026-01-01T16:42:12,lb-01,2.0394
2026-01-01T16:42:23,lb-02,2.1656
2026-01-01T16:42:33,cache-03,3.2852
2026-01-01T16:43:29,net-02,2.1201
2026-01-01T16:43:39,db-03,3.7110
2026-01-01T16:44:27,net-02,4.0201
2026-01-01T16:45:18,web-05,2.5690
2026-01-01T16:46:01,net-03,0.7432
2026-01-01T16:46:43,db-02,5.4998
2026-01-01T16:46:48,net-02,1.9704
2026-01-01T16:48:31,lb-01,0.8968
2026-01-01T16:49:04,db-01,6.1598
2026-01-01T16:50:23,db-01,3.3202
2026-01-01T16:50:56,cache-01,0.8849
2026-01-01T16:51:24,hd-01,2.6518
2026-01-01T16:51:45,db-01,2.1367
2026-01-01T16:52:47,hd-02,13.6605
2026-01-01T16:53:00,net-04,3.8755
2026-01-01T16:53:05,lb-01,2.8260
2026-01-01T16:54:25,web-02,6.6214
2026-01-01T16:54:33,hd-01,0.6543
2026-01-01T16:55:08,db-03,3.0209
2026-01-01T16:55:15,db-01,0.2928
2026-01-01T16:55:25,hd-01,2.1941
2026-01-01T16:55:41,net-03,4.9561
2026-01-01T16:56:06,web-03,3.0230
2026-01-01T16:56:08,db-02,0.5128
2026-01-01T16:56:22,cache-02,1.7983
2026-01-01T16:56:33,cache-02,2.3655
2026-01-01T16:56:55,net-01,1.2006
2026-01-01T16:57:18,db-01,35.4819
2026-01-01T17:00:10,hd-02,1.6304
2026-01-01T17:00:15,web-04,48.2841
2026-01-01T17:00:49,web-03,1.7901
2026-01-01T17:01:13,db-03,0.2546
2026-01-01T17:01:14,hd-01,2.9026
2026-01-01T17:01:57,lb-01,1.3232
2026-01-01T17:02:09,lb-02,0.3654
2026-01-01T17:02:15,hd-02,3.2585
2026-01-01T17:02:58,lb-02,1.8066
2026-01-01T17:02:58,cache-01,0.3363
2026-01-01T17:03:51,lb-02,14.3552
2026-01-01T17:05:26,hd-01,0.1518
2026-01-01T17:06:18,hd-02,1.1541
2026-01-01T17:06:43,web-04,2.4294
2026-01-01T17:07:36,lb-02,1.6555
2026-01-01T17:08:07,net-02,1.3547
2026-01-01T17:08:19,cache-03,100.0000
2026-01-01T17:08:30,cache-02,4.0513
2026-01-01T17:09:13,cache-03,0.0530
2026-01-01T17:09:14,hd-01,10.7476
2026-01-01T17:09:15,cache-01,3.8318
2026-01-01T17:10:34,cache-01,3.1620
2026-01-01T17:11:07,hd-02,0.2693
2026-01-01T17:11:40,web-02,1.0951
2026-01-01T17:12:04,hd-02,4.2327
2026-01-01T17:12:11,cache-01,0.7107
2026-01-01T17:13:05,hd-01,2.5953
2026-01-01T17:13:05,lb-01,4.4909
2026-01-01T17:13:19,cache-03,0.0204
2026-01-01T17:13:25,web-01,1.8736
2026-01-01T17:13:41,web-03,3.5997
2026-01-01T17:13:43,db-01,3.2881
2026-01-01T17:14:30,net-03,0.3389
2026-01-01T17:15:07,lb-02,0.5575
2026-01-01T17:16:33,lb-02,0.1290
2026-01-01T17:17:26,net-02,0.3720
2026-01-01T17:18:53,db-03,1.6377
2026-01-01T17:20:10,hd-01,20.3207
2026-01-01T17:20:12,web-04,0.8085
2026-01-01T17:20:32,web-04,14.9938
2026-01-01T17:20:50,cache-03,7.4802
2026-01-01T17:22:17,db-02,5.4448
2026-01-01T17:22:21,net-03,2.0393
2026-01-01T17:23:38,web-02,1.4469
2026-01-01T17:23:39,web-05,2.0580
2026-01-01T17:24:47,lb-02,0.5723
2026-01-01T17:24:54,web-04,7.4676
2026-01-01T17:25:31,db-01,5.0359
2026-01-01T17:25:46,hd-01,3.6343
2026-01-01T17:26:13,lb-02,3.8938
2026-01-01T17:26:14,net-02,5.0805
2026-01-01T17:26:31,lb-02,1.1948
2026-01-01T17:26:59,net-02,2.5340
2026-01-01T17:27:21,web-05,1.3867
2026-01-01T17:27:28,net-03,0.5412
2026-01-01T17:27:54,net-01,2.5036
2026-01-01T17:28:00,web-04,7.4754
2026-01-01T17:28:07,hd-02,0.3606
2026-01-01T17:28:24,lb-01,6.8601
2026-01-01T17:28:27,lb-02,0.1057
2026-01-01T17:28:49,db-01,2.0409
2026-01-01T17:30:05,web-03,4.7868
2026-01-01T17:30:14,hd-01,2.6316
2026-01-01T17:31:38,hd-01,14.6982
2026-01-01T17:33:17,cache-03,2.8066
2026-01-01T17:33:30,web-03,2.8162
2026-01-01T17:34:24,net-03,25.9844
2026-01-01T17:34:29,cache-01,1.5067
2026-01-01T17:34:47,lb-01,0.6840
2026-01-01T17:36:24,lb-01,2.8612
2026-01-01T17:36:38,db-01,2.7767
2026-01-01T17:36:53,cache-02,4.7887
2026-01-01T17:37:17,cache-03,0.0613
2026-01-01T17:37:19,cache-02,1.7674
2026-01-01T17:37:33,net-01,0.2006
2026-01-01T17:37:45,lb-02,0.3138
2026-01-01T17:37:46,web-01,0.3175
2026-01-01T17:37:46,net-01,6.1754
2026-01-01T17:38:16,web-03,4.2627
2026-01-01T17:38:39,db-03,8.5769
2026-01-01T17:38:40,cache-03,7.1518
2026-01-01T17:38:42,hd-01,0.3555
2026-01-01T17:39:08,cache-03,0.0393
2026-01-01T17:39:10,hd-02,0.4699
2026-01-01T17:40:05,cache-02,1.4967
2026-01-01T17:40:05,db-02,5.5023
2026-01-01T17:41:03,db-01,1.7090
2026-01-01T17:41:04,net-03,11.8073
2026-01-01T17:41:38,web-01,3.1988
2026-01-01T17:42:39,cache-03,4.9582
2026-01-01T17:42:43,db-02,1.1146
2026-01-01T17:42:47,web-04,1.4706
2026-01-01T17:43:26,web-04,2.9221
2026-01-01T17:45:14,hd-02,5.5643
2026-01-01T17:46:41,cache-01,7.6309
2026-01-01T17:47:20,lb-01,3.7429
2026-01-01T17:48:25,net-03,0.4000
2026-01-01T17:49:59,lb-01,0.7482
2026-01-01T17:50:59,cache-03,8.0245
2026-01-01T17:51:04,cache-02,2.6339
2026-01-01T17:51:11,cache-03,4.5501
2026-01-01T17:51:23,hd-01,0.7412
2026-01-01T17:52:53,hd-01,1.7754
2026-01-01T17:52:58,hd-02,4.9316
2026-01-01T17:53:01,cache-02,0.0603
2026-01-01T17:53:06,web-03,0.7245
2026-01-01T17:53:07,db-03,0.6581
2026-01-01T17:53:49,cache-01,1.5698
2026-01-01T17:53:55,cache-02,5.2010
2026-01-01T17:54:55,lb-01,1.1159
2026-01-01T17:55:02,cache-03,14.0595
2026-01-01T17:55:34,net-03,0.1892
2026-01-01T17:56:11,db-01,1.1000
2026-01-01T17:56:55,net-02,0.0837
2026-01-01T17:57:04,lb-01,0.0233
2026-01-01T17:57:26,web-03,18.5125
2026-01-01T17:58:13,hd-02,1.8515
2026-01-01T17:58:14,db-02,2.6545
2026-01-01T17:58:15,db-01,0.1221
2026-01-01T17:58:16,db-01,2.3932
2026-01-01T17:58:18,cache-03,4.2398
2026-01-01T17:58:55,net-02,1.6817
2026-01-01T17:59:24,lb-02,0.1187
2026-01-01T18:00:09,lb-02,0.5772
2026-01-01T18:00:36,cache-01,0.1027
2026-01-01T18:01:11,cache-01,2.3019
2026-01-01T18:01:18,cache-02,1.6174
2026-01-01T18:01:24,web-01,1.3382
2026-01-01T18:01:26,net-02,6.9354
2026-01-01T18:02:46,hd-02,11.3179
2026-01-01T18:02:51,hd-02,1.3135
2026-01-01T18:03:35,web-04,12.5720
2026-01-01T18:03:58,db-01,6.8677
2026-01-01T18:04:08,lb-01,3.0959
2026-01-01T18:05:28,hd-02,1.1121
2026-01-01T18:05:51,hd-02,0.2301
2026-01-01T18:05:57,db-01,0.0269
2026-01-01T18:06:00,cache-01,3.3819
2026-01-01T18:06:14,lb-01,3.4430
2026-01-01T18:06:30,cache-01,14.2625
2026-01-01T18:06:33,hd-02,0.5944
2026-01-01T18:07:40,lb-01,16.3342
2026-01-01T18:08:06,cache-03,0.7483
2026-01-01T18:08:30,net-02,7.2868
2026-01-01T18:08:41,lb-02,2.6386
2026-01-01T18:08:58,lb-01,0.8134
2026-01-01T18:09:33,cache-03,3.3447
2026-01-01T18:09:48,net-04,3.1139
2026-01-01T18:10:00,cache-01,6.2034
2026-01-01T18:10:07,web-05,3.1835
2026-01-01T18:10:20,web-01,1.5772
2026-01-01T18:10:48,lb-02,4.7709
2026-01-01T18:10:55,hd-01,6.3385
2026-01-01T18:11:09,lb-01,0.0775
2026-01-01T18:12:38,web-05,32.9607
2026-01-01T18:12:48,db-02,1.4393
2026-01-01T18:13:32,web-05,6.7804
2026-01-01T18:13:49,net-01,15.1532
2026-01-01T18:14:12,hd-02,8.8057
2026-01-01T18:14:14,hd-02,0.0959
2026-01-01T18:14:22,cache-01,11.5616
2026-01-01T18:14:23,cache-03,2.0225
2026-01-01T18:14:37,cache-02,3.0301
2026-01-01T18:15:48,lb-02,3.6179
2026-01-01T18:16:04,db-02,4.6909
2026-01-01T18:16:06,cache-02,0.5113
2026-01-01T18:16:07,lb-01,0.9976
2026-01-01T18:16:24,db-03,19.5038
2026-01-01T18:17:24,db-03,2.8496
2026-01-01T18:17:38,web-05,4.5572
2026-01-01T18:17:39,net-03,0.9729
2026-01-01T18:17:43,db-03,2.9438
2026-01-01T18:17:50,lb-02,0.2091
2026-01-01T18:18:26,db-02,3.2460
2026-01-01T18:18:47,hd-02,0.2563
2026-01-01T18:18:57,lb-01,1.6190
2026-01-01T18:19:20,hd-02,2.4489
2026-01-01T18:19:29,lb-02,3.7852
2026-01-01T18:19:57,web-05,0.2366
2026-01-01T18:20:20,lb-02,0.3611
2026-01-01T18:20:23,net-04,4.6430
2026-01-01T18:20:28,net-02,1.8870
2026-01-01T18:20:32,net-03,2.5924
2026-01-01T18:21:27,web-01,0.2071
2026-01-01T18:21:27,db-02,0.1090
2026-01-01T18:21:28,db-01,1.9488
2026-01-01T18:21:35,hd-01,1.0570
2026-01-01T18:22:17,lb-01,0.3137
2026-01-01T18:22:26,hd-01,1.8267
2026-01-01T18:22:29,hd-01,0.5379
2026-01-01T18:22:51,db-01,2.6336
2026-01-01T18:26:01,db-01,0.8440
2026-01-01T18:26:10,web-05,0.7143
2026-01-01T18:26:30,db-02,0.0889
2026-01-01T18:26:32,db-02,2.4943
2026-01-01T18:27:53,hd-01,1.5785
2026-01-01T18:29:04,cache-02,8.5176
2026-01-01T18:30:14,net-01,8.5110
2026-01-01T18:30:19,hd-01,1.7459
2026-01-01T18:30:49,web-03,1.6600
2026-01-01T18:32:10,net-04,0.1441
2026-01-01T18:32:28,net-04,1.3382
2026-01-01T18:33:13,net-04,3.0731
2026-01-01T18:33:21,net-01,6.7190
2026-01-01T18:34:28,lb-01,0.4144
2026-01-01T18:34:48,net-03,0.0217
2026-01-01T18:34:50,net-01,0.8649
2026-01-01T18:35:42,cache-01,1.1271
2026-01-01T18:36:31,web-03,1.1059
2026-01-01T18:36:41,lb-02,0.1001
2026-01-01T18:36:48,web-04,1.2430
2026-01-01T18:36:55,db-01,6.5462
2026-01-01T18:37:07,web-05,2.3759
2026-01-01T18:37:23,net-04,0.0968
2026-01-01T18:38:19,db-02,1.2106
2026-01-01T18:40:02,net-03,0.0875
2026-01-01T18:40:15,hd-01,2.2383
2026-01-01T18:40:39,hd-02,2.0534
2026-01-01T18:41:10,web-03,2.7468
2026-01-01T18:42:07,web-04,2.6204
2026-01-01T18:43:01,hd-01,0.3984
2026-01-01T18:44:30,cache-01,1.6523
2026-01-01T18:45:04,net-02,11.3121
2026-01-01T18:45:11,hd-01,7.4628
2026-01-01T18:46:56,net-02,4.6279
2026-01-01T18:47:14,lb-01,2.0717
2026-01-01T18:47:18,hd-01,1.7337
2026-01-01T18:47:34,web-04,1.4453
2026-01-01T18:47:45,hd-02,0.7934
2026-01-01T18:48:07,web-03,0.8792
2026-01-01T18:48:19,web-01,0.8602
2026-01-01T18:48:40,net-02,1.3294
2026-01-01T18:49:31,lb-01,7.4478
2026-01-01T18:49:46,cache-02,0.4478
2026-01-01T18:50:23,web-04,10.4686
2026-01-01T18:50:34,web-01,4.4795
2026-01-01T18:51:23,lb-02,3.1146
2026-01-01T18:51:28,cache-01,27.9866
2026-01-01T18:52:15,web-04,0.7200
2026-01-01T18:52:46,web-03,3.1343
2026-01-01T18:53:22,db-02,1.5533
2026-01-01T18:53:41,db-01,0.7525
2026-01-01T18:54:34,cache-03,0.9263
2026-01-01T18:54:51,db-03,3.9349
2026-01-01T18:54:52,db-03,0.1691
2026-01-01T18:55:01,hd-02,4.1342
2026-01-01T18:55:30,web-04,1.0703
2026-01-01T18:55:43,hd-02,0.1972
2026-01-01T18:56:00,lb-01,3.6500
2026-01-01T18:56:02,db-02,3.4390
2026-01-01T18:57:28,lb-01,24.7061
2026-01-01T18:58:42,net-02,0.1557
2026-01-01T18:58:56,web-03,5.3965
2026-01-01T18:59:06,web-04,4.5577
2026-01-01T18:59:08,lb-02,4.2933
2026-01-01T18:59:10,net-03,5.2159
2026-01-01T18:59:18,hd-02,6.6467
2026-01-01T19:00:02,net-04,1.4921
2026-01-01T19:00:14,hd-02,0.8590
2026-01-01T19:00:42,web-01,2.4677
2026-01-01T19:02:07,hd-02,16.1359
2026-01-01T19:03:24,cache-02,6.9145
2026-01-01T19:04:02,hd-02,19.2303
2026-01-01T19:04:33,db-02,0.0127
2026-01-01T19:04:45,net-02,13.4074
2026-01-01T19:05:25,hd-01,0.6934
2026-01-01T19:05:53,web-01,0.8919
2026-01-01T19:07:50,cache-02,1.0503
2026-01-01T19:08:05,web-02,0.3808
2026-01-01T19:08:29,web-03,0.1328
2026-01-01T19:08:34,lb-01,0.7420
2026-01-01T19:09:14,hd-02,1.9977
2026-01-01T19:09:34,lb-02,3.7065
2026-01-01T19:09:52,hd-02,1.5084
2026-01-01T19:09:54,web-02,3.2310
2026-01-01T19:10:17,web-05,0.4965
2026-01-01T19:10:26,lb-01,0.9821
2026-01-01T19:10:49,lb-02,5.4815
2026-01-01T19:11:11,web-05,0.0700
2026-01-01T19:11:22,web-03,1.7194
2026-01-01T19:13:08,db-01,1.0670
2026-01-01T19:13:49,hd-02,1.1969
2026-01-01T19:14:34,db-01,7.5937
2026-01-01T19:14:41,db-02,0.1072
2026-01-01T19:15:59,web-04,1.3295
2026-01-01T19:16:08,db-02,12.3811
2026-01-01T19:16:18,hd-02,1.8182
2026-01-01T19:16:54,web-03,2.6489
2026-01-01T19:17:14,hd-02,3.4520
2026-01-01T19:17:43,hd-01,1.1439
2026-01-01T19:19:03,db-03,10.8511
2026-01-01T19:19:36,db-02,0.2663
2026-01-01T19:20:03,hd-01,1.8630
2026-01-01T19:20:03,hd-02,7.0735
2026-01-01T19:20:05,web-04,3.7317
2026-01-01T19:22:04,web-05,0.1203
2026-01-01T19:23:08,cache-03,1.3066
2026-01-01T19:23:15,net-02,37.3870
2026-01-01T19:23:16,web-02,5.2423
2026-01-01T19:26:54,web-04,4.4230
2026-01-01T19:27:24,lb-02,1.4988
2026-01-01T19:27:42,lb-01,9.8062
2026-01-01T19:27:51,hd-02,4.1699
2026-01-01T19:29:06,web-05,4.3647
2026-01-01T19:29:07,hd-01,6.7751
2026-01-01T19:29:47,net-04,0.5458
2026-01-01T19:30:10,cache-03,0.4893
2026-01-01T19:31:08,cache-03,32.0502
2026-01-01T19:31:59,hd-02,0.5210
2026-01-01T19:32:04,web-04,5.3742
2026-01-01T19:32:17,hd-02,9.6119
2026-01-01T19:32:21,net-02,0.8082
2026-01-01T19:32:24,net-01,4.0816
2026-01-01T19:32:40,cache-02,2.8467
2026-01-01T19:33:41,lb-02,0.5392
2026-01-01T19:34:42,net-02,2.9074
2026-01-01T19:35:23,hd-01,27.9878
2026-01-01T19:35:58,hd-02,0.4837
2026-01-01T19:37:15,web-05,0.0472
2026-01-01T19:37:22,db-02,3.4229
2026-01-01T19:38:33,web-03,0.3654
2026-01-01T19:38:46,cache-02,0.2559
2026-01-01T19:38:59,net-01,0.0841
2026-01-01T19:39:04,db-02,2.2984
2026-01-01T19:39:56,web-01,1.3658
2026-01-01T19:40:39,cache-02,0.6123
2026-01-01T19:41:10,net-02,1.4354
2026-01-01T19:41:15,lb-02,0.8204
2026-01-01T19:41:18,net-01,7.2246
2026-01-01T19:41:40,cache-02,2.5745
2026-01-01T19:41:51,net-04,3.4428
2026-01-01T19:42:05,lb-01,5.2070
2026-01-01T19:42:13,db-02,0.0764
2026-01-01T19:42:36,db-03,5.9976
2026-01-01T19:42:52,hd-02,8.4844
2026-01-01T19:43:00,cache-03,17.7653
2026-01-01T19:43:13,web-02,35.1263
2026-01-01T19:43:28,lb-01,7.9170
2026-01-01T19:44:05,cache-03,2.9032
2026-01-01T19:44:20,net-03,1.1691
2026-01-01T19:45:02,lb-02,6.3696
2026-01-01T19:45:47,net-04,0.8800
2026-01-01T19:46:12,cache-01,1.8956
2026-01-01T19:46:35,hd-02,0.3538
2026-01-01T19:47:22,net-02,9.5862
2026-01-01T19:48:02,web-03,8.0821
2026-01-01T19:48:19,lb-01,4.4760
2026-01-01T19:48:26,lb-01,0.5104
2026-01-01T19:49:06,web-05,0.1117
2026-01-01T19:50:24,lb-01,3.0173
2026-01-01T19:51:29,net-03,2.5460
2026-01-01T19:52:32,web-03,3.6628
2026-01-01T19:52:57,net-04,100.0000
2026-01-01T19:53:22,db-01,0.0125
2026-01-01T19:53:37,web-04,1.3032
2026-01-01T19:54:39,hd-02,0.3363
2026-01-01T19:54:52,net-02,0.4024
2026-01-01T19:55:58,lb-01,0.5773
2026-01-01T19:56:02,net-02,0.5418
2026-01-01T19:56:21,cache-01,1.4296
2026-01-01T19:56:35,web-05,1.4808
2026-01-01T19:56:49,db-02,3.6913
2026-01-01T19:57:25,net-03,8.2564
2026-01-01T19:57:58,net-03,5.3318
2026-01-01T19:57:58,net-03,0.4068
2026-01-01T19:58:31,net-02,1.1895
2026-01-01T19:58:42,hd-01,2.0305
2026-01-01T19:58:44,lb-01,4.3115
2026-01-01T19:58:48,cache-03,0.1762
2026-01-01T19:58:50,hd-02,3.7405
2026-01-01T19:59:06,db-02,6.0453
2026-01-01T19:59:48,cache-03,2.3073
2026-01-01T19:59:50,cache-03,2.7700
2026-01-01T20:00:04,net-02,5.7567
2026-01-01T20:00:30,db-01,2.2556
2026-01-01T20:00:36,lb-02,0.0026
2026-01-01T20:01:18,lb-02,0.1766
2026-01-01T20:01:55,cache-03,0.7172
2026-01-01T20:02:30,net-03,1.2181
2026-01-01T20:03:15,hd-01,0.2613
2026-01-01T20:04:24,lb-02,2.1522
2026-01-01T20:04:35,hd-02,6.8117
2026-01-01T20:05:10,hd-02,0.9003
2026-01-01T20:05:28,db-02,0.6917
2026-01-01T20:05:32,hd-02,0.4256
2026-01-01T20:05:37,cache-02,4.5255
2026-01-01T20:06:48,db-03,4.4059
2026-01-01T20:08:02,net-01,4.7897
2026-01-01T20:08:06,hd-02,0.4391
2026-01-01T20:08:35,lb-01,3.8306
2026-01-01T20:09:56,db-03,2.5485
2026-01-01T20:09:58,web-01,0.2280
2026-01-01T20:10:06,db-03,5.7712
2026-01-01T20:10:11,net-01,4.7037
2026-01-01T20:10:36,web-01,2.7967
2026-01-01T20:11:01,web-01,2.2337
2026-01-01T20:11:36,hd-01,3.1148
2026-01-01T20:12:52,net-03,9.8579
2026-01-01T20:13:30,hd-02,15.3738
2026-01-01T20:13:32,hd-01,8.5956
2026-01-01T20:13:50,db-03,3.6326
2026-01-01T20:13:59,net-03,8.1846
2026-01-01T20:14:01,db-02,3.2773
2026-01-01T20:14:14,lb-01,10.7934
2026-01-01T20:14:26,hd-02,1.4639
2026-01-01T20:15:02,net-02,11.8964
2026-01-01T20:15:17,net-04,0.5571
2026-01-01T20:15:30,web-04,0.1864
2026-01-01T20:15:30,lb-01,2.5801
2026-01-01T20:15:32,cache-03,0.7047
2026-01-01T20:15:38,hd-01,0.0328
2026-01-01T20:16:01,db-03,7.9235
2026-01-01T20:16:05,lb-02,1.3764
2026-01-01T20:16:38,net-02,3.8248
2026-01-01T20:16:53,lb-01,0.8203
2026-01-01T20:18:10,web-01,0.6417
2026-01-01T20:18:16,lb-02,1.8947
2026-01-01T20:18:28,cache-02,0.7661
2026-01-01T20:18:40,web-01,2.8948
2026-01-01T20:19:04,hd-02,1.7766
2026-01-01T20:19:14,hd-02,3.2512
2026-01-01T20:19:54,lb-02,2.2461
2026-01-01T20:19:57,db-02,10.3020
2026-01-01T20:20:24,lb-02,1.4316
2026-01-01T20:20:56,lb-01,6.6946
2026-01-01T20:21:16,web-03,0.8010
2026-01-01T20:21:25,hd-02,0.3654
2026-01-01T20:21:33,web-01,0.3390
2026-01-01T20:22:29,hd-01,1.9441
2026-01-01T20:22:32,net-02,0.9385
2026-01-01T20:22:44,web-05,1.7777
2026-01-01T20:23:02,db-01,1.7002
2026-01-01T20:23:29,hd-02,11.3800
2026-01-01T20:26:16,web-01,0.9580
2026-01-01T20:26:26,db-01,11.8274
2026-01-01T20:26:33,hd-01,3.1053
2026-01-01T20:26:53,hd-01,12.5804
2026-01-01T20:27:21,lb-02,3.6437
2026-01-01T20:28:05,web-04,1.1586
2026-01-01T20:28:11,hd-01,2.2584
2026-01-01T20:28:18,lb-02,1.3874
2026-01-01T20:28:51,hd-01,3.0812
2026-01-01T20:28:54,db-02,1.1879
2026-01-01T20:28:55,db-03,1.4354
2026-01-01T20:29:10,db-03,2.9957
2026-01-01T20:29:19,hd-01,1.2177
2026-01-01T20:29:24,cache-01,2.6493
2026-01-01T20:29:59,lb-01,0.1501
2026-01-01T20:30:11,db-01,10.6387
2026-01-01T20:30:29,lb-01,7.2757
2026-01-01T20:30:44,hd-02,3.1958
2026-01-01T20:31:06,web-04,7.5566
2026-01-01T20:32:07,lb-02,0.4641
2026-01-01T20:32:14,cache-03,1.1973
2026-01-01T20:32:24,net-02,2.8970
2026-01-01T20:33:01,net-03,1.4217
2026-01-01T20:33:39,cache-03,1.6099
2026-01-01T20:34:08,web-03,2.4091
2026-01-01T20:34:58,db-01,5.1273
2026-01-01T20:35:22,net-03,2.2426
2026-01-01T20:35:53,cache-03,0.1940
2026-01-01T20:35:56,web-05,2.0018
2026-01-01T20:36:07,cache-02,9.7751
2026-01-01T20:36:12,web-05,15.8176
2026-01-01T20:36:38,lb-02,13.3981
2026-01-01T20:36:39,lb-01,0.0889
2026-01-01T20:37:44,net-01,0.7837
2026-01-01T20:37:59,cache-02,9.3086
2026-01-01T20:38:22,hd-01,2.5827
2026-01-01T20:39:04,cache-01,1.0368
2026-01-01T20:39:41,net-03,3.4634
2026-01-01T20:39:42,web-03,1.4861
2026-01-01T20:39:55,hd-02,22.8826
2026-01-01T20:40:29,web-03,14.4722
2026-01-01T20:40:40,cache-03,0.0645
2026-01-01T20:42:00,web-01,1.0523
2026-01-01T20:42:35,hd-01,2.2501
2026-01-01T20:43:43,web-03,3.2461
2026-01-01T20:43:44,net-01,29.6851
2026-01-01T20:44:01,lb-01,0.6053
2026-01-01T20:44:05,cache-02,4.5100
2026-01-01T20:44:22,hd-02,1.4244
2026-01-01T20:44:54,cache-03,0.4581
2026-01-01T20:45:48,db-01,4.7753
2026-01-01T20:46:20,db-02,4.7439
2026-01-01T20:47:10,cache-02,7.7467
2026-01-01T20:48:01,cache-01,7.2297
2026-01-01T20:48:23,web-02,0.4451
2026-01-01T20:48:38,net-03,8.2476
2026-01-01T20:48:57,net-01,4.0997
2026-01-01T20:49:05,net-03,1.9294
2026-01-01T20:49:11,hd-01,7.0343
2026-01-01T20:49:54,net-03,7.1350
2026-01-01T20:50:03,web-01,0.0568
2026-01-01T20:50:12,cache-01,3.3510
2026-01-01T20:51:14,web-04,6.6431
2026-01-01T20:51:22,lb-02,0.8728
2026-01-01T20:51:35,hd-02,1.4172
2026-01-01T20:52:32,cache-02,8.6548
2026-01-01T20:52:51,web-04,0.2535
2026-01-01T20:53:08,cache-01,0.7336
2026-01-01T20:54:44,hd-02,5.2848
2026-01-01T20:55:04,web-01,3.8006
2026-01-01T20:55:21,net-03,2.3539
2026-01-01T20:55:36,db-01,1.0560
2026-01-01T20:55:37,net-03,4.1224
2026-01-01T20:55:39,db-03,0.2214
2026-01-01T20:56:22,web-03,0.2189
2026-01-01T20:57:18,net-03,7.2607
2026-01-01T20:58:19,lb-02,2.9298
2026-01-01T20:58:54,net-01,5.9160
2026-01-01T20:59:43,net-03,2.6602
2026-01-01T21:00:26,web-02,4.0311
2026-01-01T21:01:16,web-03,2.0546
2026-01-01T21:03:43,web-05,0.5293
2026-01-01T21:04:56,hd-02,1.9556
2026-01-01T21:05:28,web-03,9.4591
2026-01-01T21:05:59,db-02,0.7478
2026-01-01T21:06:06,web-03,3.4797
2026-01-01T21:06:41,hd-02,1.7147
2026-01-01T21:06:43,net-04,1.3653
2026-01-01T21:08:42,lb-01,0.0509
2026-01-01T21:08:53,db-02,0.2137
2026-01-01T21:09:17,db-02,1.1889
2026-01-01T21:09:28,net-02,2.9210
2026-01-01T21:10:35,cache-03,0.4661
2026-01-01T21:11:32,db-01,1.1712
2026-01-01T21:11:38,db-02,1.7896
2026-01-01T21:11:55,net-03,6.0213
2026-01-01T21:12:47,hd-01,1.5585
2026-01-01T21:14:05,cache-01,4.0527
2026-01-01T21:14:21,cache-02,12.9040
2026-01-01T21:14:38,db-02,2.8581
2026-01-01T21:17:22,cache-01,0.2147
2026-01-01T21:18:17,lb-02,0.3284
2026-01-01T21:19:17,db-02,0.1091
2026-01-01T21:19:21,hd-02,17.6252
2026-01-01T21:20:09,hd-02,1.1527
2026-01-01T21:20:17,lb-02,0.6627
2026-01-01T21:21:57,hd-02,3.7245
2026-01-01T21:22:00,cache-02,1.9745
2026-01-01T21:22:19,net-02,0.9764
2026-01-01T21:22:22,db-02,3.3810
2026-01-01T21:22:56,db-03,4.9650
2026-01-01T21:23:39,db-01,1.4590
2026-01-01T21:23:46,web-02,8.4830
2026-01-01T21:25:17,web-02,7.3281
2026-01-01T21:25:25,hd-01,8.8319
2026-01-01T21:25:34,cache-02,8.9387
2026-01-01T21:26:17,web-02,1.2998
2026-01-01T21:26:35,cache-02,0.6640
2026-01-01T21:28:25,db-02,16.7601
2026-01-01T21:28:32,lb-02,3.2881
2026-01-01T21:28:33,net-03,0.6902
2026-01-01T21:28:41,hd-01,6.0760
2026-01-01T21:30:10,net-01,0.5489
2026-01-01T21:31:25,net-02,19.3305
2026-01-01T21:31:42,lb-02,3.1402
2026-01-01T21:31:46,net-03,1.1445
2026-01-01T21:31:58,hd-01,5.5128
2026-01-01T21:32:25,net-03,2.0648
2026-01-01T21:32:33,cache-03,7.0152
2026-01-01T21:32:42,hd-02,5.2772
2026-01-01T21:33:07,cache-03,5.1547
2026-01-01T21:33:26,cache-03,2.3688
2026-01-01T21:34:28,hd-02,0.6726
2026-01-01T21:34:41,db-03,3.5109
2026-01-01T21:35:53,db-03,8.8602
2026-01-01T21:36:18,db-02,1.4617
2026-01-01T21:36:33,cache-03,0.4190
2026-01-01T21:37:18,net-03,5.0949
2026-01-01T21:37:20,db-02,8.8517
2026-01-01T21:37:50,lb-01,3.8710
2026-01-01T21:38:10,web-05,0.0718
2026-01-01T21:38:53,hd-01,0.9874
2026-01-01T21:39:24,db-01,4.1862
2026-01-01T21:39:26,web-03,4.6771
2026-01-01T21:39:53,cache-01,1.0721
2026-01-01T21:40:31,db-02,3.0170
2026-01-01T21:40:47,web-03,49.7866
2026-01-01T21:40:52,hd-02,0.4195
2026-01-01T21:40:58,db-01,7.7797
2026-01-01T21:41:19,net-04,3.4770
2026-01-01T21:44:46,net-02,2.8424
2026-01-01T21:44:49,lb-02,2.1335
2026-01-01T21:44:55,db-03,0.7978
2026-01-01T21:45:44,db-01,0.0488
2026-01-01T21:45:54,net-03,0.5304
2026-01-01T21:45:54,cache-02,0.1899
2026-01-01T21:46:12,net-02,23.0657
2026-01-01T21:47:15,db-01,0.7524
2026-01-01T21:47:27,hd-01,4.2475
2026-01-01T21:47:42,web-02,2.8437
2026-01-01T21:47:44,net-01,5.7754
2026-01-01T21:48:20,hd-01,0.8721
2026-01-01T21:48:41,cache-01,1.0783
2026-01-01T21:48:50,hd-02,21.2932
2026-01-01T21:50:45,hd-01,0.9151
2026-01-01T21:50:48,web-05,2.0641
2026-01-01T21:51:03,db-01,4.2586
2026-01-01T21:52:18,web-03,3.3978
2026-01-01T21:52:51,lb-02,1.8152
2026-01-01T21:53:46,hd-02,6.5070
2026-01-01T21:54:25,hd-01,0.6181
2026-01-01T21:54:51,lb-02,3.6009
2026-01-01T21:54:51,cache-01,4.8996
2026-01-01T21:55:01,hd-01,6.9200
2026-01-01T21:55:36,cache-02,7.8507
2026-01-01T21:55:43,net-02,14.4469
2026-01-01T21:55:52,db-01,2.8659
2026-01-01T21:56:02,lb-01,1.0216
2026-01-01T21:56:14,hd-01,4.8855
2026-01-01T21:57:06,net-01,5.5492
2026-01-01T21:57:18,hd-01,2.1792
2026-01-01T21:57:35,db-02,0.4106
2026-01-01T21:58:31,cache-03,1.1350
2026-01-01T21:59:26,hd-02,0.4310
2026-01-01T21:59:36,net-03,2.3417
2026-01-01T21:59:41,cache-03,0.4614
2026-01-01T21:59:43,cache-03,4.6512
2026-01-01T22:00:05,hd-02,5.6169
2026-01-01T22:00:07,db-03,5.1563
2026-01-01T22:00:19,net-02,1.1523
2026-01-01T22:00:44,web-03,3.4038
2026-01-01T22:01:04,hd-02,4.8279
2026-01-01T22:01:16,net-01,1.3561
2026-01-01T22:01:16,cache-01,1.9734
2026-01-01T22:01:52,net-01,0.1621
2026-01-01T22:02:06,db-01,0.8661
2026-01-01T22:02:33,lb-02,5.3697
2026-01-01T22:02:53,hd-01,4.9125
2026-01-01T22:02:55,hd-02,0.3355
2026-01-01T22:02:56,hd-02,0.8239
2026-01-01T22:03:04,lb-02,2.1911
2026-01-01T22:04:16,net-03,1.5029
2026-01-01T22:05:20,cache-02,0.6365
2026-01-01T22:05:48,db-01,6.6853
2026-01-01T22:06:10,hd-02,1.8038
2026-01-01T22:07:47,lb-02,1.9667
2026-01-01T22:08:14,hd-02,0.7679
2026-01-01T22:08:16,net-03,5.3777
2026-01-01T22:08:52,hd-02,1.2822
2026-01-01T22:09:24,net-04,10.7173
2026-01-01T22:09:41,lb-02,1.3232
2026-01-01T22:09:45,db-03,0.4587
2026-01-01T22:09:55,web-05,0.8466
2026-01-01T22:10:08,hd-01,0.2744
2026-01-01T22:10:33,cache-02,2.1429
2026-01-01T22:10:47,net-01,3.2690
2026-01-01T22:12:44,cache-02,0.0428
2026-01-01T22:13:20,web-04,3.2088
2026-01-01T22:15:21,cache-02,1.2734
2026-01-01T22:16:17,lb-01,1.8361
2026-01-01T22:16:25,cache-03,0.5050
2026-01-01T22:16:31,hd-02,2.0790
2026-01-01T22:16:31,net-04,0.2377
2026-01-01T22:17:38,db-03,5.9452
2026-01-01T22:18:25,hd-01,2.1319
2026-01-01T22:20:55,lb-01,2.7745
2026-01-01T22:21:22,cache-03,0.6219
2026-01-01T22:22:26,db-02,10.8999
2026-01-01T22:22:41,lb-01,3.4835
2026-01-01T22:22:42,hd-02,3.6702
2026-01-01T22:23:15,hd-02,6.6392
2026-01-01T22:23:58,hd-01,0.4158
2026-01-01T22:24:28,lb-02,1.4306
2026-01-01T22:24:44,net-02,1.8869
2026-01-01T22:24:50,lb-01,0.1942
2026-01-01T22:25:17,lb-01,0.9177
2026-01-01T22:25:28,web-01,12.9278
2026-01-01T22:25:28,hd-01,0.8972
2026-01-01T22:25:42,net-04,1.7876
2026-01-01T22:26:18,web-03,35.8186
2026-01-01T22:26:38,lb-01,11.2760
2026-01-01T22:27:03,web-01,0.4978
2026-01-01T22:27:13,net-01,3.1623
2026-01-01T22:27:17,web-04,0.5571
2026-01-01T22:27:32,net-04,0.8763
2026-01-01T22:27:52,net-02,0.2413
2026-01-01T22:28:35,net-02,1.2347
2026-01-01T22:28:44,db-01,1.0357
2026-01-01T22:28:53,lb-02,2.8687
2026-01-01T22:30:29,net-03,86.8920
2026-01-01T22:30:40,hd-01,2.3030
2026-01-01T22:30:54,lb-02,1.8074
2026-01-01T22:31:28,hd-01,0.2745
2026-01-01T22:32:11,net-01,0.4537
2026-01-01T22:32:25,lb-02,3.1168
2026-01-01T22:32:25,web-04,2.5769
2026-01-01T22:32:53,net-03,3.7238
2026-01-01T22:33:15,cache-01,0.4095
2026-01-01T22:33:32,cache-02,2.5364
2026-01-01T22:33:58,web-03,1.5736
2026-01-01T22:34:17,db-03,19.9794
2026-01-01T22:35:12,lb-02,0.7919
2026-01-01T22:35:59,db-01,0.5748
2026-01-01T22:36:32,cache-03,2.3379
2026-01-01T22:36:50,web-04,1.3446
2026-01-01T22:37:07,web-05,8.7502
2026-01-01T22:37:10,lb-02,2.3343
2026-01-01T22:37:32,web-03,0.0964
2026-01-01T22:37:42,db-02,3.7578
2026-01-01T22:37:55,db-02,0.7483
2026-01-01T22:38:01,db-01,0.1502
2026-01-01T22:38:13,hd-01,1.0923
2026-01-01T22:38:32,net-03,1.6292
2026-01-01T22:39:18,lb-01,4.0170
2026-01-01T22:39:22,cache-02,2.5594
2026-01-01T22:40:06,net-04,8.2376
2026-01-01T22:40:14,web-03,1.5060
2026-01-01T22:40:35,hd-02,6.5748
2026-01-01T22:40:36,web-01,3.2133
2026-01-01T22:41:11,net-04,1.4763
2026-01-01T22:41:24,web-02,0.0597
2026-01-01T22:41:34,cache-01,3.2100
2026-01-01T22:43:26,net-01,0.9753
2026-01-01T22:43:30,net-02,0.9211
2026-01-01T22:44:13,web-03,1.1161
2026-01-01T22:44:27,web-03,0.5888
2026-01-01T22:45:43,db-01,0.0735
2026-01-01T22:46:11,web-05,3.6259
2026-01-01T22:46:17,lb-02,0.6250
2026-01-01T22:46:41,cache-03,0.0489
2026-01-01T22:46:54,db-01,10.8745
2026-01-01T22:47:36,web-02,1.4426
2026-01-01T22:48:02,db-03,17.7357
2026-01-01T22:48:45,hd-02,0.8323
2026-01-01T22:48:50,lb-02,0.2074
2026-01-01T22:48:57,hd-02,16.3326
2026-01-01T22:49:15,db-02,0.3477
2026-01-01T22:49:48,cache-02,0.6701
2026-01-01T22:49:50,db-03,4.9278
2026-01-01T22:50:13,hd-01,3.4826
2026-01-01T22:50:17,db-03,0.7719
2026-01-01T22:50:48,web-02,12.5527
2026-01-01T22:52:05,net-03,4.9446
2026-01-01T22:52:08,net-01,0.5200
2026-01-01T22:52:34,db-03,10.4963
2026-01-01T22:53:55,lb-02,0.1957
2026-01-01T22:54:04,hd-02,0.9666
2026-01-01T22:54:53,web-02,3.2701
2026-01-01T22:55:07,lb-01,10.0567
2026-01-01T22:56:38,db-03,0.5394
2026-01-01T22:57:12,web-04,3.4780
2026-01-01T22:57:39,db-02,3.7970
2026-01-01T22:58:39,hd-01,2.2279
2026-01-01T22:58:47,web-04,1.9366
2026-01-01T22:58:54,lb-02,4.4942
2026-01-01T22:59:09,web-04,1.1512
2026-01-01T23:00:12,hd-01,0.5719
2026-01-01T23:00:31,hd-01,3.5012
2026-01-01T23:00:37,net-03,4.6627
2026-01-01T23:00:42,db-03,0.4632
2026-01-01T23:00:43,hd-01,55.2797
2026-01-01T23:00:45,cache-02,14.5523
2026-01-01T23:00:53,net-04,0.6908
2026-01-01T23:02:40,hd-01,2.3727
2026-01-01T23:02:41,web-05,0.4546
2026-01-01T23:02:44,db-01,2.0839
2026-01-01T23:02:47,db-03,0.0568
2026-01-01T23:03:21,lb-01,8.8268
2026-01-01T23:04:39,cache-03,18.2376
2026-01-01T23:04:41,net-04,1.1186
2026-01-01T23:04:51,lb-02,0.2665
2026-01-01T23:05:02,net-04,2.8165
2026-01-01T23:05:04,cache-03,0.5659
2026-01-01T23:05:43,web-04,1.3488
2026-01-01T23:05:49,db-02,4.4179
2026-01-01T23:05:54,net-01,1.9853
2026-01-01T23:07:56,db-03,1.7807
2026-01-01T23:09:43,lb-02,1.0034
2026-01-01T23:10:45,web-05,7.0009
2026-01-01T23:10:49,cache-02,3.2966
2026-01-01T23:10:54,db-02,0.3178
2026-01-01T23:11:00,hd-02,0.4541
2026-01-01T23:12:11,cache-01,5.4668
2026-01-01T23:12:32,web-01,1.8658
2026-01-01T23:12:41,net-04,11.4190
2026-01-01T23:12:55,db-01,1.8540
2026-01-01T23:14:32,hd-02,1.2737
2026-01-01T23:14:52,web-04,2.2049
2026-01-01T23:15:45,cache-02,1.3218
2026-01-01T23:16:36,web-01,4.8703
2026-01-01T23:16:41,net-01,8.6476
2026-01-01T23:17:30,web-02,14.9809
2026-01-01T23:17:51,db-02,2.2721
2026-01-01T23:18:33,cache-01,1.6265
2026-01-01T23:19:30,web-05,1.4649
2026-01-01T23:19:52,lb-02,1.2022
2026-01-01T23:20:16,web-01,6.4148
2026-01-01T23:20:21,db-02,6.6946
2026-01-01T23:20:23,web-03,7.9140
2026-01-01T23:22:11,cache-03,3.0280
2026-01-01T23:23:04,lb-01,3.3057
2026-01-01T23:23:23,net-02,1.6654
2026-01-01T23:23:47,web-04,0.0984
2026-01-01T23:23:50,cache-02,1.6833
2026-01-01T23:24:04,db-03,1.9373
2026-01-01T23:24:12,db-02,4.9398
2026-01-01T23:24:23,db-03,0.7698
2026-01-01T23:24:35,db-03,2.4861
2026-01-01T23:24:59,lb-02,0.3602
2026-01-01T23:26:12,cache-03,0.4834
2026-01-01T23:27:05,lb-02,0.9794
2026-01-01T23:27:07,net-04,1.3436
2026-01-01T23:31:19,net-04,0.4302
2026-01-01T23:31:33,lb-01,1.7094
2026-01-01T23:32:31,db-02,0.2356
2026-01-01T23:32:55,lb-01,12.9700
2026-01-01T23:33:01,web-01,1.5462
2026-01-01T23:33:16,web-04,4.1147
2026-01-01T23:33:43,lb-01,1.4424
2026-01-01T23:34:22,web-01,0.3507
2026-01-01T23:34:47,db-03,6.0404
2026-01-01T23:35:42,db-03,0.2230
2026-01-01T23:37:29,net-01,2.0068
2026-01-01T23:39:52,db-03,0.0561
2026-01-01T23:40:02,lb-01,36.1040
2026-01-01T23:40:08,web-04,0.6773
2026-01-01T23:41:08,lb-02,3.4079
2026-01-01T23:41:15,hd-02,0.4841
2026-01-01T23:41:16,web-04,4.0934
2026-01-01T23:42:05,cache-02,1.5467
2026-01-01T23:42:10,db-01,0.2771
2026-01-01T23:42:16,db-01,2.0509
2026-01-01T23:42:20,net-04,3.8971
2026-01-01T23:42:25,net-03,4.5189
2026-01-01T23:42:26,net-01,0.8041
2026-01-01T23:45:28,db-03,1.2682
2026-01-01T23:45:37,lb-02,1.0965
2026-01-01T23:45:41,cache-03,10.8405
2026-01-01T23:45:55,hd-02,0.1264
2026-01-01T23:46:52,web-04,3.9443
2026-01-01T23:46:58,db-01,3.5529
2026-01-01T23:47:34,lb-01,0.5338
2026-01-01T23:47:49,net-03,4.1920
2026-01-01T23:47:53,db-01,2.9188
2026-01-01T23:48:17,net-01,0.1405
2026-01-01T23:48:20,net-03,8.5922
2026-01-01T23:48:54,cache-01,0.1009
2026-01-01T23:49:06,db-02,10.1895
2026-01-01T23:49:42,db-03,0.7689
2026-01-01T23:49:53,db-03,1.1089
2026-01-01T23:50:06,db-02,11.1100
2026-01-01T23:50:26,db-03,1.2891
2026-01-01T23:51:04,hd-01,0.9478
2026-01-01T23:51:17,web-02,0.3119
2026-01-01T23:51:33,lb-01,1.8091
2026-01-01T23:51:35,db-01,0.6233
2026-01-01T23:52:53,cache-01,0.2665
2026-01-01T23:52:59,cache-02,2.4464
2026-01-01T23:53:01,lb-02,4.0569
2026-01-01T23:53:16,cache-03,9.4689
2026-01-01T23:53:19,db-02,0.1153
2026-01-01T23:54:17,cache-03,0.8458
2026-01-01T23:54:25,cache-01,19.0256
2026-01-01T23:55:09,db-03,1.5307
2026-01-01T23:55:45,lb-01,4.4373
2026-01-01T23:55:51,db-03,2.4922
2026-01-01T23:55:59,db-03,3.6871
2026-01-01T23:56:54,lb-01,3.1494
2026-01-01T23:57:12,db-02,0.0907
2026-01-01T23:57:29,cache-03,0.5126
2026-01-01T23:58:44,cache-01,0.7019
2026-01-01T23:58:55,net-01,8.2380
2026-01-01T23:58:56,hd-01,1.0355
2026-01-01T23:58:56,web-02,0.7766
2026-01-01T23:58:59,db-02,0.5988
2026-01-01T23:59:28,hd-02,10.2313
2026-01-01T23:59:32,lb-02,0.2078
2026-01-02T00:00:03,cache-01,3.7822
2026-01-02T00:00:43,db-02,0.6950
2026-01-02T00:02:41,net-01,0.9315
2026-01-02T00:03:51,db-03,12.5955
2026-01-02T00:04:48,net-03,0.8459
2026-01-02T00:04:51,cache-01,1.1000
2026-01-02T00:04:54,hd-01,54.1965
2026-01-02T00:05:07,net-03,0.0988
2026-01-02T00:05:49,hd-01,2.3468
2026-01-02T00:05:58,hd-02,4.6137
2026-01-02T00:06:22,lb-02,18.4915
2026-01-02T00:06:42,net-02,1.2971
2026-01-02T00:07:21,hd-02,1.3092
2026-01-02T00:07:26,web-03,3.3482
2026-01-02T00:07:47,db-01,0.6702
2026-01-02T00:09:24,cache-01,0.3399
2026-01-02T00:09:26,lb-02,1.8312
2026-01-02T00:09:33,db-03,1.7057
2026-01-02T00:09:53,web-03,0.8943
2026-01-02T00:11:28,cache-02,1.2877
2026-01-02T00:11:34,lb-02,1.3626
2026-01-02T00:11:38,net-01,0.0843
2026-01-02T00:12:10,web-01,5.6285
2026-01-02T00:13:19,net-03,0.0496
2026-01-02T00:13:34,web-04,2.1192
2026-01-02T00:14:00,hd-02,2.3769
2026-01-02T00:16:07,net-01,5.5367
2026-01-02T00:16:15,cache-03,0.9648
2026-01-02T00:17:00,net-01,22.6913
2026-01-02T00:18:04,cache-02,7.8042
2026-01-02T00:18:38,lb-02,0.0105
2026-01-02T00:18:39,web-05,0.9362
2026-01-02T00:18:40,web-04,0.4733
2026-01-02T00:19:02,lb-01,2.1308
2026-01-02T00:19:05,net-02,1.4142
2026-01-02T00:19:14,hd-02,9.0917
2026-01-02T00:19:42,cache-03,6.6787
2026-01-02T00:19:56,web-03,3.5552
2026-01-02T00:20:29,net-02,1.9274
2026-01-02T00:23:46,hd-01,2.1704
2026-01-02T00:23:52,hd-02,1.4627
2026-01-02T00:25:25,hd-01,0.1451
2026-01-02T00:25:31,cache-03,3.7246
2026-01-02T00:25:40,net-04,1.0262
2026-01-02T00:26:44,db-03,4.4050
2026-01-02T00:29:04,web-03,0.1249
2026-01-02T00:29:16,web-01,7.5280
2026-01-02T00:29:21,lb-01,0.0708
2026-01-02T00:33:31,cache-02,12.3603
2026-01-02T00:34:23,hd-02,0.0734
2026-01-02T00:34:24,cache-03,3.1184
2026-01-02T00:34:27,net-03,0.3624
2026-01-02T00:34:52,hd-01,1.2785
2026-01-02T00:35:20,cache-01,5.2806
2026-01-02T00:35:50,hd-02,0.9412
2026-01-02T00:36:46,web-05,21.6393
2026-01-02T00:37:19,lb-02,9.1571
2026-01-02T00:38:54,net-04,2.3648
2026-01-02T00:39:06,db-01,1.2880
2026-01-02T00:39:23,cache-03,2.7228
2026-01-02T00:40:18,hd-02,1.6534
2026-01-02T00:40:24,lb-02,0.3566
2026-01-02T00:40:29,hd-01,14.4240
2026-01-02T00:40:31,lb-01,4.7119
2026-01-02T00:40:41,lb-01,3.8469
2026-01-02T00:41:31,lb-01,0.9589
2026-01-02T00:41:55,web-02,17.3454
2026-01-02T00:42:18,net-04,0.0864
2026-01-02T00:42:35,web-05,1.9825
2026-01-02T00:44:44,cache-03,0.9054
2026-01-02T00:45:16,cache-03,3.0832
2026-01-02T00:46:15,cache-01,2.5822
2026-01-02T00:47:14,hd-02,4.1245
2026-01-02T00:48:07,web-05,2.3090
2026-01-02T00:48:52,cache-02,5.2288
2026-01-02T00:49:50,web-05,3.6304
2026-01-02T00:50:01,db-03,0.1468
2026-01-02T00:50:04,hd-01,2.0620
2026-01-02T00:50:16,lb-01,5.5931
2026-01-02T00:51:28,lb-01,0.8381
2026-01-02T00:51:42,web-04,15.8447
2026-01-02T00:51:42,lb-01,9.5470
2026-01-02T00:52:37,hd-01,1.5432
2026-01-02T00:52:53,net-01,5.5761
2026-01-02T00:53:33,net-03,0.4691
2026-01-02T00:53:39,db-01,0.4779
2026-01-02T00:54:45,net-02,0.1524
2026-01-02T00:56:14,hd-01,4.5029
2026-01-02T00:56:14,web-02,10.8321
2026-01-02T00:56:46,web-02,3.0356
2026-01-02T00:57:25,net-02,2.4480
2026-01-02T00:57:31,net-02,2.3453
2026-01-02T00:57:32,hd-01,11.8159
2026-01-02T00:58:51,net-01,3.3062
2026-01-02T00:58:55,net-03,4.8459
2026-01-02T00:59:08,db-02,14.8256
2026-01-02T00:59:30,net-02,2.5067
2026-01-02T00:59:36,hd-01,2.0124
2026-01-02T01:00:13,db-02,9.0779
2026-01-02T01:00:41,web-03,0.0833
2026-01-02T01:00:49,hd-01,0.3781
2026-01-02T01:02:25,net-04,8.1147
2026-01-02T01:03:07,db-02,5.1820
2026-01-02T01:03:21,hd-01,3.1725
2026-01-02T01:03:25,web-03,2.0456
2026-01-02T01:03:49,cache-02,2.2414
2026-01-02T01:03:54,lb-02,1.0549
2026-01-02T01:04:01,web-02,2.8278
2026-01-02T01:04:48,lb-01,4.6690
2026-01-02T01:05:34,db-03,2.2331
2026-01-02T01:05:58,lb-02,0.0821
2026-01-02T01:06:19,db-03,6.2180
2026-01-02T01:06:50,cache-03,0.0608
2026-01-02T01:06:55,net-03,1.1825
2026-01-02T01:07:00,cache-03,1.0889
2026-01-02T01:07:02,lb-02,1.4929
2026-01-02T01:08:10,db-03,12.8121
2026-01-02T01:09:43,lb-02,0.9170
2026-01-02T01:10:16,web-02,4.1126
2026-01-02T01:10:45,net-01,0.3324
2026-01-02T01:11:52,web-03,18.4576
2026-01-02T01:14:07,db-01,2.6117
2026-01-02T01:14:15,web-05,1.7351
2026-01-02T01:14:43,cache-01,2.6136
2026-01-02T01:16:15,lb-01,3.2453
2026-01-02T01:16:19,hd-02,0.0201
2026-01-02T01:16:29,lb-01,0.3841
2026-01-02T01:16:32,hd-02,10.1950
2026-01-02T01:16:36,db-01,0.0970
2026-01-02T01:17:07,db-03,4.0333
2026-01-02T01:17:36,cache-01,0.4033
2026-01-02T01:18:42,hd-01,4.6587
2026-01-02T01:18:46,db-03,0.6731
2026-01-02T01:20:00,cache-01,3.3380
2026-01-02T01:20:05,db-02,0.5664
2026-01-02T01:20:07,cache-02,1.7062
2026-01-02T01:22:07,db-02,7.7729
2026-01-02T01:22:09,hd-02,3.3288
2026-01-02T01:23:28,cache-03,6.5081
2026-01-02T01:23:42,hd-01,3.7142
2026-01-02T01:24:37,cache-01,4.5141
2026-01-02T01:24:39,db-03,1.1087
2026-01-02T01:27:34,lb-02,0.1507
2026-01-02T01:27:35,db-03,4.1462
2026-01-02T01:28:27,net-04,14.6706
2026-01-02T01:28:32,net-04,0.5649
2026-01-02T01:29:15,web-04,0.9121
2026-01-02T01:29:59,db-02,0.3841
2026-01-02T01:30:48,hd-01,0.8283
2026-01-02T01:31:33,hd-02,2.5173
2026-01-02T01:32:08,cache-02,0.5235
2026-01-02T01:32:57,hd-01,0.1166
2026-01-02T01:34:58,hd-02,1.3790
2026-01-02T01:35:01,db-02,15.3021
2026-01-02T01:35:09,web-01,2.8203
2026-01-02T01:35:33,db-03,5.5815
2026-01-02T01:36:30,hd-01,7.6045
2026-01-02T01:37:29,hd-01,6.3873
2026-01-02T01:38:48,web-04,5.0622
2026-01-02T01:39:20,db-01,0.1371
2026-01-02T01:40:00,cache-03,0.8300
2026-01-02T01:40:07,hd-02,2.1590
2026-01-02T01:40:13,db-01,0.5739
2026-01-02T01:40:25,cache-03,0.9825
2026-01-02T01:41:07,cache-03,2.2032
2026-01-02T01:41:20,db-01,4.6001
2026-01-02T01:41:42,hd-01,2.5365
2026-01-02T01:42:00,lb-01,5.9277
2026-01-02T01:43:19,lb-02,0.0809
2026-01-02T01:43:21,db-02,0.5520
2026-01-02T01:43:48,web-01,2.1111
2026-01-02T01:44:43,lb-01,1.2706
2026-01-02T01:44:44,db-02,0.0434
2026-01-02T01:45:08,cache-03,6.6996
2026-01-02T01:45:36,hd-01,4.9177
2026-01-02T01:45:53,net-03,8.2756
2026-01-02T01:45:58,hd-01,0.2240
2026-01-02T01:46:07,hd-01,1.0471
2026-01-02T01:46:19,web-04,2.5851
2026-01-02T01:46:52,web-02,1.5787
2026-01-02T01:48:23,hd-01,0.5426
2026-01-02T01:48:40,db-02,1.5365
2026-01-02T01:48:46,cache-01,0.7084
2026-01-02T01:50:29,net-02,0.7180
2026-01-02T01:50:40,hd-02,0.0328
2026-01-02T01:50:59,db-02,3.5856
2026-01-02T01:51:10,net-04,4.6983
2026-01-02T01:51:31,db-02,0.5381
2026-01-02T01:51:35,cache-02,0.3076
2026-01-02T01:51:41,db-01,14.0148
2026-01-02T01:52:10,db-03,3.7047
2026-01-02T01:53:16,web-04,4.0196
2026-01-02T01:53:32,lb-02,1.0792
2026-01-02T01:53:32,cache-01,1.0427
2026-01-02T01:55:26,net-04,3.4457
2026-01-02T01:56:30,cache-03,1.5109
2026-01-02T01:56:38,hd-01,1.4838
2026-01-02T01:57:26,db-01,1.5103
2026-01-02T01:57:43,cache-02,17.8830
2026-01-02T01:57:59,db-03,1.8546
2026-01-02T01:58:09,db-01,1.1572
2026-01-02T01:58:22,hd-01,0.1782
2026-01-02T01:58:29,lb-02,5.9880
2026-01-02T01:59:37,lb-01,2.1508
2026-01-02T01:59:39,web-04,2.2296
2026-01-02T02:00:31,net-03,2.4910
2026-01-02T02:00:54,hd-02,0.7651
2026-01-02T02:01:05,lb-02,1.0580
2026-01-02T02:01:19,lb-02,0.0513
2026-01-02T02:01:20,db-02,1.6619
2026-01-02T02:01:27,hd-01,3.6305
2026-01-02T02:02:10,cache-02,0.1024
2026-01-02T02:02:17,web-02,3.2892
2026-01-02T02:02:47,hd-02,3.1251
2026-01-02T02:03:31,lb-01,0.0308
2026-01-02T02:03:49,net-02,7.9615
2026-01-02T02:04:07,cache-02,0.1965
2026-01-02T02:04:39,web-02,0.0271
2026-01-02T02:04:51,web-04,2.8704
2026-01-02T02:04:52,net-04,0.6805
2026-01-02T02:05:25,net-02,6.2291
2026-01-02T02:06:11,cache-01,6.1478
2026-01-02T02:06:22,db-03,24.7881
2026-01-02T02:07:09,lb-02,8.1225
2026-01-02T02:07:14,hd-01,13.7244
2026-01-02T02:07:17,web-03,4.1849
2026-01-02T02:07:20,lb-01,1.9271
2026-01-02T02:07:30,web-05,0.4747
2026-01-02T02:07:48,cache-02,1.9062
2026-01-02T02:07:56,lb-01,1.2319
2026-01-02T02:08:22,db-01,0.9269
2026-01-02T02:08:42,db-01,0.1317
2026-01-02T02:09:28,hd-02,5.0153
2026-01-02T02:10:15,web-05,2.4862
2026-01-02T02:11:22,hd-01,0.9624
2026-01-02T02:11:25,db-01,7.4531
2026-01-02T02:12:08,web-02,9.5541
2026-01-02T02:13:57,db-03,2.8034
2026-01-02T02:14:13,lb-02,0.0199
2026-01-02T02:14:18,cache-01,0.4704
2026-01-02T02:15:09,lb-02,1.0172
2026-01-02T02:16:00,db-02,0.3174
2026-01-02T02:16:20,net-03,1.8349
2026-01-02T02:17:07,hd-02,0.5611
2026-01-02T02:17:21,cache-03,4.5669
2026-01-02T02:17:35,lb-02,1.0702
2026-01-02T02:17:56,db-01,0.7502
2026-01-02T02:18:19,cache-01,0.8481
2026-01-02T02:18:30,lb-01,7.9392
2026-01-02T02:19:23,cache-02,0.7821
2026-01-02T02:19:43,hd-01,3.1256
2026-01-02T02:19:46,web-05,0.1776
2026-01-02T02:21:02,web-01,0.3800
2026-01-02T02:21:07,net-04,3.2841
2026-01-02T02:23:26,net-02,4.1665
2026-01-02T02:24:30,hd-01,1.6674
2026-01-02T02:24:46,web-04,9.1172
2026-01-02T02:25:53,web-02,2.1501
2026-01-02T02:26:38,lb-02,0.4906
2026-01-02T02:28:29,cache-02,0.7785
2026-01-02T02:28:52,db-01,1.1201
2026-01-02T02:29:16,cache-02,3.5236
2026-01-02T02:29:59,cache-01,0.6333
2026-01-02T02:30:06,hd-01,1.7058
2026-01-02T02:30:38,net-01,5.4880
2026-01-02T02:30:45,web-02,1.1659
2026-01-02T02:30:49,hd-02,0.5447
2026-01-02T02:31:00,hd-01,3.8650
2026-01-02T02:31:03,net-01,3.2109
2026-01-02T02:31:14,net-02,2.3118
2026-01-02T02:31:20,lb-01,5.7349
2026-01-02T02:32:20,web-02,1.6063
2026-01-02T02:33:03,hd-01,4.8683
2026-01-02T02:34:11,cache-03,0.2554
2026-01-02T02:34:19,cache-02,0.4041
2026-01-02T02:34:56,net-01,4.9063
2026-01-02T02:35:10,db-02,2.5840
2026-01-02T02:35:24,db-01,0.7594
2026-01-02T02:35:28,lb-02,0.3410
2026-01-02T02:36:43,net-03,7.0411
2026-01-02T02:37:00,web-02,0.4937
2026-01-02T02:37:17,net-04,3.5916
2026-01-02T02:38:32,db-03,0.1088
2026-01-02T02:38:40,net-02,0.9667
2026-01-02T02:38:45,hd-01,0.1277
2026-01-02T02:39:13,net-02,1.7774
2026-01-02T02:41:02,hd-02,3.2152
2026-01-02T02:41:46,lb-01,3.2447
2026-01-02T02:42:09,web-01,1.7776
2026-01-02T02:42:57,lb-02,1.3993
2026-01-02T02:43:29,web-04,5.3993
2026-01-02T02:44:17,web-04,0.9013
2026-01-02T02:44:21,hd-02,1.8448
2026-01-02T02:46:27,web-05,0.0477
2026-01-02T02:46:29,lb-01,9.9237
2026-01-02T02:46:43,web-03,2.1113
2026-01-02T02:46:53,cache-02,4.8338
2026-01-02T02:47:34,db-02,5.4191
2026-01-02T02:47:45,cache-03,0.1524
2026-01-02T02:47:50,web-01,0.4966
2026-01-02T02:48:03,db-02,0.0620
2026-01-02T02:48:05,hd-02,4.9821
2026-01-02T02:48:14,net-02,2.9919
2026-01-02T02:48:16,web-01,0.1884
2026-01-02T02:48:30,lb-02,11.2366
2026-01-02T02:48:40,db-01,0.0988
2026-01-02T02:48:41,net-01,7.6192
2026-01-02T02:49:13,lb-02,1.6214
2026-01-02T02:49:15,cache-02,0.0001
2026-01-02T02:49:31,net-03,2.4962
2026-01-02T02:49:48,lb-02,1.3928
2026-01-02T02:49:53,db-03,8.9440
2026-01-02T02:49:55,web-01,2.9686
2026-01-02T02:50:33,cache-02,0.2598
2026-01-02T02:51:35,web-01,0.8146
2026-01-02T02:52:36,web-05,7.3990
2026-01-02T02:52:37,web-02,0.2431
2026-01-02T02:52:46,net-02,4.0165
2026-01-02T02:53:39,db-03,0.6327
2026-01-02T02:54:00,db-02,2.4521
2026-01-02T02:54:31,hd-01,0.5155
2026-01-02T02:54:34,cache-01,0.5972
2026-01-02T02:54:37,db-02,1.1183
2026-01-02T02:55:10,net-04,0.7294
2026-01-02T02:55:21,db-02,0.6170
2026-01-02T02:55:59,cache-01,2.6714
2026-01-02T02:57:12,cache-03,1.8110
2026-01-02T02:59:11,lb-02,0.9913
2026-01-02T02:59:30,cache-03,3.0841
2026-01-02T03:00:10,web-04,0.9238
2026-01-02T03:01:35,net-03,4.9648
2026-01-02T03:01:42,hd-01,2.1261
2026-01-02T03:02:17,net-03,7.3047
2026-01-02T03:02:27,hd-02,0.7135
2026-01-02T03:02:32,hd-02,1.3208
2026-01-02T03:03:00,web-05,3.1382
2026-01-02T03:03:06,lb-01,0.3251
2026-01-02T03:03:07,lb-02,4.6101
2026-01-02T03:04:27,net-01,3.4606
2026-01-02T03:05:29,hd-02,0.3111
2026-01-02T03:06:03,db-03,1.3311
2026-01-02T03:06:07,net-03,11.0341
2026-01-02T03:06:42,web-02,5.0787
2026-01-02T03:06:44,hd-01,0.3110
2026-01-02T03:06:49,net-02,1.6855
2026-01-02T03:06:56,db-03,2.3176
2026-01-02T03:07:09,lb-01,1.3089
2026-01-02T03:07:12,net-02,15.2583
2026-01-02T03:07:28,lb-01,14.2629
2026-01-02T03:09:22,lb-02,1.2278
2026-01-02T03:10:07,hd-01,0.2114
2026-01-02T03:10:39,lb-02,1.9772
2026-01-02T03:12:09,cache-01,4.6254
2026-01-02T03:12:12,lb-02,4.4645
2026-01-02T03:12:41,hd-02,2.8549
2026-01-02T03:13:30,db-03,1.5072
2026-01-02T03:13:57,lb-02,14.9563
2026-01-02T03:14:00,db-01,1.7793
2026-01-02T03:14:29,hd-02,5.0039
2026-01-02T03:14:29,db-01,0.4030
2026-01-02T03:15:42,db-02,0.6139
2026-01-02T03:16:17,db-03,0.9729
2026-01-02T03:17:19,hd-02,0.4302
2026-01-02T03:17:49,lb-01,0.8568
2026-01-02T03:18:34,cache-03,1.1397
2026-01-02T03:18:35,hd-01,0.3538
2026-01-02T03:19:03,cache-02,1.5313
2026-01-02T03:19:23,cache-03,4.9675
2026-01-02T03:19:36,hd-02,0.0198
2026-01-02T03:19:54,lb-01,1.3283
2026-01-02T03:21:31,net-02,55.6091
2026-01-02T03:22:27,cache-03,2.1401
2026-01-02T03:22:57,hd-01,0.5914
2026-01-02T03:23:01,cache-02,0.3814
2026-01-02T03:23:37,db-03,0.6604
2026-01-02T03:23:48,hd-02,2.0399
2026-01-02T03:24:03,db-03,7.0834
2026-01-02T03:24:08,net-02,0.6572
2026-01-02T03:25:31,lb-01,14.1280
2026-01-02T03:25:52,web-03,7.4746
2026-01-02T03:26:17,hd-02,4.0009
2026-01-02T03:26:39,db-02,1.5182
2026-01-02T03:27:09,net-04,2.4524
2026-01-02T03:27:13,db-03,0.6523
2026-01-02T03:27:32,db-01,0.1759
2026-01-02T03:27:53,cache-02,8.3289
2026-01-02T03:28:08,db-03,0.9928
2026-01-02T03:28:19,net-01,0.5553
2026-01-02T03:28:39,db-03,1.1595
2026-01-02T03:28:48,db-02,1.9600
2026-01-02T03:28:57,web-01,0.7907
2026-01-02T03:29:00,web-03,0.0660
2026-01-02T03:29:13,lb-02,0.5569
2026-01-02T03:29:13,cache-03,2.9101
2026-01-02T03:29:26,lb-01,1.4567
2026-01-02T03:29:52,web-01,4.6730
2026-01-02T03:31:12,hd-02,1.2239
2026-01-02T03:31:29,web-02,2.0171
2026-01-02T03:32:27,lb-02,3.6297
2026-01-02T03:33:25,hd-02,3.9862
2026-01-02T03:34:15,hd-01,9.5029
2026-01-02T03:34:45,hd-02,1.9274
2026-01-02T03:35:29,db-03,5.5595
2026-01-02T03:35:33,lb-02,0.7263
2026-01-02T03:36:27,lb-02,0.7589
2026-01-02T03:36:29,cache-02,3.0409
2026-01-02T03:36:38,db-03,2.7734
2026-01-02T03:38:01,cache-01,1.3308
2026-01-02T03:38:45,db-01,1.2309
2026-01-02T03:39:48,hd-01,1.9190
2026-01-02T03:39:54,lb-02,0.9036
2026-01-02T03:40:06,db-01,3.2520
2026-01-02T03:40:07,net-04,16.0332
2026-01-02T03:41:36,hd-02,2.8693
2026-01-02T03:42:12,cache-02,0.7809
2026-01-02T03:43:22,hd-02,2.0232
2026-01-02T03:44:52,db-01,0.1850
2026-01-02T03:46:38,hd-01,0.8185
2026-01-02T03:46:49,web-04,2.4818
2026-01-02T03:47:15,web-04,0.6463
2026-01-02T03:48:18,cache-01,1.1922
2026-01-02T03:49:40,db-03,2.6733
2026-01-02T03:49:42,hd-02,0.0150
2026-01-02T03:50:10,net-04,2.4855
2026-01-02T03:50:16,db-01,8.5884
2026-01-02T03:50:22,lb-01,1.7803
2026-01-02T03:50:49,cache-02,1.1278
2026-01-02T03:50:52,cache-03,1.2065
2026-01-02T03:50:58,db-01,1.8780
2026-01-02T03:51:22,db-01,3.6428
2026-01-02T03:51:48,web-03,0.7784
2026-01-02T03:52:11,web-05,1.5913
2026-01-02T03:52:41,hd-02,1.5624
2026-01-02T03:52:59,lb-02,0.5050
2026-01-02T03:53:42,web-01,2.3819
2026-01-02T03:54:15,web-05,3.3151
2026-01-02T03:54:42,web-02,1.4920
2026-01-02T03:55:08,hd-01,21.2543
2026-01-02T03:55:11,web-04,1.2704
2026-01-02T03:55:21,web-05,4.2523
2026-01-02T03:55:45,cache-01,1.8278
2026-01-02T03:55:52,web-04,9.0526
2026-01-02T03:56:00,net-02,3.2048
2026-01-02T03:57:20,net-01,2.3873
2026-01-02T03:58:32,hd-02,6.5872
2026-01-02T03:58:40,hd-01,0.5595
2026-01-02T04:00:00,cache-01,0.8662
2026-01-02T04:00:10,db-01,1.1379
2026-01-02T04:00:12,net-01,2.7528
2026-01-02T04:00:33,web-04,2.6002
2026-01-02T04:00:42,db-01,2.2332
2026-01-02T04:00:54,db-03,0.9264
2026-01-02T04:01:04,hd-01,0.4492
2026-01-02T04:01:40,net-01,0.5617
2026-01-02T04:02:16,db-01,3.2339
2026-01-02T04:03:16,hd-02,3.2748
2026-01-02T04:03:37,hd-01,3.6346
2026-01-02T04:04:13,hd-01,6.9927
2026-01-02T04:05:08,lb-02,0.4159
2026-01-02T04:05:08,db-03,8.3695
2026-01-02T04:06:18,web-01,1.1129
2026-01-02T04:06:19,web-04,8.0381
2026-01-02T04:07:52,cache-01,17.0527
2026-01-02T04:08:19,net-04,0.6919
2026-01-02T04:08:57,lb-01,0.8191
2026-01-02T04:08:59,hd-01,45.2056
2026-01-02T04:09:24,web-04,0.6477
2026-01-02T04:09:31,db-03,19.4089
2026-01-02T04:10:01,hd-02,2.4961
2026-01-02T04:10:21,hd-01,1.0633
2026-01-02T04:11:15,web-04,3.8968
2026-01-02T04:11:17,web-05,6.8597
2026-01-02T04:12:59,web-05,7.1967
2026-01-02T04:13:09,hd-01,1.1227
2026-01-02T04:13:34,web-02,0.1198
2026-01-02T04:13:38,hd-02,0.4797
2026-01-02T04:13:42,lb-01,0.0661
2026-01-02T04:13:57,web-02,9.1738
2026-01-02T04:14:02,hd-02,3.1335
2026-01-02T04:14:13,web-03,2.7732
2026-01-02T04:14:42,lb-02,0.3008
2026-01-02T04:15:03,hd-02,2.8993
2026-01-02T04:15:18,cache-01,0.1508
2026-01-02T04:15:27,cache-02,14.8428
2026-01-02T04:15:37,web-02,2.8091
2026-01-02T04:15:38,cache-02,4.1723
2026-01-02T04:15:48,lb-02,1.1136
2026-01-02T04:17:46,web-01,0.6376
2026-01-02T04:17:54,hd-01,1.0018
2026-01-02T04:18:01,cache-03,6.9055
2026-01-02T04:18:13,hd-01,1.2481
2026-01-02T04:18:36,lb-01,2.2890
2026-01-02T04:18:59,web-03,0.0995
2026-01-02T04:19:23,hd-01,6.7264
2026-01-02T04:19:57,net-04,4.5012
2026-01-02T04:20:01,hd-01,3.3588
2026-01-02T04:21:14,hd-02,0.2116
2026-01-02T04:21:15,lb-02,2.6146
2026-01-02T04:22:02,cache-01,3.8054
2026-01-02T04:22:51,db-01,0.5366
2026-01-02T04:23:10,cache-01,0.0239
2026-01-02T04:23:18,cache-01,0.9649
2026-01-02T04:23:27,hd-01,12.0837
2026-01-02T04:24:26,web-03,2.2393
2026-01-02T04:24:39,net-02,1.4305
2026-01-02T04:25:22,cache-02,1.5242
2026-01-02T04:25:35,lb-01,5.9792
2026-01-02T04:26:31,web-01,0.2787
2026-01-02T04:26:33,db-03,0.5479
2026-01-02T04:27:12,net-02,1.4402
2026-01-02T04:27:18,lb-01,1.8359
2026-01-02T04:27:28,hd-01,5.3754
2026-01-02T04:27:34,db-01,8.1359
2026-01-02T04:27:35,net-01,0.9934
2026-01-02T04:27:49,lb-01,6.0157
2026-01-02T04:28:39,hd-02,1.8341
2026-01-02T04:28:47,net-01,0.6464
2026-01-02T04:28:51,cache-01,1.3696
2026-01-02T04:28:52,web-04,0.8068
2026-01-02T04:29:12,lb-01,0.2322
2026-01-02T04:30:24,net-02,0.2860
2026-01-02T04:30:35,lb-02,0.5288
2026-01-02T04:30:50,cache-03,2.6288
2026-01-02T04:31:16,net-01,7.2112
2026-01-02T04:31:42,cache-01,4.9085
2026-01-02T04:32:10,net-01,2.8117
2026-01-02T04:32:12,cache-01,9.6507
2026-01-02T04:32:19,web-03,0.0087
2026-01-02T04:32:33,db-03,11.8657
2026-01-02T04:32:48,cache-01,1.1388
2026-01-02T04:33:19,db-02,1.9604
2026-01-02T04:33:32,lb-02,6.8924
2026-01-02T04:33:37,cache-01,1.5681
2026-01-02T04:33:45,net-03,0.9578
2026-01-02T04:33:56,cache-02,0.1616
2026-01-02T04:34:24,web-03,13.6165
2026-01-02T04:34:48,cache-03,1.9809
2026-01-02T04:35:36,net-02,5.4500
2026-01-02T04:35:36,cache-03,5.0374
2026-01-02T04:36:31,lb-02,0.8422
2026-01-02T04:36:33,hd-02,0.9183
2026-01-02T04:36:52,lb-01,4.6876
2026-01-02T04:36:53,hd-02,19.9123
2026-01-02T04:37:33,web-05,0.8413
2026-01-02T04:38:41,db-03,0.6805
2026-01-02T04:40:09,net-02,0.5963
2026-01-02T04:40:30,lb-02,0.1092
2026-01-02T04:40:51,net-03,1.0966
2026-01-02T04:41:14,hd-01,2.6301
2026-01-02T04:41:47,net-04,0.8305
2026-01-02T04:42:07,net-03,1.9178
2026-01-02T04:42:23,hd-01,16.4720
2026-01-02T04:43:57,net-03,14.3763
2026-01-02T04:44:06,db-02,0.3152
2026-01-02T04:44:39,hd-02,1.3671
2026-01-02T04:46:15,lb-02,0.4581
2026-01-02T04:47:14,db-01,0.4629
2026-01-02T04:48:55,cache-03,0.1473
2026-01-02T04:49:09,net-02,4.3196
2026-01-02T04:49:20,net-03,22.5418
2026-01-02T04:49:46,net-01,1.4626
2026-01-02T04:50:18,net-04,3.1145
2026-01-02T04:50:33,web-04,0.3903
2026-01-02T04:52:04,lb-02,0.4091
2026-01-02T04:52:22,lb-02,8.2018
2026-01-02T04:52:26,web-01,9.5460
2026-01-02T04:53:18,lb-01,1.2547
2026-01-02T04:53:23,net-03,0.8470
2026-01-02T04:53:41,hd-01,0.2481
2026-01-02T04:54:14,hd-02,0.7770
2026-01-02T04:54:53,cache-01,23.6120
2026-01-02T04:54:57,net-04,3.1122
2026-01-02T04:56:19,web-03,0.6903
2026-01-02T04:56:29,db-01,8.1351
2026-01-02T04:57:12,web-01,0.9277
2026-01-02T04:58:11,cache-02,2.0643
2026-01-02T04:58:16,db-01,0.7660
2026-01-02T04:58:21,web-03,2.4654
2026-01-02T04:58:25,web-02,9.7960
2026-01-02T04:58:31,lb-02,1.0903
2026-01-02T04:59:16,hd-02,1.7367
2026-01-02T05:00:16,db-01,5.4681
2026-01-02T05:02:21,web-02,2.4639
2026-01-02T05:03:14,web-01,9.4086
2026-01-02T05:03:48,web-02,0.8055
2026-01-02T05:04:48,web-02,1.5447
2026-01-02T05:06:09,lb-01,0.6156
2026-01-02T05:06:16,cache-02,0.7993
2026-01-02T05:07:16,hd-01,5.2392
2026-01-02T05:07:16,web-02,1.1215
2026-01-02T05:07:26,db-03,4.4247
2026-01-02T05:07:38,web-05,1.1380
2026-01-02T05:08:35,net-01,2.4180
2026-01-02T05:08:43,hd-01,0.7548
2026-01-02T05:10:04,web-03,3.4715
2026-01-02T05:10:11,cache-01,3.8450
2026-01-02T05:10:14,lb-02,2.1907
2026-01-02T05:10:21,hd-01,0.0783
2026-01-02T05:10:41,lb-02,0.7067
2026-01-02T05:10:59,cache-01,1.6210
2026-01-02T05:11:03,web-01,21.9181
2026-01-02T05:11:09,web-01,0.7902
2026-01-02T05:11:36,web-01,0.6032
2026-01-02T05:11:43,web-01,0.7184
2026-01-02T05:12:09,cache-03,1.3389
2026-01-02T05:12:20,db-01,1.1552
2026-01-02T05:12:28,web-03,0.9537
2026-01-02T05:12:39,lb-02,1.1693
2026-01-02T05:12:51,net-04,5.4179
2026-01-02T05:12:54,lb-02,0.4495
2026-01-02T05:13:08,net-01,4.2461
2026-01-02T05:13:09,hd-02,0.3512
2026-01-02T05:13:22,hd-01,24.6238
2026-01-02T05:14:09,hd-01,0.8450
2026-01-02T05:14:11,lb-02,9.6971
2026-01-02T05:14:23,lb-02,1.3135
2026-01-02T05:15:31,lb-02,0.3061
2026-01-02T05:15:48,cache-01,1.2646
2026-01-02T05:16:01,cache-02,3.2578
2026-01-02T05:16:31,cache-03,1.2174
2026-01-02T05:16:40,hd-02,1.6964
2026-01-02T05:17:19,db-02,0.5745
2026-01-02T05:17:19,hd-01,5.7072
2026-01-02T05:18:53,web-04,0.2966
2026-01-02T05:20:05,db-02,0.6789
2026-01-02T05:20:28,db-01,9.1211
2026-01-02T05:21:04,net-01,37.4161
2026-01-02T05:21:08,web-04,0.4558
2026-01-02T05:21:33,db-02,0.1321
2026-01-02T05:21:54,db-01,3.2381
2026-01-02T05:22:21,hd-02,2.0262
2026-01-02T05:22:36,web-05,7.1963
2026-01-02T05:23:45,hd-01,7.3899
2026-01-02T05:24:02,web-03,0.7830
2026-01-02T05:24:17,hd-02,0.3240
2026-01-02T05:24:30,lb-02,13.7226
2026-01-02T05:25:13,hd-02,21.2601
2026-01-02T05:25:24,cache-01,1.8919
2026-01-02T05:25:25,cache-03,4.0700
2026-01-02T05:26:47,hd-01,2.8220
2026-01-02T05:27:10,web-04,1.6820
2026-01-02T05:28:06,db-01,2.0834
2026-01-02T05:28:21,hd-02,0.6513
2026-01-02T05:28:29,db-02,2.8637
2026-01-02T05:28:46,db-02,3.6630
2026-01-02T05:28:46,db-03,1.1901
2026-01-02T05:29:38,lb-01,7.6096
2026-01-02T05:30:00,db-03,8.7118
2026-01-02T05:30:47,db-02,0.6979
2026-01-02T05:31:12,web-03,1.7154
2026-01-02T05:31:45,web-05,7.5332
2026-01-02T05:32:07,lb-01,10.7534
2026-01-02T05:33:05,net-02,1.0946
2026-01-02T05:33:05,lb-02,0.1981
2026-01-02T05:33:28,net-02,0.8717
2026-01-02T05:33:46,hd-01,0.0828
2026-01-02T05:34:02,net-01,1.4146
2026-01-02T05:34:03,db-02,1.0535
2026-01-02T05:34:06,net-02,0.4724
2026-01-02T05:34:11,db-02,1.8212
2026-01-02T05:35:01,db-02,1.6504
2026-01-02T05:35:09,web-02,0.7629
2026-01-02T05:35:36,hd-01,0.2323
2026-01-02T05:35:44,net-04,2.0756
2026-01-02T05:37:17,net-02,1.0587
2026-01-02T05:40:40,cache-01,0.3881
2026-01-02T05:41:15,hd-02,1.4093
2026-01-02T05:42:00,hd-01,2.1791
2026-01-02T05:42:19,lb-02,2.7919
2026-01-02T05:43:31,net-01,0.3822
2026-01-02T05:44:11,db-01,3.4045
2026-01-02T05:44:15,lb-02,11.6505
2026-01-02T05:44:29,web-05,0.2215
2026-01-02T05:44:33,cache-01,2.8051
2026-01-02T05:45:43,db-01,0.3087
2026-01-02T05:46:51,cache-03,1.5869
2026-01-02T05:47:48,web-03,5.1595
2026-01-02T05:47:58,cache-03,0.7137
2026-01-02T05:48:06,cache-01,3.4820
2026-01-02T05:48:28,hd-02,0.9536
2026-01-02T05:48:56,lb-01,3.3895
2026-01-02T05:49:00,cache-01,1.8566
2026-01-02T05:49:23,web-03,0.5275
2026-01-02T05:49:29,lb-02,3.2110
2026-01-02T05:49:42,hd-01,0.7560
2026-01-02T05:50:52,web-02,0.2115
2026-01-02T05:51:18,hd-02,5.1372
2026-01-02T05:51:26,db-02,0.5327
2026-01-02T05:51:40,cache-03,6.7797
2026-01-02T05:51:41,lb-01,0.5349
2026-01-02T05:51:49,db-03,0.7269
2026-01-02T05:52:45,cache-03,0.9252
2026-01-02T05:52:49,db-03,0.2644
2026-01-02T05:53:01,db-01,3.2394
2026-01-02T05:53:14,cache-02,0.2808
2026-01-02T05:53:55,net-02,5.2158
2026-01-02T05:54:00,cache-02,50.3984
2026-01-02T05:55:07,db-03,72.0552
2026-01-02T05:56:48,web-05,16.2480
2026-01-02T05:57:56,web-04,17.1080
2026-01-02T05:58:00,db-01,2.4831
2026-01-02T06:00:19,cache-02,3.4974
2026-01-02T06:00:42,hd-01,5.4164
2026-01-02T06:00:44,lb-02,5.2736
2026-01-02T06:01:08,cache-01,4.7254
2026-01-02T06:01:15,cache-01,7.7142
2026-01-02T06:01:36,hd-01,3.6897
2026-01-02T06:01:38,web-02,8.3887
2026-01-02T06:03:08,lb-01,0.0705
2026-01-02T06:04:35,web-05,0.5911
2026-01-02T06:05:39,hd-01,2.7961
2026-01-02T06:05:57,hd-02,5.2983
2026-01-02T06:06:13,net-04,2.3795
2026-01-02T06:06:35,hd-01,8.4856
2026-01-02T06:08:05,net-03,1.6953
2026-01-02T06:08:14,db-01,2.0214
2026-01-02T06:08:16,web-01,0.5004
2026-01-02T06:08:40,hd-02,1.9523
2026-01-02T06:09:05,lb-02,2.8710
2026-01-02T06:09:55,cache-02,0.5338
2026-01-02T06:10:32,db-01,0.6099
2026-01-02T06:10:38,net-03,7.4295
2026-01-02T06:11:10,net-02,2.4127
2026-01-02T06:11:25,lb-02,30.2175
2026-01-02T06:13:14,net-04,2.3961
2026-01-02T06:13:23,web-05,0.7511
2026-01-02T06:13:44,db-03,7.7102
2026-01-02T06:13:48,hd-01,3.3475
2026-01-02T06:14:50,lb-02,2.6300
2026-01-02T06:14:54,hd-02,0.7296
2026-01-02T06:15:27,web-03,1.7439
2026-01-02T06:15:42,db-02,3.0425
2026-01-02T06:16:44,cache-01,0.1013
2026-01-02T06:17:11,lb-02,0.4419
2026-01-02T06:17:18,cache-02,0.2168
2026-01-02T06:17:25,lb-01,3.1035
2026-01-02T06:17:50,net-03,0.3050
2026-01-02T06:17:53,lb-02,3.1511
2026-01-02T06:18:07,db-03,0.0363
2026-01-02T06:19:01,db-02,1.3587
2026-01-02T06:19:18,lb-02,3.5136
2026-01-02T06:19:18,db-03,3.2411
2026-01-02T06:19:23,db-03,9.7134
2026-01-02T06:19:44,web-05,3.0963
2026-01-02T06:20:37,net-04,25.5384
2026-01-02T06:21:27,db-02,0.3044
2026-01-02T06:22:09,hd-01,2.1777
2026-01-02T06:22:13,web-04,0.6261
2026-01-02T06:22:35,lb-02,2.0288
2026-01-02T06:22:41,cache-02,1.6973
2026-01-02T06:22:50,cache-03,0.3615
2026-01-02T06:22:52,cache-03,0.0259
2026-01-02T06:22:53,hd-01,0.8479
2026-01-02T06:22:55,net-02,10.6319
2026-01-02T06:23:35,hd-02,20.1203
2026-01-02T06:23:57,web-01,3.8918
2026-01-02T06:23:57,web-01,2.3029
2026-01-02T06:24:30,hd-02,0.5205
2026-01-02T06:24:32,hd-02,1.5650
2026-01-02T06:24:45,lb-02,5.6423
2026-01-02T06:25:50,net-04,1.8284
2026-01-02T06:26:07,cache-03,0.1842
2026-01-02T06:26:54,web-04,0.6366
2026-01-02T06:29:33,db-02,1.2364
2026-01-02T06:30:26,db-01,1.8766
2026-01-02T06:30:48,web-03,0.3230
2026-01-02T06:31:59,cache-03,4.9364
2026-01-02T06:32:58,hd-02,8.5110
2026-01-02T06:33:04,lb-01,0.4552
2026-01-02T06:33:07,cache-02,7.0007
2026-01-02T06:33:17,cache-03,0.1668
2026-01-02T06:33:47,cache-03,0.0342
2026-01-02T06:34:11,net-01,1.9285
2026-01-02T06:35:07,net-04,0.1101
2026-01-02T06:35:36,lb-02,0.5398
2026-01-02T06:37:52,web-03,0.2757
2026-01-02T06:38:16,cache-03,0.2873
2026-01-02T06:39:07,web-04,1.3512
2026-01-02T06:40:24,cache-02,1.3699
2026-01-02T06:40:37,hd-02,5.1755
2026-01-02T06:41:08,lb-01,1.2897
2026-01-02T06:41:16,db-03,0.1628
2026-01-02T06:41:38,web-03,1.0358
2026-01-02T06:42:12,lb-01,0.8347
2026-01-02T06:42:15,cache-02,0.9083
2026-01-02T06:42:33,net-02,1.4075
2026-01-02T06:43:38,db-02,4.5867
2026-01-02T06:43:44,db-02,5.3736
2026-01-02T06:43:58,db-03,3.9208
2026-01-02T06:44:01,hd-01,2.2398
2026-01-02T06:44:05,net-03,19.1328
2026-01-02T06:44:26,db-01,3.0976
2026-01-02T06:46:44,cache-03,1.5058
2026-01-02T06:47:04,hd-02,1.6740
2026-01-02T06:47:19,net-04,0.2069
2026-01-02T06:47:49,hd-02,0.2933
2026-01-02T06:47:50,web-03,0.9812
2026-01-02T06:48:35,web-04,0.9453
2026-01-02T06:49:09,web-01,3.7914
2026-01-02T06:49:56,hd-02,0.9650
2026-01-02T06:50:07,net-01,0.1592
2026-01-02T06:52:43,db-03,6.6454
2026-01-02T06:53:28,net-02,0.0467
2026-01-02T06:54:45,web-01,0.0894
2026-01-02T06:54:53,web-03,1.4532
2026-01-02T06:55:27,hd-01,2.4460
2026-01-02T06:56:02,db-02,0.3508
2026-01-02T06:56:07,cache-03,10.7157
2026-01-02T06:56:14,lb-01,0.3772
2026-01-02T06:57:06,cache-02,1.9915
2026-01-02T06:57:08,web-04,0.4371
2026-01-02T06:57:50,net-04,0.3745
2026-01-02T06:58:09,web-05,3.0797
2026-01-02T06:58:29,cache-02,13.1350
2026-01-02T06:58:38,net-02,1.2504
2026-01-02T07:00:29,web-02,1.0071
2026-01-02T07:00:55,web-05,0.0023
2026-01-02T07:02:54,net-03,0.4892
2026-01-02T07:03:02,hd-01,1.7212
2026-01-02T07:03:10,db-03,23.1159
2026-01-02T07:03:16,db-03,4.1165
2026-01-02T07:03:24,db-03,1.6749
2026-01-02T07:04:09,net-04,6.2866
2026-01-02T07:05:18,web-02,9.7261
2026-01-02T07:05:54,cache-03,0.1774
2026-01-02T07:05:55,hd-02,0.3621
2026-01-02T07:06:05,web-02,0.8898
2026-01-02T07:06:40,net-01,2.7389
2026-01-02T07:07:09,lb-01,0.5996
2026-01-02T07:07:33,db-02,0.9809
2026-01-02T07:07:49,hd-02,1.6121
2026-01-02T07:09:03,web-02,0.8249
2026-01-02T07:09:23,web-05,0.2749
2026-01-02T07:09:29,web-02,1.5911
2026-01-02T07:09:47,db-03,5.8754
2026-01-02T07:10:11,hd-02,1.3467
2026-01-02T07:10:12,db-02,1.1345
2026-01-02T07:10:15,web-02,2.4981
2026-01-02T07:10:40,hd-02,0.5160
2026-01-02T07:10:44,lb-02,0.2551
2026-01-02T07:10:57,hd-02,5.8571
2026-01-02T07:11:04,net-03,1.0993
2026-01-02T07:12:02,web-05,0.2833
2026-01-02T07:12:11,hd-01,0.6707
2026-01-02T07:12:33,web-05,0.5560
2026-01-02T07:13:26,lb-01,0.0965
2026-01-02T07:14:06,net-03,0.6671
2026-01-02T07:14:08,hd-02,0.8295
2026-01-02T07:14:54,db-01,6.2908
2026-01-02T07:15:06,net-02,1.8672
2026-01-02T07:15:21,lb-02,0.7125
2026-01-02T07:15:43,net-01,4.2658
2026-01-02T07:16:49,net-03,4.5652
2026-01-02T07:17:37,cache-03,0.9286
2026-01-02T07:17:53,hd-02,2.8655
2026-01-02T07:17:58,db-03,2.3532
2026-01-02T07:18:09,net-04,0.2494
2026-01-02T07:18:38,cache-03,0.6171
2026-01-02T07:18:51,cache-02,0.7073
2026-01-02T07:19:01,lb-02,0.7168
2026-01-02T07:19:26,cache-01,4.4108
2026-01-02T07:20:03,web-03,2.7444
2026-01-02T07:20:49,db-02,0.3310
2026-01-02T07:21:56,net-03,4.9015
2026-01-02T07:21:58,net-03,10.6193
2026-01-02T07:23:39,lb-01,9.5277
2026-01-02T07:23:57,net-04,0.8478
2026-01-02T07:24:40,cache-01,1.0579
2026-01-02T07:25:01,lb-02,0.6527
2026-01-02T07:25:23,hd-01,4.2389
2026-01-02T07:25:27,db-03,0.3697
2026-01-02T07:25:37,net-02,3.2867
2026-01-02T07:26:56,lb-02,1.2341
2026-01-02T07:27:48,hd-02,2.0723
2026-01-02T07:27:52,cache-01,1.8038
2026-01-02T07:28:28,db-02,4.9829
2026-01-02T07:29:38,hd-01,1.4616
2026-01-02T07:29:40,lb-01,2.7013
2026-01-02T07:30:45,cache-02,1.1195
2026-01-02T07:31:11,hd-02,0.8899
2026-01-02T07:31:24,cache-03,1.1281
2026-01-02T07:32:02,cache-03,3.9742
2026-01-02T07:32:21,web-01,0.8897
2026-01-02T07:32:41,db-02,3.3650
2026-01-02T07:33:08,db-02,5.1441
2026-01-02T07:33:28,net-03,0.4447
2026-01-02T07:33:31,db-03,1.6152
2026-01-02T07:33:34,web-01,0.1730
2026-01-02T07:34:17,cache-02,3.1461
2026-01-02T07:34:25,net-04,2.3203
2026-01-02T07:34:40,lb-02,3.6854
2026-01-02T07:34:52,web-04,0.2645
2026-01-02T07:35:03,cache-03,0.8777
2026-01-02T07:35:44,net-01,4.2949
2026-01-02T07:36:25,net-02,0.0604
2026-01-02T07:36:29,lb-02,0.5114
2026-01-02T07:36:46,cache-03,2.0063
2026-01-02T07:37:11,lb-02,4.9061
2026-01-02T07:37:21,net-04,3.7973
2026-01-02T07:37:34,db-01,1.9663
2026-01-02T07:38:44,web-04,2.1700
2026-01-02T07:39:27,lb-02,0.3742
2026-01-02T07:39:53,db-02,4.2408
2026-01-02T07:40:07,hd-02,0.0369
2026-01-02T07:42:32,web-01,1.0403
2026-01-02T07:43:28,web-05,7.7830
2026-01-02T07:43:43,lb-02,2.0662
2026-01-02T07:45:13,cache-03,0.1739
2026-01-02T07:45:28,hd-02,1.9349
2026-01-02T07:45:43,net-02,0.2825
2026-01-02T07:46:05,net-02,2.2978
2026-01-02T07:46:21,db-01,1.6598
2026-01-02T07:47:22,lb-01,0.2270
2026-01-02T07:47:35,cache-02,3.3215
2026-01-02T07:47:42,db-01,6.1444
2026-01-02T07:48:03,net-02,1.0046
2026-01-02T07:51:05,hd-01,2.4886
2026-01-02T07:51:20,web-01,2.9502
2026-01-02T07:51:31,net-04,0.4462
2026-01-02T07:51:42,web-03,7.5079
2026-01-02T07:52:01,cache-03,2.8170
2026-01-02T07:52:05,net-02,2.4290
2026-01-02T07:52:41,web-04,0.2955
2026-01-02T07:53:01,net-03,6.1852
2026-01-02T07:53:06,db-02,26.5486
2026-01-02T07:57:01,db-02,3.8868
2026-01-02T07:57:06,db-03,0.5330
2026-01-02T07:59:41,hd-02,7.3806
2026-01-02T07:59:44,web-02,2.4882
2026-01-02T07:59:56,net-02,38.7559
2026-01-02T08:00:21,net-03,3.7182
2026-01-02T08:01:16,db-03,0.5336
2026-01-02T08:01:28,db-02,15.0702
2026-01-02T08:02:08,hd-01,2.6181
2026-01-02T08:02:43,lb-01,5.8301
2026-01-02T08:03:22,hd-02,1.3959
2026-01-02T08:04:08,db-03,5.8813
2026-01-02T08:04:34,hd-02,1.9267
2026-01-02T08:05:03,net-04,1.6107
2026-01-02T08:05:03,lb-01,5.3099
2026-01-02T08:05:29,db-02,1.1283
2026-01-02T08:05:36,hd-01,3.8062
2026-01-02T08:06:26,net-02,4.8890
2026-01-02T08:07:39,net-04,6.6155
2026-01-02T08:08:02,web-01,4.7364
2026-01-02T08:10:07,hd-02,1.5533
2026-01-02T08:10:19,lb-01,0.3334
2026-01-02T08:10:52,web-02,2.7496
2026-01-02T08:11:15,db-03,1.6345
2026-01-02T08:11:33,db-02,0.9771
2026-01-02T08:11:58,db-01,0.6784
2026-01-02T08:12:02,web-03,0.1431
2026-01-02T08:13:37,net-02,0.2764
2026-01-02T08:13:50,db-01,1.6277
2026-01-02T08:13:56,net-02,24.3115
2026-01-02T08:13:57,lb-02,6.7508
2026-01-02T08:14:18,cache-03,11.7649
2026-01-02T08:14:24,net-03,1.1190
2026-01-02T08:14:44,lb-02,1.4750
2026-01-02T08:14:48,lb-01,7.2806
2026-01-02T08:14:58,db-01,3.1146
2026-01-02T08:15:16,lb-02,0.1660
2026-01-02T08:15:22,db-01,91.2470
2026-01-02T08:15:22,lb-02,0.1983
2026-01-02T08:17:38,web-01,0.2228
2026-01-02T08:18:52,web-05,0.5047
2026-01-02T08:19:00,lb-02,100.0000
2026-01-02T08:20:57,db-01,1.2974
2026-01-02T08:20:57,lb-02,1.1012
2026-01-02T08:21:03,net-04,1.0821
2026-01-02T08:21:29,db-01,0.3324
2026-01-02T08:22:45,net-04,0.9784
2026-01-02T08:23:08,lb-01,2.5810
2026-01-02T08:23:49,cache-01,0.7459
2026-01-02T08:24:33,hd-02,1.3298
2026-01-02T08:25:53,web-05,15.4888
2026-01-02T08:26:04,hd-02,8.7345
2026-01-02T08:27:40,db-01,0.2408
2026-01-02T08:28:18,db-02,0.8015
2026-01-02T08:29:01,web-04,2.2479
2026-01-02T08:29:33,cache-02,14.7245
2026-01-02T08:29:55,cache-02,0.2162
2026-01-02T08:30:17,net-03,0.1198
2026-01-02T08:30:26,cache-03,2.9959
2026-01-02T08:30:41,lb-02,5.2968
2026-01-02T08:30:56,net-03,0.2249
2026-01-02T08:32:30,net-02,0.2035
2026-01-02T08:33:08,hd-02,0.3371
2026-01-02T08:33:21,hd-01,9.2805
2026-01-02T08:35:20,db-01,0.4530
2026-01-02T08:35:35,lb-02,1.9512
2026-01-02T08:36:10,lb-01,5.3639
2026-01-02T08:36:12,net-01,0.4300
2026-01-02T08:36:15,web-02,1.0142
2026-01-02T08:36:28,cache-02,0.5649
2026-01-02T08:38:43,net-01,10.3923
2026-01-02T08:39:33,db-01,1.6856
2026-01-02T08:39:39,hd-01,1.7061
2026-01-02T08:40:23,net-01,5.7555
2026-01-02T08:40:25,hd-02,0.9118
2026-01-02T08:40:26,web-05,2.9019
2026-01-02T08:41:35,lb-01,0.0588
2026-01-02T08:43:02,db-03,0.1907
2026-01-02T08:43:16,cache-03,6.3254
2026-01-02T08:43:28,cache-02,4.8705
2026-01-02T08:43:39,web-04,29.7631
2026-01-02T08:43:46,hd-02,9.0089
2026-01-02T08:43:54,lb-02,0.0624
2026-01-02T08:44:23,net-03,5.5745
2026-01-02T08:44:26,lb-02,0.1969
2026-01-02T08:44:28,lb-01,0.0322
2026-01-02T08:44:34,hd-01,0.9488
2026-01-02T08:44:47,lb-01,1.4516
2026-01-02T08:45:23,hd-01,6.0244
2026-01-02T08:45:26,lb-02,1.0995
2026-01-02T08:46:55,lb-01,10.1082
2026-01-02T08:46:55,net-02,0.1800
2026-01-02T08:47:41,db-02,5.4547
2026-01-02T08:47:50,db-02,1.3393
2026-01-02T08:47:50,web-05,1.2067
2026-01-02T08:47:52,net-02,6.5750
2026-01-02T08:49:21,db-02,3.0591
2026-01-02T08:50:00,net-01,0.7751
2026-01-02T08:50:38,db-03,0.7642
2026-01-02T08:51:25,db-02,1.3830
2026-01-02T08:53:08,net-02,0.6022
2026-01-02T08:53:40,hd-01,3.1942
2026-01-02T08:54:37,cache-03,7.1652
2026-01-02T08:55:06,net-03,4.8783
2026-01-02T08:55:22,hd-01,1.1024
2026-01-02T08:55:57,net-04,0.4201
2026-01-02T08:56:17,lb-01,1.4066
2026-01-02T08:58:20,hd-01,3.2945
2026-01-02T09:00:12,net-02,3.8470
2026-01-02T09:01:19,hd-01,0.1252
2026-01-02T09:01:40,lb-02,9.7825
2026-01-02T09:02:53,db-01,23.1336
2026-01-02T09:03:49,hd-01,0.5577
2026-01-02T09:04:02,cache-02,2.0882
2026-01-02T09:04:24,cache-01,1.9164
2026-01-02T09:04:43,hd-02,6.3038
2026-01-02T09:05:08,net-03,0.4492
2026-01-02T09:05:14,net-03,0.6310
2026-01-02T09:06:19,cache-01,1.3852
2026-01-02T09:06:26,web-01,0.7131
2026-01-02T09:06:58,lb-01,2.4438
2026-01-02T09:07:48,db-01,3.3876
2026-01-02T09:08:34,db-01,2.9349
2026-01-02T09:08:53,web-01,1.7771
2026-01-02T09:09:21,hd-01,0.6861
2026-01-02T09:09:30,db-01,16.5713
2026-01-02T09:09:51,cache-03,1.5310
2026-01-02T09:09:59,lb-02,4.5807
2026-01-02T09:10:32,net-02,0.4508
2026-01-02T09:11:54,hd-02,5.5401
2026-01-02T09:12:26,lb-01,1.2885
2026-01-02T09:12:37,web-05,3.4543
2026-01-02T09:12:46,hd-02,3.1454
2026-01-02T09:14:10,cache-03,0.0345
2026-01-02T09:14:34,hd-01,0.7032
2026-01-02T09:15:07,net-03,0.7716
2026-01-02T09:15:14,lb-01,3.1975
2026-01-02T09:15:18,net-04,10.1303
2026-01-02T09:15:48,net-02,4.1400
2026-01-02T09:15:57,cache-01,7.7983
2026-01-02T09:16:25,db-02,0.2229
2026-01-02T09:16:30,hd-02,0.2087
2026-01-02T09:16:36,lb-01,2.2316
2026-01-02T09:16:58,db-02,14.4710
2026-01-02T09:17:13,hd-02,8.9091
2026-01-02T09:17:15,db-03,2.3680
2026-01-02T09:18:24,net-01,3.2864
2026-01-02T09:19:00,cache-03,5.3039
2026-01-02T09:19:05,db-03,1.9506
2026-01-02T09:19:24,hd-02,4.0687
2026-01-02T09:19:33,net-04,12.1996
2026-01-02T09:19:37,cache-01,0.0356
2026-01-02T09:20:02,lb-01,2.8880
2026-01-02T09:20:40,cache-03,0.1380
2026-01-02T09:20:55,net-01,1.1123
2026-01-02T09:21:22,lb-01,2.5588
2026-01-02T09:21:29,db-02,6.5237
2026-01-02T09:22:07,db-02,2.2784
2026-01-02T09:22:31,lb-02,10.4819
2026-01-02T09:22:47,db-03,12.6255
2026-01-02T09:24:17,cache-02,1.2985
2026-01-02T09:24:19,web-05,3.7687
2026-01-02T09:24:33,net-02,0.8668
2026-01-02T09:24:46,lb-01,0.8097
2026-01-02T09:24:53,net-04,0.9324
2026-01-02T09:25:36,cache-01,1.1862
2026-01-02T09:25:51,db-02,5.6603
2026-01-02T09:26:03,db-03,1.3536
2026-01-02T09:26:20,cache-02,5.6562
2026-01-02T09:26:33,lb-01,0.3430
2026-01-02T09:27:03,hd-01,1.8283
2026-01-02T09:27:55,db-03,1.4696
2026-01-02T09:27:57,hd-02,1.7761
2026-01-02T09:28:31,cache-03,0.8723
2026-01-02T09:28:44,net-02,0.7404
2026-01-02T09:28:51,cache-02,2.5136
2026-01-02T09:29:17,hd-01,1.5686
2026-01-02T09:29:21,hd-02,1.2814
2026-01-02T09:29:38,web-02,1.9799
2026-01-02T09:29:50,cache-03,0.9092
2026-01-02T09:30:06,hd-02,0.3833
2026-01-02T09:30:17,hd-02,0.6803
2026-01-02T09:30:44,net-01,1.1616
2026-01-02T09:31:16,db-01,2.5142
2026-01-02T09:31:23,db-02,0.7051
2026-01-02T09:31:27,lb-01,2.5526
2026-01-02T09:31:49,cache-02,4.3713
2026-01-02T09:31:59,db-03,18.9904
2026-01-02T09:32:26,lb-02,4.0804
2026-01-02T09:32:26,db-02,10.7946
2026-01-02T09:32:42,db-03,2.5426
2026-01-02T09:34:04,hd-01,3.1595
2026-01-02T09:34:10,lb-02,1.2327
2026-01-02T09:34:23,net-03,0.2457
2026-01-02T09:34:43,net-02,0.9524
2026-01-02T09:34:57,web-01,2.4947
2026-01-02T09:35:05,lb-02,0.4905
2026-01-02T09:35:08,web-03,1.5516
2026-01-02T09:35:19,cache-03,1.9115
2026-01-02T09:35:39,net-03,1.5733
2026-01-02T09:35:49,db-03,0.1632
2026-01-02T09:37:02,cache-03,0.2626
2026-01-02T09:37:21,net-03,0.9068
2026-01-02T09:38:37,web-05,0.8052
2026-01-02T09:39:39,db-02,3.2089
2026-01-02T09:39:44,cache-03,1.9069
2026-01-02T09:39:55,web-05,1.8608
2026-01-02T09:40:43,cache-02,3.3440
2026-01-02T09:41:46,lb-01,1.1126
2026-01-02T09:42:30,web-03,2.2443
2026-01-02T09:43:41,net-01,1.7190
2026-01-02T09:44:16,hd-01,1.8015
2026-01-02T09:44:48,cache-03,0.2042
2026-01-02T09:45:18,cache-02,1.1526
2026-01-02T09:45:44,db-02,8.6667
2026-01-02T09:46:25,cache-01,2.0167
2026-01-02T09:46:46,lb-01,2.9500
2026-01-02T09:47:34,db-02,3.0393
2026-01-02T09:47:57,hd-01,10.9603
2026-01-02T09:47:59,net-03,0.3116
2026-01-02T09:49:24,hd-02,1.5398
2026-01-02T09:49:27,hd-02,2.2582
2026-01-02T09:49:39,db-02,2.8687
2026-01-02T09:49:51,web-02,2.2137
2026-01-02T09:50:10,cache-03,6.0978
2026-01-02T09:50:42,web-01,0.0689
2026-01-02T09:50:43,cache-03,1.4743
2026-01-02T09:52:01,hd-01,2.1950
2026-01-02T09:52:53,web-01,1.3822
2026-01-02T09:52:56,lb-01,0.2379
2026-01-02T09:53:07,web-04,0.7516
2026-01-02T09:54:49,cache-03,4.8844
2026-01-02T09:57:28,web-02,22.9122
2026-01-02T09:58:16,lb-02,2.2225
2026-01-02T09:59:35,net-02,0.1125
2026-01-02T09:59:36,cache-01,1.5056
2026-01-02T10:00:56,net-01,5.2791
2026-01-02T10:01:40,cache-01,0.9328
2026-01-02T10:02:15,lb-01,3.3587
2026-01-02T10:02:56,net-03,1.3891
2026-01-02T10:03:10,lb-02,1.9968
2026-01-02T10:04:34,lb-01,7.4266
2026-01-02T10:04:35,hd-02,1.6560
2026-01-02T10:04:52,db-03,2.6451
2026-01-02T10:04:58,lb-01,16.2346
2026-01-02T10:06:20,hd-02,1.6966
2026-01-02T10:06:22,web-04,11.5439
2026-01-02T10:06:25,net-04,1.0532
2026-01-02T10:07:29,db-01,2.1322
2026-01-02T10:07:45,net-03,3.4299
2026-01-02T10:08:46,hd-01,0.3257
2026-01-02T10:09:45,db-02,2.1750
2026-01-02T10:10:41,net-04,0.1103
2026-01-02T10:12:04,web-04,2.8920
2026-01-02T10:13:13,web-02,6.8056
2026-01-02T10:13:31,net-04,1.7089
2026-01-02T10:13:45,net-03,0.5707
2026-01-02T10:14:02,cache-03,33.2981
2026-01-02T10:14:03,db-03,0.8526
2026-01-02T10:14:30,cache-01,1.0451
2026-01-02T10:14:33,lb-02,2.2540
2026-01-02T10:14:35,cache-01,0.4841
2026-01-02T10:16:04,hd-01,0.8790
2026-01-02T10:17:17,hd-02,1.9858
2026-01-02T10:17:18,net-01,2.4132
2026-01-02T10:17:49,web-02,2.2397
2026-01-02T10:17:57,web-02,3.5756
2026-01-02T10:18:04,cache-01,1.2186
2026-01-02T10:18:16,web-04,21.4186
2026-01-02T10:18:17,db-01,0.5780
2026-01-02T10:18:37,hd-02,1.4898
2026-01-02T10:18:47,net-03,7.3996
2026-01-02T10:18:53,lb-01,0.3163
2026-01-02T10:18:56,web-02,2.5521
2026-01-02T10:20:04,lb-01,0.2163
2026-01-02T10:22:09,db-01,2.5813
2026-01-02T10:22:15,db-02,3.1922
2026-01-02T10:22:30,web-04,1.3806
2026-01-02T10:22:42,lb-02,6.1352
2026-01-02T10:23:08,lb-02,6.3839
2026-01-02T10:23:18,lb-01,5.2408
2026-01-02T10:23:42,net-02,12.5539
2026-01-02T10:24:00,hd-01,0.7633
2026-01-02T10:24:16,cache-03,3.4396
2026-01-02T10:24:23,db-02,0.0745
2026-01-02T10:24:38,lb-02,1.1430
2026-01-02T10:25:42,cache-01,2.3975
2026-01-02T10:26:00,lb-02,0.7755
2026-01-02T10:26:18,lb-02,13.3651
2026-01-02T10:26:30,web-03,1.1126
2026-01-02T10:26:38,net-03,2.7928
2026-01-02T10:26:55,lb-02,1.0959
2026-01-02T10:26:56,cache-02,0.8088
2026-01-02T10:27:31,net-04,0.3480
2026-01-02T10:27:55,cache-01,0.6433
2026-01-02T10:27:57,net-02,2.0771
2026-01-02T10:28:20,cache-01,6.6312
2026-01-02T10:28:43,lb-02,13.8539
2026-01-02T10:29:29,web-01,1.7167
2026-01-02T10:30:10,cache-01,4.5763
2026-01-02T10:30:45,net-01,1.3287
2026-01-02T10:30:49,db-03,3.9997
2026-01-02T10:31:07,net-03,7.5555
2026-01-02T10:31:42,net-02,1.5060
2026-01-02T10:31:53,db-02,4.3204
2026-01-02T10:32:18,web-02,2.4099
2026-01-02T10:32:35,db-03,38.5837
2026-01-02T10:32:36,hd-01,0.6493
2026-01-02T10:33:05,db-01,1.2215
2026-01-02T10:33:34,cache-03,0.4083
2026-01-02T10:33:47,hd-02,2.2966
2026-01-02T10:34:01,db-02,0.2800
2026-01-02T10:34:24,hd-01,0.0551
2026-01-02T10:34:29,db-01,4.6607
2026-01-02T10:34:55,cache-01,0.6594
2026-01-02T10:35:02,web-01,1.8017
2026-01-02T10:35:34,net-02,1.1966
2026-01-02T10:36:47,lb-01,0.2128
2026-01-02T10:36:59,hd-02,0.1047
2026-01-02T10:37:28,hd-01,0.8460
2026-01-02T10:37:36,net-02,1.2227
2026-01-02T10:38:09,net-03,0.1170
2026-01-02T10:38:10,web-05,2.6420
2026-01-02T10:39:05,cache-01,1.3091
2026-01-02T10:39:38,lb-02,2.9401
2026-01-02T10:39:50,net-01,3.7860
2026-01-02T10:41:02,web-02,1.9873
2026-01-02T10:42:41,lb-01,16.0518
2026-01-02T10:43:01,db-03,0.0578
2026-01-02T10:43:11,cache-02,3.1915
2026-01-02T10:43:29,net-04,0.5416
2026-01-02T10:45:25,db-01,4.3291
2026-01-02T10:46:03,lb-01,5.8231
2026-01-02T10:46:53,hd-01,1.1550
2026-01-02T10:47:02,db-03,3.6033
2026-01-02T10:47:36,net-02,7.6856
2026-01-02T10:48:36,cache-03,9.0704
2026-01-02T10:49:43,web-03,4.2867
2026-01-02T10:49:55,net-01,0.2160
2026-01-02T10:50:12,lb-01,0.2798
2026-01-02T10:51:31,hd-02,8.4872
2026-01-02T10:51:37,hd-01,4.4782
2026-01-02T10:53:03,web-01,6.7532
2026-01-02T10:53:27,web-05,13.7658
2026-01-02T10:53:31,db-01,0.0601
2026-01-02T10:53:42,cache-01,6.1907
2026-01-02T10:53:51,cache-02,0.7339
2026-01-02T10:54:32,net-04,5.6286
2026-01-02T10:55:32,cache-01,0.2387
2026-01-02T10:55:43,hd-02,3.4855
2026-01-02T10:55:56,cache-01,3.5046
2026-01-02T10:56:16,hd-01,3.0209
2026-01-02T10:56:20,net-03,52.8814
2026-01-02T10:56:27,db-02,0.1098
2026-01-02T10:57:12,hd-02,0.6403
2026-01-02T10:58:48,db-02,6.2944
2026-01-02T10:59:07,db-02,3.7858
2026-01-02T10:59:19,cache-02,9.8085
2026-01-02T11:00:39,lb-02,0.1483
2026-01-02T11:02:16,net-03,0.8196
2026-01-02T11:02:42,hd-02,2.6795
2026-01-02T11:02:42,net-03,10.9666
2026-01-02T11:02:48,lb-02,8.2221
2026-01-02T11:03:08,net-01,5.7750
2026-01-02T11:03:43,hd-01,0.7655
2026-01-02T11:04:09,lb-01,22.7665
2026-01-02T11:04:54,cache-02,6.9917
2026-01-02T11:05:00,web-03,1.1833
2026-01-02T11:05:00,lb-02,26.7921
2026-01-02T11:05:16,net-04,6.1579
2026-01-02T11:05:45,db-03,0.3954
2026-01-02T11:05:50,cache-01,3.4727
2026-01-02T11:06:19,net-03,3.5965
2026-01-02T11:06:59,web-03,6.6552
2026-01-02T11:07:00,lb-01,1.0244
2026-01-02T11:07:09,web-05,7.6204
2026-01-02T11:07:48,cache-03,2.6866
2026-01-02T11:09:33,lb-01,0.8877
2026-01-02T11:09:54,lb-02,2.3398
2026-01-02T11:10:28,hd-02,17.8482
2026-01-02T11:10:34,cache-03,5.7943
2026-01-02T11:10:46,web-04,1.6040
2026-01-02T11:11:01,hd-02,8.1991
2026-01-02T11:11:11,db-03,6.0714
2026-01-02T11:11:29,hd-02,0.4429
2026-01-02T11:12:06,net-03,0.5745
2026-01-02T11:12:27,hd-02,2.5425
2026-01-02T11:12:34,cache-03,2.8521
2026-01-02T11:12:47,cache-03,1.1005
2026-01-02T11:14:17,net-03,1.3286
2026-01-02T11:14:29,net-02,0.8302
2026-01-02T11:14:40,cache-03,0.9382
2026-01-02T11:15:47,lb-02,2.6888
2026-01-02T11:17:28,lb-01,2.8991
2026-01-02T11:17:29,cache-01,0.2482
2026-01-02T11:17:40,web-04,10.1734
2026-01-02T11:17:54,net-02,2.4395
2026-01-02T11:17:55,hd-02,2.9408
2026-01-02T11:17:58,lb-01,3.8608
2026-01-02T11:18:41,cache-03,4.0222
2026-01-02T11:19:19,cache-01,1.9913
2026-01-02T11:19:33,cache-01,2.2176
2026-01-02T11:20:41,web-03,14.0543
2026-01-02T11:21:46,net-03,10.7786
2026-01-02T11:22:36,hd-01,1.8749
2026-01-02T11:22:55,hd-02,0.8640
2026-01-02T11:22:55,cache-02,0.7385
2026-01-02T11:24:12,db-01,2.8839
2026-01-02T11:24:25,web-04,1.6147
2026-01-02T11:24:40,web-02,0.1220
2026-01-02T11:24:43,cache-02,0.5955
2026-01-02T11:25:27,hd-02,4.5923
2026-01-02T11:25:49,cache-02,0.4414
2026-01-02T11:25:53,db-01,2.0474
2026-01-02T11:25:59,web-02,0.3900
2026-01-02T11:26:58,hd-01,2.4075
2026-01-02T11:29:05,cache-01,1.1909
2026-01-02T11:29:41,cache-01,0.6684
2026-01-02T11:30:11,web-01,6.0515
2026-01-02T11:31:24,db-01,0.3922
2026-01-02T11:31:40,lb-02,3.2482
2026-01-02T11:31:49,hd-01,0.1737
2026-01-02T11:31:56,hd-02,2.2354
2026-01-02T11:32:17,cache-03,1.2682
2026-01-02T11:32:17,db-01,0.4665
2026-01-02T11:32:42,hd-01,1.0310
2026-01-02T11:32:54,cache-03,0.6534
2026-01-02T11:32:55,cache-01,0.6758
2026-01-02T11:33:45,web-04,1.6983
2026-01-02T11:36:03,net-01,2.7347
2026-01-02T11:36:29,cache-03,1.9908
2026-01-02T11:37:32,lb-02,16.5191
2026-01-02T11:37:36,lb-01,0.5134
2026-01-02T11:38:08,hd-02,8.3919
2026-01-02T11:38:40,db-03,2.2729
2026-01-02T11:39:03,lb-02,1.8322
2026-01-02T11:39:45,net-02,4.0714
2026-01-02T11:39:49,cache-01,3.0867
2026-01-02T11:40:21,lb-02,2.6117
2026-01-02T11:41:44,db-01,1.8028
2026-01-02T11:41:46,net-01,3.8574
2026-01-02T11:42:54,db-01,2.7774
2026-01-02T11:42:54,web-04,0.5887
2026-01-02T11:43:07,cache-01,4.8962
2026-01-02T11:45:01,db-03,1.4584
2026-01-02T11:46:30,db-01,0.5700
2026-01-02T11:46:37,hd-02,4.8284
2026-01-02T11:47:03,cache-01,7.5010
2026-01-02T11:47:39,net-02,0.6501
2026-01-02T11:47:41,db-03,2.0405
2026-01-02T11:48:31,cache-01,0.1749
2026-01-02T11:49:03,lb-01,0.5698
2026-01-02T11:49:09,db-02,0.4574
2026-01-02T11:50:11,db-01,0.7267
2026-01-02T11:50:21,hd-02,1.1590
2026-01-02T11:50:28,hd-01,5.3676
2026-01-02T11:50:40,db-01,0.1184
2026-01-02T11:50:43,hd-02,9.6248
2026-01-02T11:50:45,db-01,2.2081
2026-01-02T11:50:58,lb-02,0.5282
2026-01-02T11:51:01,cache-02,2.1743
2026-01-02T11:52:03,web-02,0.0090
2026-01-02T11:52:16,cache-01,7.1303
2026-01-02T11:52:22,hd-01,0.6149
2026-01-02T11:52:58,cache-01,0.8275
2026-01-02T11:53:37,lb-01,7.5246
2026-01-02T11:53:41,web-03,80.4845
2026-01-02T11:53:57,web-05,3.3512
2026-01-02T11:54:03,db-02,3.6397
2026-01-02T11:54:07,cache-01,0.4546
2026-01-02T11:54:16,net-02,0.0138
2026-01-02T11:54:32,hd-02,0.7461
2026-01-02T11:55:02,lb-01,2.2559
2026-01-02T11:55:12,lb-02,14.1218
2026-01-02T11:55:57,db-03,3.1895
2026-01-02T11:56:11,cache-01,1.3726
2026-01-02T11:56:19,db-01,1.0147
2026-01-02T11:56:20,web-01,1.2871
2026-01-02T11:56:31,db-03,0.7794
2026-01-02T11:57:14,web-04,2.3512
2026-01-02T11:57:55,lb-01,0.4763
2026-01-02T11:58:24,hd-01,1.6675
2026-01-02T11:58:58,cache-03,43.5093
2026-01-02T11:59:32,net-03,0.2086
2026-01-02T11:59:58,lb-02,3.2874
2026-01-02T12:00:03,lb-01,1.8978
2026-01-02T12:00:09,net-02,0.1041
2026-01-02T12:00:46,lb-02,1.8550
2026-01-02T12:00:53,web-05,12.5664
2026-01-02T12:01:19,web-05,1.2937
2026-01-02T12:01:36,db-02,9.3422
2026-01-02T12:02:44,web-01,0.9545
2026-01-02T12:03:00,net-03,22.7257
2026-01-02T12:03:12,net-01,4.8549
2026-01-02T12:03:22,web-05,11.6992
2026-01-02T12:03:38,cache-03,0.4081
2026-01-02T12:03:47,hd-01,4.3379
2026-01-02T12:04:07,hd-01,5.1141
2026-01-02T12:04:20,cache-02,2.5158
2026-01-02T12:04:43,cache-02,2.2113
2026-01-02T12:05:02,web-02,16.9352
2026-01-02T12:05:09,hd-02,1.3347
2026-01-02T12:05:21,cache-01,0.1185
2026-01-02T12:05:24,cache-01,0.1044
2026-01-02T12:05:32,hd-01,0.6167
2026-01-02T12:06:00,cache-03,0.3075
2026-01-02T12:06:06,hd-01,1.0050
2026-01-02T12:07:59,hd-02,0.1224
2026-01-02T12:08:27,lb-02,0.0201
2026-01-02T12:09:18,lb-01,3.0089
2026-01-02T12:09:36,net-01,1.5588
2026-01-02T12:09:40,lb-01,0.0972
2026-01-02T12:09:50,web-04,1.9267
2026-01-02T12:10:41,db-03,3.7329
2026-01-02T12:10:52,net-02,1.5794
2026-01-02T12:10:59,web-05,0.8196
2026-01-02T12:11:54,lb-01,0.7626
2026-01-02T12:12:06,hd-02,2.1071
2026-01-02T12:12:37,lb-01,4.3143
2026-01-02T12:13:45,hd-01,0.4405
2026-01-02T12:14:07,lb-02,25.4869
2026-01-02T12:14:19,cache-01,2.7738
2026-01-02T12:14:25,net-03,0.7065
2026-01-02T12:14:46,cache-01,2.8881
2026-01-02T12:14:59,web-02,2.8248
2026-01-02T12:15:05,hd-02,23.7770
2026-01-02T12:16:10,net-01,34.1072
2026-01-02T12:16:51,net-01,0.6744
2026-01-02T12:17:06,lb-02,2.0512
2026-01-02T12:17:34,net-03,1.5224
2026-01-02T12:17:59,lb-02,4.5619
2026-01-02T12:18:13,db-02,1.8962
2026-01-02T12:18:16,cache-03,6.5623
2026-01-02T12:18:56,hd-01,0.8293
2026-01-02T12:19:05,db-01,1.6082
2026-01-02T12:20:00,web-04,0.8092
2026-01-02T12:20:25,db-03,1.0312
2026-01-02T12:20:28,db-02,0.3072
2026-01-02T12:20:33,web-05,1.1658
2026-01-02T12:21:35,db-02,1.5912
2026-01-02T12:21:58,db-02,6.0115
2026-01-02T12:22:16,db-02,1.6957
2026-01-02T12:22:53,hd-02,1.4642
2026-01-02T12:23:30,web-02,10.3805
2026-01-02T12:23:44,cache-01,1.1200
2026-01-02T12:24:13,lb-02,0.1126
2026-01-02T12:25:06,db-01,3.8605
2026-01-02T12:25:11,cache-01,4.2488
2026-01-02T12:25:40,lb-02,1.2457
2026-01-02T12:26:22,cache-03,0.2430
2026-01-02T12:27:31,cache-03,0.3718
2026-01-02T12:28:19,cache-03,0.9696
2026-01-02T12:28:30,hd-01,0.0741
2026-01-02T12:28:52,hd-02,1.2681
2026-01-02T12:28:58,lb-01,2.5995
2026-01-02T12:29:19,cache-01,5.0672
2026-01-02T12:29:20,hd-02,1.4765
2026-01-02T12:29:47,lb-02,0.6643
2026-01-02T12:29:47,cache-03,3.0989
2026-01-02T12:29:56,lb-01,0.5053
2026-01-02T12:30:34,lb-02,1.2356
2026-01-02T12:31:29,cache-03,0.6575
2026-01-02T12:31:33,net-04,1.5570
2026-01-02T12:31:54,db-02,0.7244
2026-01-02T12:33:51,lb-01,26.2180
2026-01-02T12:33:52,hd-02,33.7246
2026-01-02T12:33:59,web-04,0.5891
2026-01-02T12:35:14,cache-02,0.0779
2026-01-02T12:35:28,db-02,0.4605
2026-01-02T12:36:35,db-02,4.0269
2026-01-02T12:36:57,net-03,0.2118
2026-01-02T12:37:15,db-03,2.0362
2026-01-02T12:37:20,db-01,1.8181
2026-01-02T12:37:46,cache-01,0.1230
2026-01-02T12:37:47,db-03,22.3308
2026-01-02T12:38:31,net-04,0.1858
2026-01-02T12:40:18,net-04,2.1679
2026-01-02T12:40:58,web-02,12.4769
2026-01-02T12:41:38,lb-01,1.2581
2026-01-02T12:42:13,hd-01,6.3826
2026-01-02T12:42:43,web-01,0.2175
2026-01-02T12:43:11,net-02,0.3094
2026-01-02T12:43:53,hd-02,0.9686
2026-01-02T12:44:11,db-03,7.7456
2026-01-02T12:44:37,cache-03,4.1379
2026-01-02T12:45:16,web-03,6.3979
2026-01-02T12:45:37,lb-02,2.0876
2026-01-02T12:46:47,hd-01,1.2017
2026-01-02T12:47:06,lb-02,0.8258
2026-01-02T12:47:39,cache-03,0.9141
2026-01-02T12:47:44,db-01,5.4995
2026-01-02T12:48:16,hd-02,0.3259
2026-01-02T12:50:00,db-02,9.9985
2026-01-02T12:51:01,lb-01,11.2400
2026-01-02T12:51:58,db-01,0.0474
2026-01-02T12:52:28,db-01,5.7221
2026-01-02T12:53:02,cache-03,5.3139
2026-01-02T12:53:24,db-02,6.2118
2026-01-02T12:53:29,lb-01,2.4750
2026-01-02T12:53:37,db-01,4.3134
2026-01-02T12:54:52,hd-01,3.3946
2026-01-02T12:55:18,net-01,2.3595
2026-01-02T12:55:23,db-01,0.5854
2026-01-02T12:55:52,db-03,1.5609
2026-01-02T12:56:28,lb-01,7.1968
2026-01-02T12:58:19,web-02,2.1409
2026-01-02T12:58:50,web-01,5.4629
2026-01-02T12:58:53,cache-01,2.8034
2026-01-02T12:59:01,web-05,6.4980
2026-01-02T12:59:10,db-01,4.2952
2026-01-02T12:59:26,net-03,3.8950
2026-01-02T12:59:38,web-01,1.7867
2026-01-02T12:59:41,hd-02,10.3388
2026-01-02T13:00:09,cache-01,3.2812
2026-01-02T13:00:12,web-05,1.9933
2026-01-02T13:00:29,cache-01,0.8833
2026-01-02T13:00:36,hd-02,1.4568
2026-01-02T13:00:37,db-03,0.2660
2026-01-02T13:01:19,web-02,1.1305
2026-01-02T13:01:52,net-04,2.6689
2026-01-02T13:02:13,net-02,0.2109
2026-01-02T13:02:36,db-03,6.9233
2026-01-02T13:03:43,hd-02,0.9604
2026-01-02T13:04:17,cache-01,5.4062
2026-01-02T13:05:06,db-02,3.4682
2026-01-02T13:05:40,hd-01,6.8888
2026-01-02T13:05:48,web-01,0.1467
2026-01-02T13:06:25,cache-03,1.6757
2026-01-02T13:06:31,net-01,1.7428
2026-01-02T13:06:36,db-02,25.4029
2026-01-02T13:07:43,cache-02,31.0263
2026-01-02T13:09:20,lb-02,8.3470
2026-01-02T13:09:28,lb-02,2.1782
2026-01-02T13:09:37,web-01,0.0430
2026-01-02T13:09:50,hd-02,4.1884
2026-01-02T13:10:22,db-02,10.9713
2026-01-02T13:10:22,db-01,4.9318
2026-01-02T13:10:23,hd-02,0.7056
2026-01-02T13:10:32,db-01,2.6866
2026-01-02T13:11:00,lb-01,1.5129
2026-01-02T13:11:41,cache-03,0.3556
2026-01-02T13:12:21,lb-01,0.6673
2026-01-02T13:12:38,hd-01,1.9754
2026-01-02T13:13:12,db-03,0.5303
2026-01-02T13:14:06,lb-01,0.7531
2026-01-02T13:14:38,hd-02,0.9276
2026-01-02T13:15:04,hd-02,0.9057
2026-01-02T13:15:14,net-01,5.1461
2026-01-02T13:15:38,net-04,0.8296
2026-01-02T13:15:44,lb-01,0.2013
2026-01-02T13:15:49,cache-03,1.6395
2026-01-02T13:15:50,db-01,0.2883
2026-01-02T13:16:05,web-01,1.5634
2026-01-02T13:16:47,web-04,10.2398
2026-01-02T13:17:00,lb-01,2.0995
2026-01-02T13:17:28,cache-02,7.2023
2026-01-02T13:17:39,hd-01,0.9314
2026-01-02T13:17:48,web-02,0.1595
2026-01-02T13:17:49,web-01,6.1887
2026-01-02T13:18:22,net-04,0.0122
2026-01-02T13:19:36,lb-02,7.3366
2026-01-02T13:19:39,web-04,0.6069
2026-01-02T13:20:07,web-02,0.0921
2026-01-02T13:21:25,lb-02,2.4952
2026-01-02T13:21:32,cache-03,1.7859
2026-01-02T13:21:46,lb-01,12.9490
2026-01-02T13:22:30,cache-01,6.0651
2026-01-02T13:22:58,lb-01,2.0418
2026-01-02T13:23:03,cache-01,3.5202
2026-01-02T13:23:50,net-02,8.8047
2026-01-02T13:23:52,cache-01,7.9266
2026-01-02T13:24:09,cache-02,11.8148
2026-01-02T13:24:15,cache-03,5.3535
2026-01-02T13:24:40,web-02,4.4405
2026-01-02T13:26:05,net-03,2.8419
2026-01-02T13:26:44,db-02,0.7024
2026-01-02T13:27:48,db-02,3.7685
2026-01-02T13:28:21,net-01,0.2484
2026-01-02T13:29:04,cache-02,1.1504
2026-01-02T13:29:07,hd-02,1.3580
2026-01-02T13:29:13,hd-02,1.5126
2026-01-02T13:29:22,web-03,3.0717
2026-01-02T13:29:31,lb-02,3.4917
2026-01-02T13:30:25,web-03,0.1972
2026-01-02T13:30:37,net-04,0.2822
2026-01-02T13:30:44,lb-02,0.3775
2026-01-02T13:30:59,lb-01,2.0764
2026-01-02T13:31:10,cache-03,1.7420
2026-01-02T13:31:11,hd-01,2.2645
2026-01-02T13:31:14,web-03,1.7190
2026-01-02T13:31:34,lb-02,0.2369
2026-01-02T13:32:53,db-03,2.0312
2026-01-02T13:32:54,db-01,8.7392
2026-01-02T13:35:14,db-01,7.3271
2026-01-02T13:35:56,hd-01,1.9751
2026-01-02T13:36:30,hd-02,1.0841
2026-01-02T13:36:46,db-01,1.5044
2026-01-02T13:36:50,cache-02,2.1734
2026-01-02T13:37:03,cache-02,2.7558
2026-01-02T13:37:16,web-03,7.0110
2026-01-02T13:38:00,cache-03,2.6284
2026-01-02T13:38:32,hd-02,28.9883
2026-01-02T13:38:37,web-04,0.0079
2026-01-02T13:39:30,hd-02,2.3422
2026-01-02T13:40:44,lb-02,0.0801
2026-01-02T13:40:48,db-03,3.0968
2026-01-02T13:40:57,lb-01,0.1991
2026-01-02T13:42:41,web-03,0.2035
2026-01-02T13:43:03,net-02,18.8881
2026-01-02T13:43:16,net-03,4.5739
2026-01-02T13:44:14,lb-01,2.2246
2026-01-02T13:44:37,hd-02,2.5426
2026-01-02T13:44:51,lb-02,3.9597
2026-01-02T13:44:55,db-01,2.3582
2026-01-02T13:45:46,cache-01,1.4081
2026-01-02T13:46:01,db-01,1.5805
2026-01-02T13:46:16,cache-02,16.3995
2026-01-02T13:48:26,net-04,0.7386
2026-01-02T13:49:24,net-04,5.8230
2026-01-02T13:49:34,web-02,2.3747
2026-01-02T13:50:01,net-02,3.3604
2026-01-02T13:50:09,net-04,10.4683
2026-01-02T13:50:23,db-03,0.0924
2026-01-02T13:52:25,lb-02,0.0701
2026-01-02T13:52:39,db-03,2.2559
2026-01-02T13:53:05,db-02,5.6556
2026-01-02T13:54:18,net-04,0.4214
2026-01-02T13:54:20,net-03,0.0426
2026-01-02T13:54:24,cache-02,0.3205
2026-01-02T13:54:37,db-01,1.6575
2026-01-02T13:54:50,db-02,3.8544
2026-01-02T13:54:56,cache-01,0.0379
2026-01-02T13:54:56,web-01,0.4263
2026-01-02T13:54:58,hd-01,0.1606
2026-01-02T13:55:52,cache-02,0.5297
2026-01-02T13:56:21,web-04,4.9999
2026-01-02T13:56:23,web-04,0.4956
2026-01-02T13:56:50,db-02,7.2400
2026-01-02T13:57:04,cache-03,1.0236
2026-01-02T13:57:10,hd-01,0.6599
2026-01-02T13:57:14,net-02,0.1513
2026-01-02T13:57:21,db-02,0.2845
2026-01-02T13:57:31,hd-01,16.4920
2026-01-02T13:58:03,cache-03,0.0034
2026-01-02T13:58:13,db-03,1.5165
2026-01-02T13:58:21,db-02,0.6628
2026-01-02T13:58:33,lb-02,3.7599
2026-01-02T13:58:40,web-03,1.5035
2026-01-02T13:58:53,cache-02,0.0485
2026-01-02T13:59:19,hd-02,2.3162
2026-01-02T13:59:25,web-02,0.6726
2026-01-02T13:59:51,cache-03,3.1008
2026-01-02T13:59:51,db-02,0.7455
2026-01-02T14:01:38,cache-01,3.6504
2026-01-02T14:02:14,db-02,4.1219
2026-01-02T14:02:17,web-04,0.1579
2026-01-02T14:02:40,web-02,0.3277
2026-01-02T14:02:48,net-01,4.5570
2026-01-02T14:03:10,db-03,1.0273
2026-01-02T14:03:50,db-02,5.7557
2026-01-02T14:03:58,net-02,1.4725
2026-01-02T14:04:13,db-01,2.1850
2026-01-02T14:04:14,cache-01,3.7784
2026-01-02T14:04:46,db-03,3.7697
2026-01-02T14:05:12,hd-02,2.4810
2026-01-02T14:05:13,lb-01,1.8494
2026-01-02T14:05:47,hd-02,8.0429
2026-01-02T14:06:39,net-03,3.8666
2026-01-02T14:07:30,lb-02,4.5001
2026-01-02T14:07:45,cache-01,0.3810
2026-01-02T14:07:58,net-02,1.0935
2026-01-02T14:08:14,db-02,38.3330
2026-01-02T14:08:17,hd-02,2.7827
2026-01-02T14:08:55,hd-01,0.0391
2026-01-02T14:09:49,net-04,2.7130
2026-01-02T14:10:03,hd-02,0.9122
2026-01-02T14:10:05,net-04,3.8819
2026-01-02T14:12:09,net-01,0.9835
2026-01-02T14:13:05,db-03,1.9725
2026-01-02T14:14:03,cache-02,6.1645
2026-01-02T14:14:04,cache-02,0.2519
2026-01-02T14:14:24,db-02,5.4427
2026-01-02T14:14:50,hd-01,0.1359
2026-01-02T14:15:21,lb-01,2.5330
2026-01-02T14:15:48,cache-02,0.6963
2026-01-02T14:16:35,lb-01,1.2085
2026-01-02T14:16:59,net-04,2.7734
2026-01-02T14:17:49,web-04,10.0211
2026-01-02T14:18:23,net-04,0.6797
2026-01-02T14:18:51,hd-02,1.9586
2026-01-02T14:20:08,lb-02,0.5808
2026-01-02T14:20:23,hd-02,1.8253
2026-01-02T14:20:46,lb-02,7.7117
2026-01-02T14:20:58,hd-02,0.6355
2026-01-02T14:21:03,net-02,10.9703
2026-01-02T14:21:47,hd-01,1.4492
2026-01-02T14:22:34,db-03,0.7515
2026-01-02T14:22:45,web-01,1.7084
2026-01-02T14:23:27,hd-02,1.6173
2026-01-02T14:23:30,db-03,1.9332
2026-01-02T14:23:39,net-02,2.2383
2026-01-02T14:23:53,hd-02,0.3705
2026-01-02T14:24:42,db-01,1.0880
2026-01-02T14:25:33,lb-02,16.4942
2026-01-02T14:25:42,cache-03,7.3142
2026-01-02T14:25:57,cache-01,0.6063
2026-01-02T14:26:31,hd-01,1.0875
2026-01-02T14:26:32,db-03,3.0738
2026-01-02T14:26:37,net-02,6.1863
2026-01-02T14:26:49,hd-02,5.8450
2026-01-02T14:26:50,cache-03,3.2266
2026-01-02T14:26:52,lb-01,2.1234
2026-01-02T14:27:20,web-01,0.4651
2026-01-02T14:27:43,hd-01,11.1081
2026-01-02T14:27:50,lb-02,0.0129
2026-01-02T14:27:50,lb-02,0.9824
2026-01-02T14:28:19,cache-01,1.1426
2026-01-02T14:28:53,cache-02,0.3750
2026-01-02T14:29:12,lb-01,2.0430
2026-01-02T14:29:14,db-03,21.3974
2026-01-02T14:29:35,hd-01,3.7877
2026-01-02T14:30:19,lb-02,1.2604
2026-01-02T14:30:34,db-01,5.7779
2026-01-02T14:30:44,web-02,0.5070
2026-01-02T14:30:55,hd-01,2.0745
2026-01-02T14:31:40,hd-01,2.4046
2026-01-02T14:31:58,net-04,1.7565
2026-01-02T14:32:23,db-01,1.4575
2026-01-02T14:32:25,hd-02,0.8405
2026-01-02T14:33:40,net-02,0.2065
2026-01-02T14:35:24,lb-01,1.2689
2026-01-02T14:35:37,net-01,3.2682
2026-01-02T14:35:54,web-02,0.1924
2026-01-02T14:36:48,net-02,4.7944
2026-01-02T14:37:22,lb-01,1.1232
2026-01-02T14:37:23,cache-03,0.2264
2026-01-02T14:37:35,lb-02,0.6950
2026-01-02T14:37:40,web-02,9.8952
2026-01-02T14:38:07,lb-01,1.0122
2026-01-02T14:38:15,web-03,14.0228
2026-01-02T14:38:22,web-04,2.5197
2026-01-02T14:39:11,net-03,6.9618
2026-01-02T14:39:17,net-02,0.0634
2026-01-02T14:40:40,hd-02,1.4933
2026-01-02T14:41:24,web-02,0.4129
2026-01-02T14:41:29,lb-02,1.0725
2026-01-02T14:42:40,db-02,0.6899
2026-01-02T14:44:32,net-03,0.6083
2026-01-02T14:45:31,db-01,2.5865
2026-01-02T14:46:13,cache-03,0.1077
2026-01-02T14:46:34,db-03,0.1935
2026-01-02T14:48:03,hd-01,7.2231
2026-01-02T14:48:16,lb-02,1.1791
2026-01-02T14:50:48,hd-02,0.1263
2026-01-02T14:51:03,web-03,1.1442
2026-01-02T14:51:26,net-03,0.0761
2026-01-02T14:52:55,lb-01,1.4393
2026-01-02T14:53:17,db-01,0.7814
2026-01-02T14:53:25,web-05,3.1396
2026-01-02T14:54:40,web-01,1.6986
2026-01-02T14:55:35,lb-01,7.3599
2026-01-02T14:55:50,db-01,1.7600
2026-01-02T14:56:03,cache-01,3.6401
2026-01-02T14:57:55,db-01,13.2503
2026-01-02T14:59:00,hd-01,2.3994
2026-01-02T14:59:21,cache-03,6.7913
2026-01-02T14:59:53,web-05,1.4657
2026-01-02T15:02:11,hd-01,2.5483
2026-01-02T15:02:16,cache-02,0.9038
2026-01-02T15:04:09,cache-02,0.5453
2026-01-02T15:04:20,cache-02,0.9990
2026-01-02T15:06:16,net-02,0.9876
2026-01-02T15:07:22,hd-01,1.4251
2026-01-02T15:07:35,db-02,0.7570
2026-01-02T15:08:51,lb-01,8.1045
2026-01-02T15:09:02,net-01,9.8414
2026-01-02T15:11:37,web-03,10.2180
2026-01-02T15:14:01,db-03,0.0949
2026-01-02T15:14:28,lb-02,2.0026
2026-01-02T15:14:32,lb-01,21.2349
2026-01-02T15:14:45,hd-01,0.3636
2026-01-02T15:15:47,lb-01,2.2531
2026-01-02T15:15:50,lb-01,14.8185
2026-01-02T15:16:01,hd-01,1.7247
2026-01-02T15:16:13,net-01,4.7658
2026-01-02T15:16:17,db-01,0.1988
2026-01-02T15:16:51,cache-01,6.1522
2026-01-02T15:16:58,db-02,0.3349
2026-01-02T15:17:12,hd-02,3.1277
2026-01-02T15:18:08,hd-02,0.2816
2026-01-02T15:18:11,db-01,0.3194
2026-01-02T15:19:12,lb-02,0.8004
2026-01-02T15:21:02,net-01,1.8669
2026-01-02T15:21:59,net-04,11.8792
2026-01-02T15:22:08,db-03,0.7312
2026-01-02T15:23:27,lb-02,0.1591
2026-01-02T15:24:06,net-03,1.8970
2026-01-02T15:25:14,cache-03,3.2745
2026-01-02T15:25:47,net-04,1.0516
2026-01-02T15:26:00,net-04,0.1952
2026-01-02T15:26:08,hd-01,11.4910
2026-01-02T15:27:51,db-02,0.8550
2026-01-02T15:28:37,net-03,0.0777
2026-01-02T15:28:39,db-01,0.0205
2026-01-02T15:28:44,hd-01,0.4684
2026-01-02T15:28:52,cache-01,1.0335
2026-01-02T15:29:12,net-03,3.1233
2026-01-02T15:30:00,hd-01,0.2974
2026-01-02T15:30:12,lb-02,3.1383
2026-01-02T15:30:20,cache-03,0.8406
2026-01-02T15:30:34,db-03,2.3948
2026-01-02T15:30:45,cache-02,0.5096
2026-01-02T15:32:21,web-01,0.1120
2026-01-02T15:32:27,cache-02,2.2908
2026-01-02T15:33:21,cache-02,3.3253
2026-01-02T15:33:31,web-01,4.1394
2026-01-02T15:33:55,db-01,0.1821
2026-01-02T15:33:56,cache-01,0.5055
2026-01-02T15:34:29,hd-02,2.4963
2026-01-02T15:34:33,hd-01,0.7550
2026-01-02T15:34:42,db-02,1.0514
2026-01-02T15:35:07,db-01,0.7742
2026-01-02T15:35:37,web-02,13.3479
2026-01-02T15:35:45,db-01,0.8020
2026-01-02T15:35:45,db-01,4.9502
2026-01-02T15:36:26,db-01,3.9419
2026-01-02T15:36:57,hd-01,0.3135
2026-01-02T15:37:36,net-02,0.5172
2026-01-02T15:37:45,cache-03,4.6194
2026-01-02T15:37:55,web-05,0.7826
2026-01-02T15:38:24,lb-02,4.1097
2026-01-02T15:39:01,hd-01,6.0103
2026-01-02T15:39:21,db-03,1.3618
2026-01-02T15:39:48,lb-02,0.9541
2026-01-02T15:40:19,net-03,2.4520
2026-01-02T15:41:38,db-03,2.1099
2026-01-02T15:42:16,hd-01,1.3582
2026-01-02T15:42:35,web-01,2.7885
2026-01-02T15:43:13,hd-01,15.0003
2026-01-02T15:43:16,web-04,1.2687
2026-01-02T15:43:17,hd-01,8.5444
2026-01-02T15:43:17,net-04,40.8453
2026-01-02T15:43:52,lb-01,4.7088
2026-01-02T15:45:46,web-01,19.6656
2026-01-02T15:45:55,cache-03,0.7733
2026-01-02T15:46:42,lb-02,0.0306
2026-01-02T15:46:43,lb-02,3.3108
2026-01-02T15:47:08,db-01,0.9965
2026-01-02T15:47:16,web-04,0.9316
2026-01-02T15:47:36,hd-01,2.0575
2026-01-02T15:49:01,db-03,0.6382
2026-01-02T15:49:23,net-04,23.6111
2026-01-02T15:49:39,web-03,8.5296
2026-01-02T15:49:57,web-03,0.0376
2026-01-02T15:49:59,cache-02,22.9083
2026-01-02T15:50:13,net-04,2.3790
2026-01-02T15:50:47,hd-01,0.2281
2026-01-02T15:51:24,web-04,0.0018
2026-01-02T15:51:40,net-01,17.5198
2026-01-02T15:52:23,db-03,3.3563
2026-01-02T15:52:58,net-01,0.5401
2026-01-02T15:55:03,cache-03,0.0674
2026-01-02T15:55:37,hd-02,0.3042
2026-01-02T15:56:00,net-02,1.6528
2026-01-02T15:56:57,net-03,0.7606
2026-01-02T15:57:20,cache-03,0.6878
2026-01-02T15:57:21,hd-01,0.5636
2026-01-02T15:57:42,hd-02,1.7364
2026-01-02T15:57:55,cache-02,2.6297
2026-01-02T15:58:30,db-02,1.0886
2026-01-02T15:58:34,cache-02,1.6006
2026-01-02T15:58:35,lb-02,0.5477
2026-01-02T15:58:51,cache-02,2.8866
2026-01-02T15:58:53,cache-01,0.3081
2026-01-02T15:59:05,hd-01,7.5397
2026-01-02T15:59:54,hd-02,0.1365
2026-01-02T16:00:31,lb-02,3.5443
2026-01-02T16:01:19,hd-02,0.0985
2026-01-02T16:01:27,web-01,3.3637
2026-01-02T16:01:45,hd-02,2.5522
2026-01-02T16:02:01,hd-02,3.3231
2026-01-02T16:04:08,hd-02,2.3939
2026-01-02T16:04:12,web-02,16.3489
2026-01-02T16:04:27,cache-03,1.7348
2026-01-02T16:05:44,db-03,0.7922
2026-01-02T16:06:50,net-04,9.6696
2026-01-02T16:07:07,web-03,9.5931
2026-01-02T16:08:02,net-02,7.7646
2026-01-02T16:08:51,cache-02,3.0613
2026-01-02T16:09:23,net-04,11.4949
2026-01-02T16:09:45,hd-02,11.8262
2026-01-02T16:10:58,net-01,1.9324
2026-01-02T16:11:08,cache-02,1.6145
2026-01-02T16:11:23,net-04,3.1874
2026-01-02T16:11:32,hd-02,0.1132
2026-01-02T16:11:57,lb-01,4.3533
2026-01-02T16:12:02,lb-01,4.7609
2026-01-02T16:12:22,net-01,0.4401
2026-01-02T16:13:18,db-01,1.9562
2026-01-02T16:13:36,db-01,2.0319
2026-01-02T16:13:44,db-01,2.5668
2026-01-02T16:13:48,cache-03,4.6820
2026-01-02T16:14:11,hd-01,5.6285
2026-01-02T16:14:32,lb-02,0.0950
2026-01-02T16:15:05,net-04,2.4114
2026-01-02T16:16:05,db-02,1.5422
2026-01-02T16:16:08,db-02,0.4404
2026-01-02T16:16:40,net-03,1.9692
2026-01-02T16:16:56,web-04,1.1168
2026-01-02T16:17:30,net-04,8.2555
2026-01-02T16:17:37,hd-01,0.5250
2026-01-02T16:17:39,lb-01,2.9441
2026-01-02T16:17:57,cache-02,2.2419
2026-01-02T16:18:16,net-04,0.5348
2026-01-02T16:18:39,db-01,3.1442
2026-01-02T16:19:25,db-03,3.6088
2026-01-02T16:20:00,lb-01,2.8226
2026-01-02T16:20:30,hd-02,0.2602
2026-01-02T16:21:03,net-04,0.9122
2026-01-02T16:21:04,cache-03,12.3690
2026-01-02T16:21:09,net-03,5.3406
2026-01-02T16:21:40,web-02,4.5777
2026-01-02T16:21:41,db-03,1.8091
2026-01-02T16:22:18,net-01,1.2209
2026-01-02T16:22:40,net-03,3.9703
2026-01-02T16:23:24,net-04,0.8570
2026-01-02T16:23:47,lb-01,0.6730
2026-01-02T16:24:38,hd-02,0.2187
2026-01-02T16:25:11,web-02,0.6410
2026-01-02T16:25:32,hd-01,0.6444
2026-01-02T16:25:32,hd-01,4.2252
2026-01-02T16:26:55,hd-01,16.9423
2026-01-02T16:27:46,cache-02,3.7691
2026-01-02T16:28:21,web-04,4.8038
2026-01-02T16:28:45,web-02,8.9834
2026-01-02T16:29:07,db-03,0.2286
2026-01-02T16:29:20,cache-02,2.0393
2026-01-02T16:29:30,net-02,1.5252
2026-01-02T16:29:46,lb-02,6.9668
2026-01-02T16:29:48,db-01,1.6608
2026-01-02T16:31:30,hd-01,5.4180
2026-01-02T16:31:40,cache-02,3.0119
2026-01-02T16:31:55,web-02,13.7617
2026-01-02T16:32:18,db-01,9.3348
2026-01-02T16:32:40,cache-03,0.7870
2026-01-02T16:32:52,net-02,3.1696
2026-01-02T16:33:06,lb-02,8.9479
2026-01-02T16:33:46,hd-02,2.2182
2026-01-02T16:33:51,net-01,18.2516
2026-01-02T16:33:57,web-04,0.0238
2026-01-02T16:33:57,web-04,3.0716
2026-01-02T16:35:57,db-03,1.2752
2026-01-02T16:35:59,cache-03,0.6783
2026-01-02T16:36:11,cache-01,1.2915
2026-01-02T16:36:23,cache-01,2.6100
2026-01-02T16:36:31,db-01,4.1433
2026-01-02T16:36:36,hd-01,1.1033
2026-01-02T16:36:59,cache-02,2.2064
2026-01-02T16:37:38,net-03,0.5092
2026-01-02T16:37:46,lb-01,1.4350
2026-01-02T16:37:57,lb-01,0.8958
2026-01-02T16:38:07,net-02,4.6644
2026-01-02T16:38:09,db-01,0.0705
2026-01-02T16:39:47,db-02,2.9778
2026-01-02T16:40:48,lb-01,3.9932
2026-01-02T16:41:20,lb-01,1.3566
2026-01-02T16:41:55,db-03,0.7643
2026-01-02T16:42:40,hd-01,4.6088
2026-01-02T16:45:04,db-01,2.1903
2026-01-02T16:45:59,hd-02,2.2218
2026-01-02T16:47:46,lb-02,2.1514
2026-01-02T16:47:52,hd-02,1.3058
2026-01-02T16:49:18,lb-01,14.9662
2026-01-02T16:49:31,net-04,3.5412
2026-01-02T16:50:04,net-04,3.6870
2026-01-02T16:50:25,hd-02,12.0281
2026-01-02T16:51:09,net-02,0.4105
2026-01-02T16:51:27,hd-02,1.9837
2026-01-02T16:52:27,lb-02,0.0780
2026-01-02T16:53:17,net-02,11.4309
2026-01-02T16:53:32,cache-03,8.1616
2026-01-02T16:54:11,web-03,2.1568
2026-01-02T16:54:34,web-04,1.6336
2026-01-02T16:54:56,net-01,1.4715
2026-01-02T16:55:11,net-02,0.9536
2026-01-02T16:55:27,web-02,18.6401
2026-01-02T16:55:54,lb-01,2.6568
2026-01-02T16:56:08,cache-03,2.8772
2026-01-02T16:56:15,hd-01,0.8424
2026-01-02T16:57:50,hd-02,0.0574
2026-01-02T16:58:07,web-01,0.4118
2026-01-02T16:59:06,cache-02,1.6500
2026-01-02T16:59:07,cache-01,0.7145
2026-01-02T16:59:38,web-03,0.5887
2026-01-02T17:00:10,cache-01,8.6439
2026-01-02T17:00:24,db-02,2.9054
2026-01-02T17:00:39,db-02,3.1557
2026-01-02T17:00:45,db-02,1.2214
2026-01-02T17:01:49,lb-01,0.8400
2026-01-02T17:02:26,db-01,1.5563
2026-01-02T17:02:27,net-01,4.5769
2026-01-02T17:02:38,lb-01,0.0403
2026-01-02T17:02:44,hd-01,30.0457
2026-01-02T17:02:47,net-02,7.5728
2026-01-02T17:03:14,lb-02,8.3703
2026-01-02T17:03:29,cache-01,0.7182
2026-01-02T17:03:32,net-01,9.4882
2026-01-02T17:03:46,hd-02,2.9868
2026-01-02T17:04:07,hd-02,2.8038
2026-01-02T17:04:12,net-01,1.2657
2026-01-02T17:04:50,web-05,1.4560
2026-01-02T17:05:18,cache-03,6.9836
2026-01-02T17:05:26,cache-03,0.4343
2026-01-02T17:05:32,web-01,2.4901
2026-01-02T17:05:52,cache-03,3.8434
2026-01-02T17:06:29,lb-01,2.2933
2026-01-02T17:06:35,lb-01,0.3246
2026-01-02T17:06:46,hd-01,3.3280
2026-01-02T17:06:46,web-03,6.8816
2026-01-02T17:06:51,lb-01,1.2114
2026-01-02T17:07:18,db-03,0.0684
2026-01-02T17:07:33,net-04,10.6532
2026-01-02T17:07:39,web-04,3.8414
2026-01-02T17:07:41,web-05,12.2469
2026-01-02T17:08:05,lb-02,2.1037
2026-01-02T17:09:06,cache-02,6.0261
2026-01-02T17:10:10,db-01,2.0772
2026-01-02T17:10:39,hd-01,0.1849
2026-01-02T17:10:44,db-02,1.7692
2026-01-02T17:11:14,net-02,2.5997
2026-01-02T17:11:47,lb-02,11.9418
2026-01-02T17:11:50,net-04,9.8503
2026-01-02T17:12:46,cache-02,0.3876
2026-01-02T17:12:50,cache-03,2.8438
2026-01-02T17:13:15,db-03,4.2138
2026-01-02T17:13:40,cache-03,0.9020
2026-01-02T17:15:06,web-01,0.7018
2026-01-02T17:15:12,lb-02,2.1948
2026-01-02T17:16:03,hd-02,1.6043
2026-01-02T17:17:20,db-01,0.0841
2026-01-02T17:17:40,hd-01,5.7108
2026-01-02T17:18:18,net-04,0.2045
2026-01-02T17:18:32,lb-02,0.5828
2026-01-02T17:18:59,cache-03,3.1223
2026-01-02T17:19:19,cache-01,0.3306
2026-01-02T17:19:21,cache-01,2.5462
2026-01-02T17:19:44,web-02,0.0235
2026-01-02T17:19:59,cache-01,13.1188
2026-01-02T17:20:21,hd-01,0.1681
2026-01-02T17:20:42,hd-01,5.0239
2026-01-02T17:20:42,lb-01,1.6648
2026-01-02T17:20:44,net-04,4.1968
2026-01-02T17:21:10,db-01,2.8728
2026-01-02T17:21:41,db-01,0.0474
2026-01-02T17:21:59,hd-01,0.1132
2026-01-02T17:23:07,db-01,16.9152
2026-01-02T17:23:53,web-05,0.2277
2026-01-02T17:27:03,web-01,6.4834
2026-01-02T17:27:04,lb-02,1.8243
2026-01-02T17:27:16,net-01,3.3447
2026-01-02T17:27:29,lb-02,3.5343
2026-01-02T17:28:38,net-03,1.7624
2026-01-02T17:29:00,cache-02,2.3169
2026-01-02T17:29:02,lb-01,0.4431
2026-01-02T17:29:38,db-01,0.2185
2026-01-02T17:29:51,cache-02,1.6925
2026-01-02T17:30:03,lb-01,2.5437
2026-01-02T17:30:26,cache-02,7.1376
2026-01-02T17:31:18,cache-03,1.2667
2026-01-02T17:32:43,cache-01,0.3657
2026-01-02T17:33:48,lb-02,6.6680
2026-01-02T17:33:58,hd-01,1.4643
2026-01-02T17:34:20,lb-01,0.8314
2026-01-02T17:34:21,lb-02,0.0790
2026-01-02T17:34:52,hd-02,3.7975
2026-01-02T17:35:15,db-01,0.3674
2026-01-02T17:35:34,net-02,1.4211
2026-01-02T17:36:49,db-02,1.6935
2026-01-02T17:38:15,lb-02,3.1520
2026-01-02T17:38:18,lb-02,0.3440
2026-01-02T17:38:30,cache-01,0.5282
2026-01-02T17:38:30,db-01,5.9231
2026-01-02T17:38:37,net-04,0.0894
2026-01-02T17:38:44,lb-02,1.2988
2026-01-02T17:38:55,lb-01,3.1259
2026-01-02T17:39:23,web-01,8.7642
2026-01-02T17:40:32,db-01,2.7890
2026-01-02T17:40:57,net-02,11.9747
2026-01-02T17:41:15,web-01,3.5466
2026-01-02T17:41:43,hd-01,2.7271
2026-01-02T17:41:49,net-04,0.6789
2026-01-02T17:42:00,web-03,0.5173
2026-01-02T17:42:01,cache-03,0.1431
2026-01-02T17:42:15,cache-01,6.5512
2026-01-02T17:42:21,hd-01,4.6469
2026-01-02T17:42:48,net-02,0.2339
2026-01-02T17:42:53,hd-02,1.5778
2026-01-02T17:43:03,db-02,0.3502
2026-01-02T17:43:16,net-02,4.0368
2026-01-02T17:44:03,cache-02,0.4639
2026-01-02T17:44:14,web-01,3.8500
2026-01-02T17:44:19,cache-03,1.3364
2026-01-02T17:44:21,net-01,0.2658
2026-01-02T17:44:33,web-05,0.5525
2026-01-02T17:45:08,hd-02,1.0537
2026-01-02T17:46:07,net-01,2.0229
2026-01-02T17:46:16,db-02,3.7142
2026-01-02T17:47:41,lb-02,0.8996
2026-01-02T17:48:05,cache-02,1.2633
2026-01-02T17:48:13,net-03,2.2043
2026-01-02T17:48:18,cache-02,1.4658
2026-01-02T17:48:23,cache-02,0.5896
2026-01-02T17:48:38,lb-01,2.3110
2026-01-02T17:49:23,web-03,12.3996
2026-01-02T17:49:42,web-02,1.5307
2026-01-02T17:49:46,hd-02,6.7871
2026-01-02T17:49:48,web-05,5.0914
2026-01-02T17:51:51,lb-02,2.0971
2026-01-02T17:52:17,db-03,4.0712
2026-01-02T17:52:21,db-02,1.0912
2026-01-02T17:52:48,lb-01,0.0578
2026-01-02T17:53:11,net-03,0.0381
2026-01-02T17:54:02,lb-01,5.1891
2026-01-02T17:55:14,lb-01,1.4983
2026-01-02T17:56:01,net-04,39.8270
2026-01-02T17:56:04,web-02,0.0047
2026-01-02T17:56:26,lb-02,8.0431
2026-01-02T17:57:07,db-01,0.4133
2026-01-02T17:57:58,net-04,1.4470
2026-01-02T17:58:07,lb-01,1.5689
2026-01-02T17:58:25,lb-02,0.4572
2026-01-02T17:58:28,web-04,5.8102
2026-01-02T18:00:52,cache-03,0.1680
2026-01-02T18:02:53,cache-03,0.0455
2026-01-02T18:03:23,cache-01,1.4718
2026-01-02T18:03:31,web-04,1.0783
2026-01-02T18:04:14,db-03,8.5934
2026-01-02T18:04:15,web-03,2.3266
2026-01-02T18:04:23,net-02,0.0275
2026-01-02T18:04:53,lb-02,4.2380
2026-01-02T18:05:13,db-03,1.0604
2026-01-02T18:05:20,lb-02,0.2897
2026-01-02T18:05:27,web-05,1.4937
2026-01-02T18:05:56,lb-01,4.0113
2026-01-02T18:06:00,hd-01,2.0323
2026-01-02T18:06:32,cache-03,2.7492
2026-01-02T18:07:19,net-02,22.4208
2026-01-02T18:07:56,web-03,4.3142
2026-01-02T18:08:47,cache-02,0.1092
2026-01-02T18:09:16,cache-03,0.3886
2026-01-02T18:09:22,cache-02,0.2267
2026-01-02T18:09:25,cache-03,0.0687
2026-01-02T18:10:06,cache-03,1.5853
2026-01-02T18:10:11,web-05,1.6177
2026-01-02T18:10:14,db-02,0.3166
2026-01-02T18:10:52,net-03,19.9546
2026-01-02T18:11:50,db-03,0.2593
2026-01-02T18:12:09,db-01,1.5164
2026-01-02T18:12:57,cache-03,1.4572
2026-01-02T18:13:12,db-03,2.4572
2026-01-02T18:14:01,hd-02,0.1387
2026-01-02T18:14:33,lb-01,5.5372
2026-01-02T18:14:43,lb-01,0.4312
2026-01-02T18:14:50,db-02,2.3994
2026-01-02T18:14:53,hd-01,3.7989
2026-01-02T18:15:11,cache-02,15.5533
2026-01-02T18:15:16,cache-03,1.8884
2026-01-02T18:15:24,hd-02,0.0218
2026-01-02T18:16:01,lb-01,1.1691
2026-01-02T18:16:11,lb-02,1.8468
2026-01-02T18:16:12,web-03,0.8478
2026-01-02T18:16:19,net-04,1.6084
2026-01-02T18:16:47,lb-01,3.1065
2026-01-02T18:16:56,hd-02,2.4621
2026-01-02T18:17:38,lb-02,2.0146
2026-01-02T18:18:49,lb-02,1.4192
2026-01-02T18:19:35,db-01,8.8930
2026-01-02T18:19:54,web-01,2.6262
2026-01-02T18:20:33,cache-02,2.4782
2026-01-02T18:20:51,web-02,1.3481
2026-01-02T18:20:52,db-03,4.4019
2026-01-02T18:22:51,cache-03,4.9152
2026-01-02T18:23:13,lb-02,1.4999
2026-01-02T18:24:07,hd-01,5.2926
2026-01-02T18:24:13,lb-02,4.3922
2026-01-02T18:25:03,hd-01,0.0429
2026-01-02T18:27:30,db-02,1.4518
2026-01-02T18:27:35,db-01,1.6236
2026-01-02T18:28:13,db-03,8.6102
2026-01-02T18:28:17,lb-01,0.0232
2026-01-02T18:29:17,cache-03,0.0804
2026-01-02T18:29:56,net-01,2.6294
2026-01-02T18:30:34,cache-03,16.7859
2026-01-02T18:30:50,hd-01,0.0828
2026-01-02T18:32:26,cache-03,0.1941
2026-01-02T18:32:27,hd-02,0.6468
2026-01-02T18:33:54,db-01,0.3432
2026-01-02T18:34:05,net-01,0.4400
2026-01-02T18:34:16,cache-02,1.3871
2026-01-02T18:34:22,net-04,2.2625
2026-01-02T18:35:01,hd-01,1.2327
2026-01-02T18:35:26,hd-01,0.8304
2026-01-02T18:35:40,db-03,6.6923
2026-01-02T18:36:09,lb-01,1.7854
2026-01-02T18:36:26,db-01,0.3849
2026-01-02T18:37:06,db-03,7.6073
2026-01-02T18:37:12,lb-01,3.5385
2026-01-02T18:37:17,lb-01,0.0293
2026-01-02T18:37:24,hd-01,1.6567
2026-01-02T18:37:33,cache-02,1.4024
2026-01-02T18:37:38,db-01,0.1384
2026-01-02T18:37:41,lb-02,2.5147
2026-01-02T18:37:56,net-02,1.0532
2026-01-02T18:37:58,cache-02,1.2859
2026-01-02T18:38:08,web-01,35.2002
2026-01-02T18:38:24,hd-02,1.0434
2026-01-02T18:39:18,web-05,0.0742
2026-01-02T18:40:07,cache-03,0.6467
2026-01-02T18:41:28,web-01,1.0935
2026-01-02T18:41:33,db-02,2.4289
2026-01-02T18:41:34,cache-03,0.4253
2026-01-02T18:41:46,web-04,3.0076
2026-01-02T18:42:35,lb-02,0.7957
2026-01-02T18:42:56,cache-03,10.3482
2026-01-02T18:43:00,web-01,0.3880
2026-01-02T18:43:28,cache-01,5.8959
2026-01-02T18:44:15,web-03,9.0478
2026-01-02T18:44:17,db-01,0.5306
2026-01-02T18:45:00,web-01,0.9194
2026-01-02T18:45:17,lb-02,0.2654
2026-01-02T18:45:41,hd-02,0.5393
2026-01-02T18:45:57,cache-03,2.1381
2026-01-02T18:47:02,hd-01,0.8384
2026-01-02T18:47:13,net-02,2.7375
2026-01-02T18:47:16,cache-02,0.0873
2026-01-02T18:48:32,cache-01,0.7012
2026-01-02T18:48:49,lb-02,24.1471
2026-01-02T18:49:00,cache-02,5.4067
2026-01-02T18:49:03,hd-01,1.0300
2026-01-02T18:49:08,lb-02,1.8313
2026-01-02T18:49:15,db-01,2.6444
2026-01-02T18:49:32,cache-03,1.1253
2026-01-02T18:50:25,net-02,0.8010
2026-01-02T18:50:58,db-02,3.4732
2026-01-02T18:52:03,lb-02,7.0041
2026-01-02T18:54:36,lb-01,18.8741
2026-01-02T18:55:15,hd-01,5.5550
2026-01-02T18:55:32,db-01,0.6474
2026-01-02T18:56:42,lb-01,0.4123
2026-01-02T18:57:34,net-04,13.8844
2026-01-02T18:59:00,net-01,8.9469
2026-01-02T18:59:01,web-02,0.1975
2026-01-02T18:59:12,hd-02,4.2150
2026-01-02T18:59:37,cache-03,0.2969
2026-01-02T18:59:59,db-03,0.3326
2026-01-02T19:01:05,hd-01,1.3851
2026-01-02T19:02:55,net-01,0.4265
2026-01-02T19:03:04,net-03,2.6828
2026-01-02T19:03:05,net-03,2.1659
2026-01-02T19:03:09,net-01,0.1651
2026-01-02T19:03:54,cache-03,0.8388
2026-01-02T19:04:40,db-01,0.0011
2026-01-02T19:04:51,net-04,0.0228
2026-01-02T19:05:28,net-04,0.8640
2026-01-02T19:05:29,hd-02,0.0678
2026-01-02T19:06:35,cache-02,2.7471
2026-01-02T19:10:12,net-04,4.6318
2026-01-02T19:11:08,net-03,0.7306
2026-01-02T19:11:14,web-05,5.4101
2026-01-02T19:12:47,net-03,0.0830
2026-01-02T19:14:06,net-03,1.0152
2026-01-02T19:14:15,lb-01,4.2287
2026-01-02T19:14:50,cache-02,3.6612
2026-01-02T19:15:41,cache-01,0.2625
2026-01-02T19:15:54,lb-01,1.8926
2026-01-02T19:16:07,web-04,1.6196
2026-01-02T19:16:28,web-05,0.3040
2026-01-02T19:17:07,net-02,0.7472
2026-01-02T19:17:36,lb-01,0.1086
2026-01-02T19:18:05,db-02,1.0169
2026-01-02T19:18:55,lb-02,2.6496
2026-01-02T19:19:23,hd-01,2.4548
2026-01-02T19:20:33,web-02,0.0634
2026-01-02T19:21:20,hd-01,0.3977
2026-01-02T19:21:26,web-03,0.5356
2026-01-02T19:21:51,net-03,0.0212
2026-01-02T19:22:46,db-01,0.4418
2026-01-02T19:24:35,db-01,1.5827
2026-01-02T19:24:46,hd-01,0.0769
2026-01-02T19:24:51,lb-01,2.8147
2026-01-02T19:26:34,db-03,0.1550
2026-01-02T19:27:13,hd-01,0.5312
2026-01-02T19:27:25,web-04,14.2540
2026-01-02T19:27:42,net-01,0.4352
2026-01-02T19:27:53,hd-02,13.6341
2026-01-02T19:29:27,net-01,1.5651
2026-01-02T19:30:00,web-05,5.7153
2026-01-02T19:30:14,hd-01,3.3057
2026-01-02T19:30:39,db-01,13.9502
2026-01-02T19:30:46,web-03,0.1976
2026-01-02T19:30:58,lb-02,1.8121
2026-01-02T19:31:42,net-04,12.0120
2026-01-02T19:32:17,net-03,1.9812
2026-01-02T19:32:17,db-02,25.4904
2026-01-02T19:33:18,hd-02,7.0848
2026-01-02T19:34:31,net-02,2.6802
2026-01-02T19:35:16,web-02,2.7111
2026-01-02T19:35:58,hd-01,0.2767
2026-01-02T19:36:48,db-01,2.7772
2026-01-02T19:37:04,net-04,3.7859
2026-01-02T19:37:17,hd-02,1.1200
2026-01-02T19:37:59,web-04,0.0578
2026-01-02T19:38:43,web-03,1.8713
2026-01-02T19:39:01,lb-02,1.1245
2026-01-02T19:39:34,lb-01,0.8352
2026-01-02T19:40:04,cache-02,0.4955
2026-01-02T19:40:32,web-04,1.2283
2026-01-02T19:40:42,db-03,1.3114
2026-01-02T19:41:12,net-03,6.1634
2026-01-02T19:41:25,lb-01,0.7394
2026-01-02T19:42:02,db-02,0.6483
2026-01-02T19:43:15,hd-02,3.7746
2026-01-02T19:44:22,cache-03,2.4723
2026-01-02T19:44:36,net-02,2.6552
2026-01-02T19:45:15,lb-01,1.7429
2026-01-02T19:45:29,db-02,2.4101
2026-01-02T19:45:30,lb-02,6.0325
2026-01-02T19:46:17,web-01,1.1647
2026-01-02T19:46:26,hd-02,10.1806
2026-01-02T19:47:31,db-03,0.1220
2026-01-02T19:47:53,lb-02,5.1572
2026-01-02T19:48:24,web-02,6.2588
2026-01-02T19:48:40,cache-03,5.4081
2026-01-02T19:49:00,web-02,6.2784
2026-01-02T19:49:29,lb-01,0.0877
2026-01-02T19:50:43,net-04,0.3862
2026-01-02T19:50:58,net-03,17.7029
2026-01-02T19:51:54,web-03,1.2775
2026-01-02T19:51:59,hd-01,3.1341
2026-01-02T19:52:15,lb-01,0.6350
2026-01-02T19:52:32,hd-01,3.0719
2026-01-02T19:53:19,hd-01,0.4834
2026-01-02T19:53:21,cache-03,1.7279
2026-01-02T19:53:51,db-03,4.4746
2026-01-02T19:54:21,hd-02,4.7278
2026-01-02T19:54:37,db-03,1.3699
2026-01-02T19:55:24,hd-01,1.4517
2026-01-02T19:55:32,hd-01,0.2399
2026-01-02T19:55:32,net-02,0.4519
2026-01-02T19:55:52,hd-02,1.9104
2026-01-02T19:59:47,cache-01,2.3710
2026-01-02T19:59:54,db-02,2.6846
2026-01-02T20:00:03,cache-02,11.6508
2026-01-02T20:00:41,web-03,0.8988
2026-01-02T20:01:01,net-02,0.8646
2026-01-02T20:01:01,db-03,9.8673
2026-01-02T20:01:55,net-02,1.0243
2026-01-02T20:02:05,web-02,0.6923
2026-01-02T20:02:26,db-02,7.7321
2026-01-02T20:02:48,cache-03,67.3141
2026-01-02T20:02:48,lb-02,3.4549
2026-01-02T20:05:04,net-04,4.9710
2026-01-02T20:06:14,hd-02,0.3748
2026-01-02T20:06:40,db-02,4.7283
2026-01-02T20:08:51,cache-03,1.8818
2026-01-02T20:08:54,lb-01,0.7870
2026-01-02T20:09:47,db-03,2.8719
2026-01-02T20:09:50,db-01,0.8930
2026-01-02T20:09:55,web-02,2.0538
2026-01-02T20:09:59,lb-01,0.0426
2026-01-02T20:10:43,cache-01,1.1358
2026-01-02T20:10:50,cache-03,0.7149
2026-01-02T20:11:10,net-01,4.3562
2026-01-02T20:12:07,lb-02,0.8269
2026-01-02T20:12:08,cache-01,9.8092
2026-01-02T20:12:48,net-01,0.8258
2026-01-02T20:12:54,net-03,4.1821
2026-01-02T20:12:56,cache-03,0.2240
2026-01-02T20:13:25,hd-01,2.9213
2026-01-02T20:13:54,cache-03,5.6421
2026-01-02T20:14:04,web-02,2.2923
2026-01-02T20:14:40,hd-01,0.1923
2026-01-02T20:14:52,net-01,1.8654
2026-01-02T20:15:15,lb-01,2.8950
2026-01-02T20:16:01,web-05,0.5437
2026-01-02T20:16:19,web-01,1.0354
2026-01-02T20:18:33,net-03,0.4428
2026-01-02T20:19:17,db-01,0.8806
2026-01-02T20:19:43,hd-01,17.9880
2026-01-02T20:20:42,hd-01,1.7776
2026-01-02T20:20:54,net-01,10.9818
2026-01-02T20:21:15,hd-01,0.3521
2026-01-02T20:23:53,db-01,0.1149
2026-01-02T20:24:55,net-01,11.8756
2026-01-02T20:25:08,db-01,0.1725
2026-01-02T20:25:28,net-02,1.4369
2026-01-02T20:25:42,web-04,1.3189
2026-01-02T20:26:14,lb-01,4.0815
2026-01-02T20:26:48,hd-01,14.6606
2026-01-02T20:26:48,lb-02,1.0404
2026-01-02T20:27:31,lb-02,1.0950
2026-01-02T20:28:56,hd-01,0.0275
2026-01-02T20:28:58,net-03,0.9592
2026-01-02T20:29:26,cache-01,4.1105
2026-01-02T20:29:48,db-02,2.0097
2026-01-02T20:30:11,cache-01,0.8791
2026-01-02T20:30:17,lb-02,0.1814
2026-01-02T20:30:19,net-02,0.9351
2026-01-02T20:30:20,web-03,3.1320
2026-01-02T20:30:22,cache-01,1.9147
2026-01-02T20:31:30,lb-02,1.6413
2026-01-02T20:31:42,web-03,3.8318
2026-01-02T20:33:13,lb-01,1.3247
2026-01-02T20:33:26,cache-03,0.3681
2026-01-02T20:33:58,cache-03,1.1544
2026-01-02T20:34:47,net-02,2.0971
2026-01-02T20:35:17,lb-01,0.4653
2026-01-02T20:35:59,hd-01,11.9919
2026-01-02T20:36:48,hd-02,1.5886
2026-01-02T20:37:24,lb-01,2.2825
2026-01-02T20:37:56,db-01,2.6350
2026-01-02T20:38:04,hd-02,6.5431
2026-01-02T20:38:41,hd-02,0.1386
2026-01-02T20:38:44,web-03,1.5582
2026-01-02T20:40:03,net-01,0.6959
2026-01-02T20:41:07,lb-01,2.0094
2026-01-02T20:41:08,cache-03,1.2103
2026-01-02T20:41:09,db-03,5.0255
2026-01-02T20:41:14,hd-01,0.0429
2026-01-02T20:41:24,lb-02,2.8226
2026-01-02T20:42:09,web-05,0.0644
2026-01-02T20:42:24,db-01,0.9847
2026-01-02T20:44:09,lb-01,5.0951
2026-01-02T20:44:53,hd-01,9.2231
2026-01-02T20:45:02,cache-01,2.8745
2026-01-02T20:45:06,lb-02,0.7947
2026-01-02T20:45:25,net-03,9.3919
2026-01-02T20:46:18,net-03,3.0237
2026-01-02T20:46:35,lb-01,1.8544
2026-01-02T20:47:39,web-04,1.9928
2026-01-02T20:48:06,net-01,0.2027
2026-01-02T20:48:11,hd-01,1.0638
2026-01-02T20:48:11,db-02,0.7633
2026-01-02T20:48:42,lb-01,2.9039
2026-01-02T20:49:05,db-03,2.3074
2026-01-02T20:49:38,lb-02,1.6079
2026-01-02T20:49:49,db-02,3.3975
2026-01-02T20:49:59,cache-03,1.0056
2026-01-02T20:51:00,cache-01,4.0607
2026-01-02T20:51:27,net-02,13.6780
2026-01-02T20:52:22,lb-02,0.5934
2026-01-02T20:52:41,net-04,5.7506
2026-01-02T20:52:54,net-01,11.7787
2026-01-02T20:54:05,cache-01,0.0469
2026-01-02T20:54:15,web-04,3.8683
2026-01-02T20:56:26,cache-03,0.0337
2026-01-02T20:56:54,web-04,1.7477
2026-01-02T20:57:32,lb-01,5.2910
2026-01-02T20:57:48,hd-02,1.2167
2026-01-02T20:58:17,lb-01,0.3075
2026-01-02T20:58:28,lb-01,2.3130
2026-01-02T20:58:51,cache-02,3.7300
2026-01-02T20:59:38,net-02,4.3145
2026-01-02T21:00:18,hd-02,0.4117
2026-01-02T21:00:28,lb-02,3.0237
2026-01-02T21:00:46,lb-01,0.1007
2026-01-02T21:02:41,lb-01,3.6463
2026-01-02T21:03:06,net-01,3.8128
2026-01-02T21:04:15,cache-01,0.3694
2026-01-02T21:04:39,web-02,0.9049
2026-01-02T21:05:12,lb-02,0.2197
2026-01-02T21:05:30,lb-02,3.0364
2026-01-02T21:05:32,hd-01,11.2585
2026-01-02T21:06:11,cache-02,0.0385
2026-01-02T21:07:04,hd-02,11.4228
2026-01-02T21:07:09,web-05,0.9278
2026-01-02T21:09:00,lb-01,1.9434
2026-01-02T21:10:40,net-02,0.7530
2026-01-02T21:11:05,lb-02,3.7296
2026-01-02T21:11:48,cache-03,0.2974
2026-01-02T21:12:30,cache-03,9.3976
2026-01-02T21:12:36,web-05,3.1680
2026-01-02T21:12:37,hd-01,9.6433
2026-01-02T21:13:45,lb-02,2.9430
2026-01-02T21:14:17,web-04,11.2256
2026-01-02T21:14:21,lb-01,3.9404
2026-01-02T21:14:43,web-02,1.9921
2026-01-02T21:15:49,db-01,0.2677
2026-01-02T21:16:19,cache-02,8.6813
2026-01-02T21:17:05,cache-01,5.1479
2026-01-02T21:17:32,db-02,2.4858
2026-01-02T21:17:40,lb-01,2.7270
2026-01-02T21:19:21,web-03,2.0734
2026-01-02T21:19:50,hd-02,1.1745
2026-01-02T21:20:16,cache-03,4.0241
2026-01-02T21:20:23,hd-01,0.1158
2026-01-02T21:21:16,net-03,0.0965
2026-01-02T21:22:14,db-02,0.5136
2026-01-02T21:22:33,hd-02,0.5849
2026-01-02T21:22:52,hd-01,3.2637
2026-01-02T21:23:06,web-05,1.1563
2026-01-02T21:23:58,lb-02,2.0707
2026-01-02T21:24:01,web-05,0.0230
2026-01-02T21:24:24,web-05,17.0622
2026-01-02T21:25:01,cache-02,0.8983
2026-01-02T21:25:46,lb-01,1.8955
2026-01-02T21:25:54,cache-03,1.1886
2026-01-02T21:26:03,lb-01,1.6076
2026-01-02T21:26:22,lb-02,10.4996
2026-01-02T21:26:27,cache-01,0.3078
2026-01-02T21:28:16,net-02,11.0554
2026-01-02T21:29:29,web-04,0.0533
2026-01-02T21:30:22,lb-01,4.8831
2026-01-02T21:30:23,db-01,0.0487
2026-01-02T21:31:26,db-01,0.8471
2026-01-02T21:31:49,db-03,5.8973
2026-01-02T21:32:10,lb-01,1.3258
2026-01-02T21:32:20,cache-03,9.7196
2026-01-02T21:32:49,lb-01,1.5521
2026-01-02T21:32:50,db-01,8.8712
2026-01-02T21:32:56,web-02,11.0118
2026-01-02T21:32:59,lb-02,11.2661
2026-01-02T21:33:09,db-02,13.6995
2026-01-02T21:33:47,web-02,0.3305
2026-01-02T21:34:36,net-01,1.1902
2026-01-02T21:34:57,hd-01,20.6244
2026-01-02T21:36:45,lb-01,3.1382
2026-01-02T21:38:35,db-03,1.4168
2026-01-02T21:39:00,db-03,0.3626
2026-01-02T21:39:57,web-01,0.7005
2026-01-02T21:40:02,db-02,1.5975
2026-01-02T21:40:33,lb-02,1.2141
2026-01-02T21:40:42,lb-02,1.6393
2026-01-02T21:41:11,hd-02,3.7125
2026-01-02T21:41:17,net-01,2.0227
2026-01-02T21:41:23,net-03,22.7614
2026-01-02T21:41:42,lb-02,3.3206
2026-01-02T21:42:36,db-03,1.9918
2026-01-02T21:43:25,hd-02,0.6441
2026-01-02T21:43:30,web-02,3.5347
2026-01-02T21:44:22,lb-01,0.0104
2026-01-02T21:44:25,cache-01,3.0746
2026-01-02T21:44:48,hd-02,4.5862
2026-01-02T21:45:31,lb-01,11.5569
2026-01-02T21:46:00,cache-01,2.2394
2026-01-02T21:46:15,web-01,1.0912
2026-01-02T21:46:33,web-04,8.5705
2026-01-02T21:47:05,db-01,26.3542
2026-01-02T21:47:56,net-02,12.4746
2026-01-02T21:48:06,lb-01,3.7879
2026-01-02T21:48:17,hd-01,0.4844
2026-01-02T21:49:06,net-02,0.8864
2026-01-02T21:49:19,cache-02,0.1668
2026-01-02T21:49:42,cache-01,0.5428
2026-01-02T21:49:59,hd-01,6.9714
2026-01-02T21:50:04,web-05,1.9562
2026-01-02T21:50:46,lb-02,2.6221
2026-01-02T21:50:49,web-04,1.5384
2026-01-02T21:51:04,lb-02,0.9412
2026-01-02T21:51:09,db-03,0.7695
2026-01-02T21:51:15,net-03,1.1188
2026-01-02T21:51:47,hd-02,0.2710
2026-01-02T21:51:48,lb-01,5.9886
2026-01-02T21:52:22,cache-02,3.7281
2026-01-02T21:52:37,net-01,0.2491
2026-01-02T21:52:58,cache-01,0.5182
2026-01-02T21:53:21,lb-01,3.0438
2026-01-02T21:53:46,net-02,0.7492
2026-01-02T21:54:25,net-01,7.5826
2026-01-02T21:54:51,web-02,20.3289
2026-01-02T21:56:22,cache-03,0.0364
2026-01-02T21:57:20,lb-02,7.0058
2026-01-02T21:57:25,cache-01,0.2911
2026-01-02T21:57:34,net-01,2.4251
2026-01-02T21:59:54,hd-02,1.3825
2026-01-02T22:00:07,hd-02,20.0927
2026-01-02T22:00:24,hd-01,3.6671
2026-01-02T22:01:13,db-01,2.9980
2026-01-02T22:01:24,lb-02,1.6070
2026-01-02T22:01:26,net-01,1.4755
2026-01-02T22:01:40,hd-01,9.3100
2026-01-02T22:01:58,db-01,2.7892
2026-01-02T22:02:01,web-03,0.0996
2026-01-02T22:03:17,web-05,4.6338
2026-01-02T22:03:25,web-05,0.6840
2026-01-02T22:03:50,lb-01,0.4880
2026-01-02T22:04:30,hd-02,2.2559
2026-01-02T22:04:48,lb-01,0.8187
2026-01-02T22:05:59,hd-02,4.3475
2026-01-02T22:06:27,db-01,1.1978
2026-01-02T22:06:41,db-02,0.1889
2026-01-02T22:06:50,web-03,4.2927
2026-01-02T22:07:00,web-05,1.8199
2026-01-02T22:07:25,cache-01,5.9170
2026-01-02T22:08:13,net-01,0.2723
2026-01-02T22:10:37,net-04,0.4272
2026-01-02T22:10:46,net-04,0.1301
2026-01-02T22:11:30,net-02,0.2073
2026-01-02T22:11:31,web-04,1.0671
2026-01-02T22:11:48,web-02,1.1298
2026-01-02T22:12:08,hd-01,22.7548
2026-01-02T22:12:35,net-02,2.6456
2026-01-02T22:12:38,lb-01,3.9645
2026-01-02T22:13:19,cache-01,0.5233
2026-01-02T22:14:56,cache-03,19.2101
2026-01-02T22:15:27,hd-01,0.9562
2026-01-02T22:15:28,db-03,1.9175
2026-01-02T22:15:49,web-02,0.3505
2026-01-02T22:15:54,cache-03,3.3563
2026-01-02T22:16:02,db-03,7.7992
2026-01-02T22:16:06,lb-01,0.4357
2026-01-02T22:17:10,web-05,6.1818
2026-01-02T22:18:40,hd-02,0.1275
2026-01-02T22:19:49,net-02,4.1921
2026-01-02T22:19:49,cache-03,2.1395
2026-01-02T22:19:55,net-03,2.7288
2026-01-02T22:20:33,hd-01,3.9037
2026-01-02T22:20:43,web-05,1.1231
2026-01-02T22:21:10,db-02,5.5886
2026-01-02T22:22:53,db-01,0.3671
2026-01-02T22:23:43,cache-03,4.0816
2026-01-02T22:24:21,lb-01,0.6099
2026-01-02T22:25:04,hd-02,4.8057
2026-01-02T22:25:10,web-04,1.8738
2026-01-02T22:25:14,web-03,1.4080
2026-01-02T22:25:34,hd-01,16.6879
2026-01-02T22:26:42,web-03,2.3683
2026-01-02T22:26:59,db-03,10.4267
2026-01-02T22:27:05,lb-01,2.9972
2026-01-02T22:27:22,lb-02,2.7069
2026-01-02T22:27:43,db-02,3.6405
2026-01-02T22:28:16,cache-03,4.1973
2026-01-02T22:28:48,lb-02,1.5175
2026-01-02T22:29:42,web-01,8.2588
2026-01-02T22:29:58,hd-02,1.8779
2026-01-02T22:30:38,hd-01,0.0727
2026-01-02T22:30:39,hd-02,6.0530
2026-01-02T22:31:19,db-01,0.5588
2026-01-02T22:32:32,db-02,1.4914
2026-01-02T22:32:48,cache-01,2.3691
2026-01-02T22:32:57,net-04,3.3000
2026-01-02T22:33:22,web-05,1.5517
2026-01-02T22:33:29,net-01,0.6272
2026-01-02T22:33:57,net-04,0.8285
2026-01-02T22:34:45,lb-02,0.8245
2026-01-02T22:35:03,db-01,2.0752
2026-01-02T22:35:12,hd-02,19.6357
2026-01-02T22:35:26,net-02,1.3219
2026-01-02T22:36:05,db-03,5.1176
2026-01-02T22:36:22,hd-01,2.1519
2026-01-02T22:37:17,db-02,0.7981
2026-01-02T22:37:25,db-02,2.0174
2026-01-02T22:37:29,cache-01,2.6882
2026-01-02T22:37:46,net-02,2.7995
2026-01-02T22:38:20,web-01,0.2903
2026-01-02T22:38:50,cache-01,49.4686
2026-01-02T22:39:10,web-03,1.2259
2026-01-02T22:39:28,web-03,2.6338
2026-01-02T22:40:05,hd-01,4.6162
2026-01-02T22:40:15,net-04,0.4902
2026-01-02T22:40:59,net-03,1.6153
2026-01-02T22:41:40,web-04,10.3204
2026-01-02T22:41:50,web-03,1.9816
2026-01-02T22:42:05,lb-01,2.1863
2026-01-02T22:42:11,hd-01,9.0055
2026-01-02T22:42:30,net-02,3.3734
2026-01-02T22:43:16,hd-01,0.1708
2026-01-02T22:43:17,db-01,1.0277
2026-01-02T22:43:55,net-01,3.4538
2026-01-02T22:44:04,db-02,0.4456
2026-01-02T22:44:42,hd-01,6.4052
2026-01-02T22:45:30,lb-02,2.3755
2026-01-02T22:46:10,cache-01,19.9540
2026-01-02T22:46:12,hd-02,0.5484
2026-01-02T22:46:25,net-01,1.1922
2026-01-02T22:46:54,net-03,0.2158
2026-01-02T22:46:57,lb-01,1.9360
2026-01-02T22:47:20,net-01,6.2858
2026-01-02T22:47:31,lb-02,1.2700
2026-01-02T22:48:06,lb-02,1.9538
2026-01-02T22:49:07,lb-02,8.1246
2026-01-02T22:49:19,db-01,1.5075
2026-01-02T22:50:05,web-04,0.2791
2026-01-02T22:51:22,net-03,7.7713
2026-01-02T22:51:45,db-01,5.4092
2026-01-02T22:52:17,lb-02,1.0495
2026-01-02T22:52:38,db-03,9.1946
2026-01-02T22:52:41,cache-02,2.9760
2026-01-02T22:52:47,cache-02,0.0783
2026-01-02T22:52:50,hd-01,4.0207
2026-01-02T22:52:51,db-02,0.4291
2026-01-02T22:53:40,db-02,2.2494
2026-01-02T22:54:07,cache-01,1.3401
2026-01-02T22:54:31,web-04,3.3689
2026-01-02T22:55:02,net-02,9.3830
2026-01-02T22:55:16,hd-02,2.5598
2026-01-02T22:55:46,db-01,0.3443
2026-01-02T22:56:58,web-05,2.3452
2026-01-02T22:57:17,db-01,0.3829
2026-01-02T22:57:26,hd-01,4.2825
2026-01-02T22:57:35,cache-03,1.0585
2026-01-02T22:58:15,web-04,0.1389
2026-01-02T22:58:30,db-01,12.5274
2026-01-02T22:58:52,web-01,3.1213
2026-01-02T22:59:29,lb-01,2.9349
2026-01-02T22:59:45,db-02,12.9938
2026-01-02T22:59:45,web-01,0.5979
2026-01-02T23:00:05,db-01,5.0724
2026-01-02T23:00:47,hd-01,0.3227
2026-01-02T23:01:38,web-03,6.2761
2026-01-02T23:01:57,lb-02,1.1804
2026-01-02T23:01:57,db-01,2.1296
2026-01-02T23:03:28,web-03,3.7342
2026-01-02T23:04:45,hd-01,6.3683
2026-01-02T23:05:29,lb-01,0.7786
2026-01-02T23:06:18,db-01,0.2921
2026-01-02T23:08:00,lb-02,3.6861
2026-01-02T23:08:45,web-01,0.8694
2026-01-02T23:08:53,db-03,0.6095
2026-01-02T23:09:37,net-04,5.0071
2026-01-02T23:09:55,hd-01,0.3941
2026-01-02T23:10:00,net-02,0.8564
2026-01-02T23:10:16,hd-01,0.1624
2026-01-02T23:11:23,hd-02,3.0674
2026-01-02T23:11:35,db-02,5.5817
2026-01-02T23:12:00,cache-02,5.2079
2026-01-02T23:12:03,net-04,0.0400
2026-01-02T23:12:04,db-03,4.2083
2026-01-02T23:12:21,db-01,8.7504
2026-01-02T23:14:10,web-04,1.8895
2026-01-02T23:15:19,lb-02,2.9255
2026-01-02T23:15:52,net-04,2.2788
2026-01-02T23:15:54,cache-01,12.6217
2026-01-02T23:16:29,cache-02,0.0957
2026-01-02T23:18:14,web-02,5.2060
2026-01-02T23:18:19,web-03,5.8713
2026-01-02T23:18:56,db-01,1.9349
2026-01-02T23:19:24,web-02,1.4742
2026-01-02T23:22:25,hd-01,3.6550
2026-01-02T23:22:27,lb-01,1.8176
2026-01-02T23:22:49,web-01,7.6649
2026-01-02T23:23:49,cache-01,1.3995
2026-01-02T23:23:59,lb-02,1.1377
2026-01-02T23:24:54,net-01,3.3256
2026-01-02T23:25:27,hd-02,0.4202
2026-01-02T23:27:47,hd-02,2.5485
2026-01-02T23:28:22,net-02,6.3624
2026-01-02T23:28:25,web-01,0.4982
2026-01-02T23:29:58,web-03,3.0265
2026-01-02T23:30:32,db-03,1.6205
2026-01-02T23:31:38,net-01,1.0546
2026-01-02T23:31:50,db-01,13.0021
2026-01-02T23:32:05,lb-01,2.0828
2026-01-02T23:32:55,net-01,0.4014
2026-01-02T23:33:24,db-03,0.8615
2026-01-02T23:33:51,net-02,1.0897
2026-01-02T23:34:09,db-01,0.5622
2026-01-02T23:34:53,cache-01,0.5799
2026-01-02T23:34:59,lb-02,8.4738
2026-01-02T23:35:58,cache-03,6.5873
2026-01-02T23:36:22,hd-02,0.8818
2026-01-02T23:36:42,web-02,3.4406
2026-01-02T23:37:36,web-03,0.3730
2026-01-02T23:37:40,cache-01,0.7347
2026-01-02T23:38:43,cache-02,3.2622
2026-01-02T23:38:50,lb-02,6.5713
2026-01-02T23:39:05,hd-02,0.7127
2026-01-02T23:40:02,db-03,2.3942
2026-01-02T23:40:25,web-05,3.8834
2026-01-02T23:40:59,db-02,5.7913
2026-01-02T23:42:10,db-02,2.7498
2026-01-02T23:42:11,hd-01,4.3871
2026-01-02T23:42:15,hd-02,0.4767
2026-01-02T23:42:33,lb-01,2.5832
2026-01-02T23:43:13,hd-01,0.0198
2026-01-02T23:45:31,hd-01,0.7851
2026-01-02T23:45:45,web-01,2.3562
2026-01-02T23:45:58,db-03,0.7939
2026-01-02T23:46:14,net-03,3.2937
2026-01-02T23:46:29,lb-01,1.4980
2026-01-02T23:46:37,web-03,0.1579
2026-01-02T23:46:56,net-03,16.6976
2026-01-02T23:46:59,web-01,39.1398
2026-01-02T23:47:37,lb-02,9.3095
2026-01-02T23:47:43,hd-02,0.7366
2026-01-02T23:48:35,net-03,0.8653
2026-01-02T23:48:44,db-03,1.2248
2026-01-02T23:48:55,db-02,2.5401
2026-01-02T23:49:41,cache-03,2.0513
2026-01-02T23:49:47,lb-01,4.5587
2026-01-02T23:50:21,hd-01,1.6092
2026-01-02T23:51:42,net-04,0.0611
2026-01-02T23:52:29,db-03,3.5869
2026-01-02T23:52:39,cache-03,2.4778
2026-01-02T23:53:05,cache-03,8.4320
2026-01-02T23:53:38,cache-03,0.7162
2026-01-02T23:54:45,net-01,2.6651
2026-01-02T23:55:04,net-04,3.7969
2026-01-02T23:55:07,cache-01,1.6630
2026-01-02T23:55:11,web-01,0.4739
2026-01-02T23:55:28,cache-02,0.3451
2026-01-02T23:55:54,web-03,0.2629
2026-01-02T23:56:12,net-02,1.9401
2026-01-02T23:56:22,lb-02,1.3992
2026-01-02T23:56:40,hd-01,4.7105
2026-01-02T23:56:45,web-02,1.5152
2026-01-02T23:56:57,web-03,6.6026
2026-01-02T23:57:40,net-01,1.6078
2026-01-02T23:58:05,cache-01,0.7130
2026-01-02T23:58:14,cache-01,0.1040
2026-01-02T23:58:18,db-02,6.9824
2026-01-02T23:58:34,hd-02,1.8979
2026-01-02T23:58:41,hd-01,1.2034
2026-01-02T23:58:44,hd-01,0.8976
2026-01-02T23:59:04,web-05,2.8828
2026-01-02T23:59:34,web-04,2.8042
2026-01-02T23:59:35,lb-01,1.3309
2026-01-03T00:00:34,lb-01,7.2412
2026-01-03T00:00:49,cache-03,0.7160
2026-01-03T00:01:55,cache-02,6.4174
2026-01-03T00:02:31,cache-02,0.3649
2026-01-03T00:03:20,db-02,2.5014
2026-01-03T00:03:36,hd-01,4.0214
2026-01-03T00:04:04,db-01,1.1430
2026-01-03T00:04:18,cache-02,3.1993
2026-01-03T00:04:19,db-03,10.6960
2026-01-03T00:05:08,db-03,0.0392
2026-01-03T00:05:22,lb-02,10.0735
2026-01-03T00:05:34,web-02,3.9492
2026-01-03T00:06:02,net-03,1.3864
2026-01-03T00:06:30,net-02,0.9106
2026-01-03T00:07:37,web-03,15.0399
2026-01-03T00:07:58,cache-02,0.3027
2026-01-03T00:07:58,net-03,5.4034
2026-01-03T00:08:57,net-01,2.0584
2026-01-03T00:11:22,web-05,2.3812
2026-01-03T00:11:36,lb-02,4.1133
2026-01-03T00:11:43,lb-01,1.5952
2026-01-03T00:12:27,hd-01,0.4065
2026-01-03T00:13:09,lb-01,2.3786
2026-01-03T00:13:31,net-04,1.4325
2026-01-03T00:15:12,hd-02,1.3340
2026-01-03T00:15:13,hd-02,0.8563
2026-01-03T00:15:23,db-01,1.4252
2026-01-03T00:15:44,lb-01,0.2614
2026-01-03T00:15:48,hd-01,2.1190
2026-01-03T00:17:31,db-01,0.9578
2026-01-03T00:17:34,web-05,0.1241
2026-01-03T00:17:48,net-01,3.1510
2026-01-03T00:17:51,lb-01,0.4466
2026-01-03T00:17:56,net-01,3.7183
2026-01-03T00:18:46,db-01,0.9060
2026-01-03T00:19:39,web-02,7.7295
2026-01-03T00:20:52,cache-01,2.0268
2026-01-03T00:20:58,lb-02,3.8997
2026-01-03T00:21:56,db-01,1.9484
2026-01-03T00:22:32,lb-01,0.4104
2026-01-03T00:22:38,web-01,0.7750
2026-01-03T00:23:12,hd-02,0.7102
2026-01-03T00:23:47,net-03,1.9741
2026-01-03T00:23:49,db-02,0.0605
2026-01-03T00:24:03,net-04,1.3053
2026-01-03T00:25:07,cache-02,1.3388
2026-01-03T00:25:15,cache-03,2.6134
2026-01-03T00:26:03,cache-01,2.9924
2026-01-03T00:26:26,web-01,3.1485
2026-01-03T00:26:27,web-03,2.7843
2026-01-03T00:26:38,lb-02,0.3319
2026-01-03T00:26:55,hd-02,0.3922
2026-01-03T00:27:27,web-02,3.2399
2026-01-03T00:27:44,net-04,1.1600
2026-01-03T00:28:57,hd-01,9.5134
2026-01-03T00:29:13,lb-01,6.6358
2026-01-03T00:29:28,web-05,3.6369
2026-01-03T00:29:39,web-05,2.4328
2026-01-03T00:29:53,hd-01,0.8416
2026-01-03T00:29:56,lb-02,2.3621
2026-01-03T00:30:02,net-03,0.5978
2026-01-03T00:31:55,net-01,3.0547
2026-01-03T00:31:57,cache-01,1.5589
2026-01-03T00:31:57,db-03,0.9027
2026-01-03T00:32:53,lb-02,11.4966
2026-01-03T00:33:07,net-03,7.2163
2026-01-03T00:33:32,web-04,0.1247
2026-01-03T00:33:36,hd-02,1.7170
2026-01-03T00:33:59,web-04,4.3836
2026-01-03T00:34:37,net-04,3.3334
2026-01-03T00:34:49,hd-01,2.7083
2026-01-03T00:34:54,web-03,12.3624
2026-01-03T00:35:31,net-01,3.9428
2026-01-03T00:36:04,lb-02,0.7776
2026-01-03T00:36:06,hd-01,0.7899
2026-01-03T00:36:47,web-03,7.2769
2026-01-03T00:36:51,cache-03,0.0239
2026-01-03T00:37:14,web-02,0.0276
2026-01-03T00:39:59,hd-01,11.7516
2026-01-03T00:40:00,cache-02,1.1290
2026-01-03T00:40:22,net-04,2.2558
2026-01-03T00:40:23,cache-01,0.5761
2026-01-03T00:40:40,hd-02,2.6413
2026-01-03T00:41:25,lb-01,0.2408
2026-01-03T00:41:28,db-02,2.1190
2026-01-03T00:41:28,web-03,0.5207
2026-01-03T00:41:37,lb-02,1.3683
2026-01-03T00:42:14,hd-01,2.7212
2026-01-03T00:42:48,web-01,2.2080
2026-01-03T00:43:39,lb-01,24.5020
2026-01-03T00:43:55,hd-01,0.3826
2026-01-03T00:44:30,hd-02,15.4755
2026-01-03T00:44:53,lb-01,6.7181
2026-01-03T00:44:57,web-05,3.7098
2026-01-03T00:46:27,net-01,0.7392
2026-01-03T00:46:32,web-03,2.5177
2026-01-03T00:47:01,hd-02,2.6164
2026-01-03T00:47:05,hd-01,2.5696
2026-01-03T00:48:19,db-03,2.1766
2026-01-03T00:48:37,db-03,1.3322
2026-01-03T00:49:06,hd-01,0.8585
2026-01-03T00:49:10,cache-01,4.3013
2026-01-03T00:49:19,db-01,1.5289
2026-01-03T00:49:31,db-01,0.7732
2026-01-03T00:49:35,web-01,1.6809
2026-01-03T00:49:35,lb-02,0.3240
2026-01-03T00:49:50,cache-01,0.7620
2026-01-03T00:50:07,net-02,1.6022
2026-01-03T00:50:35,web-02,4.0949
2026-01-03T00:51:17,web-02,0.6445
2026-01-03T00:51:35,lb-01,8.7415
2026-01-03T00:51:51,cache-01,0.8466
2026-01-03T00:53:51,db-03,2.3869
2026-01-03T00:53:56,cache-03,2.7573
2026-01-03T00:54:07,db-02,2.3357
2026-01-03T00:54:27,lb-01,0.6405
2026-01-03T00:56:16,net-03,7.8406
2026-01-03T00:56:36,db-02,36.8275
2026-01-03T00:56:41,lb-02,2.4122
2026-01-03T00:57:02,cache-01,1.7664
2026-01-03T00:57:22,lb-01,0.1916
2026-01-03T00:57:51,hd-02,4.1871
2026-01-03T00:57:56,net-04,1.5198
2026-01-03T00:57:57,lb-01,2.8622
2026-01-03T00:58:02,db-02,1.5649
2026-01-03T00:58:20,hd-01,0.3088
2026-01-03T00:58:47,net-03,1.6717
2026-01-03T00:59:32,lb-01,2.4506
2026-01-03T00:59:49,web-02,1.8562
2026-01-03T01:00:09,hd-01,1.3781
2026-01-03T01:00:33,web-04,1.9550
2026-01-03T01:01:03,db-01,0.8787
2026-01-03T01:01:16,hd-01,14.6409
2026-01-03T01:02:37,lb-02,21.5227
2026-01-03T01:02:39,cache-03,0.9807
2026-01-03T01:02:47,cache-01,1.2636
2026-01-03T01:03:14,lb-01,1.4394
2026-01-03T01:03:57,hd-02,1.3019
2026-01-03T01:04:03,db-01,5.3339
2026-01-03T01:04:19,net-03,12.1481
2026-01-03T01:06:56,net-03,6.2610
2026-01-03T01:06:58,lb-02,0.7720
2026-01-03T01:07:10,net-03,0.6958
2026-01-03T01:08:25,lb-02,1.7364
2026-01-03T01:09:07,net-04,0.1454
2026-01-03T01:09:55,net-02,0.5274
2026-01-03T01:10:11,cache-03,46.4072
2026-01-03T01:11:05,net-04,2.3374
2026-01-03T01:11:29,cache-01,5.0748
2026-01-03T01:12:10,db-02,1.5156
2026-01-03T01:12:33,hd-01,5.9685
2026-01-03T01:15:02,net-03,4.0865
2026-01-03T01:15:34,lb-01,3.1853
2026-01-03T01:15:35,db-03,1.7244
2026-01-03T01:16:06,net-01,1.0057
2026-01-03T01:16:10,db-03,0.8359
2026-01-03T01:16:23,hd-02,4.5174
2026-01-03T01:16:26,lb-02,0.8168
2026-01-03T01:16:45,net-03,2.7984
2026-01-03T01:16:53,hd-01,1.2968
2026-01-03T01:16:56,cache-01,0.2521
2026-01-03T01:18:07,db-03,6.3209
2026-01-03T01:19:22,db-01,28.4662
2026-01-03T01:19:44,net-02,1.3299
2026-01-03T01:19:51,cache-02,11.5013
2026-01-03T01:20:07,web-03,6.0245
2026-01-03T01:20:22,hd-01,0.0983
2026-01-03T01:20:54,lb-02,3.1967
2026-01-03T01:20:58,net-04,4.6073
2026-01-03T01:21:08,db-01,0.3758
2026-01-03T01:21:11,cache-02,1.2068
2026-01-03T01:21:17,web-01,0.5962
2026-01-03T01:21:46,net-02,0.9534
2026-01-03T01:22:21,cache-02,2.7779
2026-01-03T01:22:48,cache-01,0.9582
2026-01-03T01:22:57,hd-01,2.1442
2026-01-03T01:22:57,net-04,2.9717
2026-01-03T01:23:43,db-02,0.6000
2026-01-03T01:23:55,web-02,1.3439
2026-01-03T01:24:06,net-03,1.9275
2026-01-03T01:24:23,hd-01,1.0745
2026-01-03T01:25:11,cache-01,18.1389
2026-01-03T01:25:46,db-01,0.0231
2026-01-03T01:28:06,db-03,1.7479
2026-01-03T01:30:09,db-02,0.0264
2026-01-03T01:30:15,cache-01,1.3776
2026-01-03T01:30:17,hd-02,11.2017
2026-01-03T01:30:22,net-01,2.1168
2026-01-03T01:31:05,lb-02,0.1671
2026-01-03T01:31:39,hd-01,0.0888
2026-01-03T01:32:11,net-04,3.2279
2026-01-03T01:32:18,hd-02,1.7847
2026-01-03T01:33:08,net-02,4.3096
2026-01-03T01:33:25,db-02,7.0177
2026-01-03T01:34:26,lb-02,3.1575
2026-01-03T01:34:30,net-02,6.9504
2026-01-03T01:36:02,cache-01,1.3961
2026-01-03T01:37:01,lb-02,2.0750
2026-01-03T01:37:59,cache-02,1.6147
2026-01-03T01:38:27,web-01,1.8173
2026-01-03T01:39:25,net-02,20.2421
2026-01-03T01:39:43,net-03,6.5290
2026-01-03T01:40:55,lb-02,1.9034
2026-01-03T01:40:59,lb-02,0.6836
2026-01-03T01:41:16,db-01,0.4840
2026-01-03T01:41:54,hd-01,1.5497
2026-01-03T01:41:54,net-02,54.3086
2026-01-03T01:42:26,cache-02,0.6147
2026-01-03T01:42:52,lb-01,3.3723
2026-01-03T01:43:51,cache-01,1.3709
2026-01-03T01:44:18,web-02,5.4956
2026-01-03T01:45:48,net-01,1.0700
2026-01-03T01:45:51,cache-03,0.4243
2026-01-03T01:46:10,lb-02,7.6364
2026-01-03T01:46:20,cache-03,4.8558
2026-01-03T01:46:22,cache-02,2.5262
2026-01-03T01:46:34,db-02,2.4078
2026-01-03T01:46:34,cache-02,0.0906
2026-01-03T01:48:11,hd-02,0.6843
2026-01-03T01:50:11,hd-01,0.6642
2026-01-03T01:50:15,net-01,17.0541
2026-01-03T01:50:37,hd-01,0.9442
2026-01-03T01:50:58,hd-02,0.1633
2026-01-03T01:51:20,db-02,1.8700
2026-01-03T01:51:22,db-02,18.2258
2026-01-03T01:52:58,cache-01,2.1089
2026-01-03T01:52:58,cache-03,1.1310
2026-01-03T01:53:28,hd-01,4.3774
2026-01-03T01:53:29,lb-01,0.7982
2026-01-03T01:53:39,net-03,0.4484
2026-01-03T01:53:42,cache-01,2.4548
2026-01-03T01:53:44,lb-01,2.5263
2026-01-03T01:54:28,web-05,1.6551
2026-01-03T01:54:47,web-05,0.4753
2026-01-03T01:55:18,web-01,0.4021
2026-01-03T01:56:09,db-01,3.0070
2026-01-03T01:56:22,hd-02,0.5521
2026-01-03T01:57:43,lb-01,3.1886
2026-01-03T01:58:09,db-03,0.9512
2026-01-03T01:58:16,lb-02,1.8752
2026-01-03T01:59:30,cache-02,1.7461
2026-01-03T02:00:06,hd-02,0.7073
2026-01-03T02:00:48,web-01,3.5956
2026-01-03T02:01:28,cache-03,6.1051
2026-01-03T02:02:02,cache-02,0.2789
2026-01-03T02:02:15,db-02,0.5351
2026-01-03T02:02:26,db-02,2.2205
2026-01-03T02:02:29,hd-01,6.1063
2026-01-03T02:02:40,db-01,0.9235
2026-01-03T02:02:42,hd-01,0.3702
2026-01-03T02:02:44,web-01,1.2214
2026-01-03T02:03:23,db-03,17.0160
2026-01-03T02:04:05,hd-02,0.5017
2026-01-03T02:04:13,web-01,2.0154
2026-01-03T02:04:32,lb-01,0.0657
2026-01-03T02:07:24,lb-02,0.7072
2026-01-03T02:07:46,web-02,0.0229
2026-01-03T02:08:02,cache-01,7.6262
2026-01-03T02:08:23,lb-01,6.4306
2026-01-03T02:08:26,hd-02,4.0527
2026-01-03T02:08:37,db-01,0.6325
2026-01-03T02:09:12,db-03,4.4699
2026-01-03T02:09:28,net-01,10.6451
2026-01-03T02:09:30,web-05,0.3707
2026-01-03T02:10:11,cache-03,2.8210
2026-01-03T02:10:17,cache-02,3.7986
2026-01-03T02:10:28,web-04,0.9104
2026-01-03T02:11:56,hd-01,0.3108
2026-01-03T02:12:48,net-04,3.2623
2026-01-03T02:13:35,net-01,1.6280
2026-01-03T02:13:54,hd-02,1.7186
2026-01-03T02:14:08,lb-01,0.1121
2026-01-03T02:14:26,web-03,1.9896
2026-01-03T02:14:52,net-04,0.5365
2026-01-03T02:14:52,db-02,2.4952
2026-01-03T02:15:22,lb-02,0.9582
2026-01-03T02:15:25,lb-01,0.9199
2026-01-03T02:16:12,hd-02,0.7339
2026-01-03T02:16:16,db-01,1.4485
2026-01-03T02:16:38,db-02,3.9236
2026-01-03T02:17:31,hd-02,0.7899
2026-01-03T02:18:22,cache-02,0.5167
2026-01-03T02:18:44,hd-02,0.6002
2026-01-03T02:18:45,lb-02,1.5114
2026-01-03T02:19:06,cache-03,0.7311
2026-01-03T02:19:29,hd-01,0.0151
2026-01-03T02:19:47,db-01,1.0195
2026-01-03T02:19:49,hd-01,0.0438
2026-01-03T02:21:01,web-02,5.1537
2026-01-03T02:21:05,lb-01,3.8287
2026-01-03T02:21:16,net-02,33.1198
2026-01-03T02:22:08,net-01,0.0759
2026-01-03T02:22:47,web-02,1.8991
2026-01-03T02:22:50,net-03,0.1378
2026-01-03T02:23:01,net-01,2.6835
2026-01-03T02:23:35,db-03,5.6436
2026-01-03T02:24:07,web-04,0.3204
2026-01-03T02:24:22,lb-02,1.6342
2026-01-03T02:24:28,db-01,4.7109
2026-01-03T02:24:30,net-02,1.0616
2026-01-03T02:24:33,db-01,3.1457
2026-01-03T02:24:34,net-02,0.0414
2026-01-03T02:24:35,web-05,0.9043
2026-01-03T02:24:58,lb-02,2.9719
2026-01-03T02:25:46,web-05,5.2348
2026-01-03T02:25:51,db-02,0.1421
2026-01-03T02:26:27,net-01,0.4596
2026-01-03T02:28:00,db-02,3.0697
2026-01-03T02:28:08,db-02,1.4548
2026-01-03T02:28:29,lb-01,4.0826
2026-01-03T02:28:50,net-03,1.7277
2026-01-03T02:29:01,lb-02,2.6523
2026-01-03T02:29:10,db-01,1.3396
2026-01-03T02:30:08,db-03,25.2160
2026-01-03T02:30:09,lb-02,1.6626
2026-01-03T02:30:49,net-04,2.7287
2026-01-03T02:32:00,net-01,12.7090
2026-01-03T02:32:37,cache-01,1.0039
2026-01-03T02:32:50,cache-02,3.4184
2026-01-03T02:33:21,net-01,0.4776
2026-01-03T02:33:24,web-04,2.9915
2026-01-03T02:33:25,net-02,33.4020
2026-01-03T02:33:44,lb-01,4.3894
2026-01-03T02:33:59,net-03,1.3517
2026-01-03T02:34:12,web-05,0.0271
2026-01-03T02:34:57,cache-01,0.9737
2026-01-03T02:35:13,web-03,2.5758
2026-01-03T02:35:52,db-02,0.6564
2026-01-03T02:36:03,lb-02,1.1348
2026-01-03T02:36:24,hd-01,4.0037
2026-01-03T02:37:00,db-02,0.4758
2026-01-03T02:37:49,hd-01,0.2448
2026-01-03T02:38:10,web-02,5.0016
2026-01-03T02:40:34,hd-02,0.0266
2026-01-03T02:41:16,hd-01,0.0693
2026-01-03T02:41:17,web-03,0.3697
2026-01-03T02:41:35,lb-02,8.5638
2026-01-03T02:42:10,web-05,1.8112
2026-01-03T02:42:10,hd-01,24.4139
2026-01-03T02:43:45,lb-02,1.3783
2026-01-03T02:44:10,cache-01,8.9981
2026-01-03T02:44:22,cache-01,1.4923
2026-01-03T02:46:56,net-02,7.9637
2026-01-03T02:48:30,web-02,2.3189
2026-01-03T02:49:28,db-01,5.3544
2026-01-03T02:49:45,net-03,2.8063
2026-01-03T02:50:01,cache-02,0.7515
2026-01-03T02:50:13,hd-01,0.5994
2026-01-03T02:50:32,hd-01,0.9536
2026-01-03T02:51:43,cache-01,0.2083
2026-01-03T02:52:06,cache-01,0.2840
2026-01-03T02:52:15,hd-01,0.7944
2026-01-03T02:52:30,hd-01,2.1555
2026-01-03T02:52:48,lb-02,5.9602
2026-01-03T02:52:56,cache-03,3.7228
2026-01-03T02:53:09,db-03,4.3936
2026-01-03T02:54:37,lb-01,6.6238
2026-01-03T02:55:34,db-02,3.2161
2026-01-03T02:55:37,web-05,1.4029
2026-01-03T02:55:40,db-02,0.2133
2026-01-03T02:55:42,lb-02,2.8023
2026-01-03T02:55:54,lb-01,0.4804
2026-01-03T02:55:54,cache-02,0.5256
2026-01-03T02:56:18,lb-01,4.4214
2026-01-03T02:56:29,cache-03,5.1973
2026-01-03T02:56:31,lb-01,9.9758
2026-01-03T02:56:38,net-02,1.9574
2026-01-03T02:57:17,db-01,6.9476
2026-01-03T02:57:57,lb-01,3.8711
2026-01-03T02:58:03,net-01,2.9836
2026-01-03T02:59:30,cache-01,1.9140
2026-01-03T02:59:50,lb-02,2.9007
2026-01-03T03:00:27,db-03,5.3641
2026-01-03T03:01:49,hd-01,6.7550
2026-01-03T03:02:09,hd-01,0.7242
2026-01-03T03:02:32,db-02,1.6076
2026-01-03T03:02:45,lb-01,2.6777
2026-01-03T03:03:15,cache-01,3.5620
2026-01-03T03:03:27,lb-01,2.3264
2026-01-03T03:03:31,hd-02,2.1297
2026-01-03T03:03:49,lb-02,1.6623
2026-01-03T03:04:00,db-03,0.0680
2026-01-03T03:04:02,web-02,8.1592
2026-01-03T03:04:12,cache-02,5.0128
2026-01-03T03:04:39,hd-01,3.8600
2026-01-03T03:04:51,lb-01,1.5520
2026-01-03T03:05:08,lb-02,0.1173
2026-01-03T03:05:14,web-01,1.1907
2026-01-03T03:05:17,cache-01,3.3349
2026-01-03T03:05:36,net-03,3.6391
2026-01-03T03:06:01,web-01,0.9503
2026-01-03T03:06:16,net-04,2.2567
2026-01-03T03:07:46,db-03,0.9019
2026-01-03T03:08:19,lb-02,0.9226
2026-01-03T03:08:46,hd-01,4.3699
2026-01-03T03:09:11,db-01,0.4451
2026-01-03T03:09:32,db-03,9.5604
2026-01-03T03:09:38,db-02,6.0472
2026-01-03T03:09:41,lb-01,9.6050
2026-01-03T03:10:48,hd-01,0.7789
2026-01-03T03:10:50,net-03,3.5107
2026-01-03T03:11:17,lb-01,7.2583
2026-01-03T03:12:00,cache-03,7.9136
2026-01-03T03:12:19,db-03,0.4968
2026-01-03T03:12:25,db-01,0.8983
2026-01-03T03:13:28,net-04,2.6211
2026-01-03T03:13:38,lb-01,2.1063
2026-01-03T03:13:43,cache-02,0.0480
2026-01-03T03:14:02,db-01,0.4814
2026-01-03T03:14:28,cache-03,0.9700
2026-01-03T03:14:32,lb-02,0.1742
2026-01-03T03:16:45,net-03,9.7827
2026-01-03T03:17:35,net-02,1.0528
2026-01-03T03:17:41,web-02,0.2885
2026-01-03T03:17:55,db-01,8.6679
2026-01-03T03:19:21,lb-01,0.8814
2026-01-03T03:20:49,cache-03,0.1661
2026-01-03T03:21:29,net-03,2.0453
2026-01-03T03:21:32,web-03,0.0159
2026-01-03T03:21:40,hd-02,18.3452
2026-01-03T03:22:29,db-02,0.3037
2026-01-03T03:22:33,net-04,0.7644
2026-01-03T03:22:35,net-01,7.1252
2026-01-03T03:22:52,lb-01,8.8488
2026-01-03T03:24:25,cache-01,1.7095
2026-01-03T03:24:26,web-01,2.3505
2026-01-03T03:25:04,web-04,0.3451
2026-01-03T03:25:18,lb-01,0.6836
2026-01-03T03:25:18,cache-01,10.8059
2026-01-03T03:25:24,web-03,0.0252
2026-01-03T03:26:04,lb-02,1.1231
2026-01-03T03:26:27,hd-02,6.2712
2026-01-03T03:26:42,db-02,6.1266
2026-01-03T03:27:03,lb-01,0.2385
2026-01-03T03:29:37,lb-01,1.8645
2026-01-03T03:29:41,lb-02,2.2993
2026-01-03T03:29:58,web-04,4.4743
2026-01-03T03:30:00,web-02,3.7219
2026-01-03T03:30:36,hd-01,1.2073
2026-01-03T03:30:47,cache-01,0.5234
2026-01-03T03:30:51,net-01,4.0260
2026-01-03T03:30:54,web-02,7.6108
2026-01-03T03:31:34,db-03,1.2840
2026-01-03T03:31:47,cache-03,0.1790
2026-01-03T03:32:02,lb-02,5.4740
2026-01-03T03:32:14,lb-02,2.1755
2026-01-03T03:32:51,hd-01,17.2016
2026-01-03T03:33:25,hd-02,1.6858
2026-01-03T03:36:30,cache-01,6.8013
2026-01-03T03:36:37,hd-02,1.8881
2026-01-03T03:37:41,hd-01,0.0719
2026-01-03T03:38:08,net-01,0.4744
2026-01-03T03:38:08,lb-02,3.5344
2026-01-03T03:38:39,hd-01,2.1784
2026-01-03T03:39:23,db-03,1.9170
2026-01-03T03:39:53,web-05,0.5600
2026-01-03T03:40:05,db-01,2.2395
2026-01-03T03:40:29,net-01,0.3137
2026-01-03T03:40:54,net-04,0.6887
2026-01-03T03:41:02,hd-01,0.0683
2026-01-03T03:41:30,db-02,1.4201
2026-01-03T03:41:48,db-01,1.3650
2026-01-03T03:42:51,cache-03,1.8144
2026-01-03T03:42:56,hd-02,1.6907
2026-01-03T03:44:05,db-02,0.3575
2026-01-03T03:44:06,net-04,8.0247
2026-01-03T03:44:13,db-01,1.4285
2026-01-03T03:45:23,web-02,1.3486
2026-01-03T03:46:09,lb-01,6.8900
2026-01-03T03:46:27,web-01,11.6009
2026-01-03T03:46:51,hd-01,0.5557
2026-01-03T03:46:53,web-02,0.2286
2026-01-03T03:48:29,hd-01,0.7518
2026-01-03T03:48:46,web-01,7.0570
2026-01-03T03:48:47,db-01,5.5505
2026-01-03T03:49:41,db-01,0.0610
2026-01-03T03:50:24,hd-02,3.2278
2026-01-03T03:50:25,net-01,0.7683
2026-01-03T03:51:19,net-03,0.3914
2026-01-03T03:52:39,db-03,1.3415
2026-01-03T03:52:47,db-01,3.9307
2026-01-03T03:52:59,db-03,2.4272
2026-01-03T03:53:33,web-02,0.6868
2026-01-03T03:53:53,cache-03,2.0959
2026-01-03T03:54:31,web-03,1.1117
2026-01-03T03:55:20,lb-01,16.4291
2026-01-03T03:55:31,db-01,2.0482
2026-01-03T03:56:19,net-04,3.0580
2026-01-03T03:56:56,hd-02,3.7287
2026-01-03T03:57:23,web-04,2.2476
2026-01-03T03:57:34,cache-01,4.8057
2026-01-03T03:58:02,net-03,1.5096
2026-01-03T03:58:19,db-03,17.1022
2026-01-03T03:59:10,hd-01,1.2172
2026-01-03T03:59:34,lb-02,3.0756
2026-01-03T03:59:57,db-03,0.3139
2026-01-03T04:00:13,cache-02,2.2862
2026-01-03T04:00:43,net-02,2.4003
2026-01-03T04:00:43,hd-01,0.1578
2026-01-03T04:02:36,cache-01,0.7642
2026-01-03T04:02:44,web-03,1.3616
2026-01-03T04:02:55,net-01,2.7014
2026-01-03T04:03:19,net-02,4.1640
2026-01-03T04:04:12,web-01,15.1561
2026-01-03T04:04:19,net-04,5.8224
2026-01-03T04:04:37,lb-02,5.3749
2026-01-03T04:04:39,cache-01,2.5476
2026-01-03T04:05:25,lb-01,0.1160
2026-01-03T04:06:31,lb-02,0.6147
2026-01-03T04:08:30,cache-03,2.1436
2026-01-03T04:08:31,lb-01,0.2982
2026-01-03T04:08:44,db-01,0.6710
2026-01-03T04:09:02,web-04,0.7439
2026-01-03T04:09:18,net-04,21.9401
2026-01-03T04:10:24,web-04,4.0107
2026-01-03T04:11:20,hd-01,1.6115
2026-01-03T04:12:21,net-01,0.5189
2026-01-03T04:12:33,lb-02,0.1191
2026-01-03T04:12:41,hd-02,8.1440
2026-01-03T04:13:14,lb-01,6.0962
2026-01-03T04:13:47,cache-02,0.0755
2026-01-03T04:15:30,cache-01,4.1601
2026-01-03T04:15:42,cache-01,0.6636
2026-01-03T04:15:46,cache-03,2.9643
2026-01-03T04:16:32,hd-02,8.5702
2026-01-03T04:17:03,db-01,3.5521
2026-01-03T04:17:06,db-02,1.7637
2026-01-03T04:17:19,lb-02,4.6326
2026-01-03T04:17:27,cache-03,1.1610
2026-01-03T04:18:00,web-02,5.8751
2026-01-03T04:21:05,cache-02,0.0366
2026-01-03T04:22:20,hd-02,1.4782
2026-01-03T04:22:30,net-01,4.1671
2026-01-03T04:22:41,cache-02,1.9832
2026-01-03T04:22:48,web-01,3.8593
2026-01-03T04:23:09,lb-01,2.9451
2026-01-03T04:23:36,cache-03,0.2656
2026-01-03T04:23:48,hd-02,2.0108
2026-01-03T04:23:54,web-01,8.9392
2026-01-03T04:24:27,hd-02,3.2983
2026-01-03T04:24:47,cache-02,5.2345
2026-01-03T04:26:01,db-03,1.7493
2026-01-03T04:26:02,web-05,4.5129
2026-01-03T04:26:18,db-02,2.8206
2026-01-03T04:27:05,web-03,3.0638
2026-01-03T04:27:10,lb-01,1.5480
2026-01-03T04:27:10,net-03,0.2263
2026-01-03T04:27:54,cache-02,1.7124
2026-01-03T04:28:01,cache-02,0.5213
2026-01-03T04:28:07,lb-01,0.2156
2026-01-03T04:28:25,cache-03,1.6366
2026-01-03T04:28:48,net-04,74.2235
2026-01-03T04:29:19,cache-02,1.2351
2026-01-03T04:30:01,net-03,7.5358
2026-01-03T04:30:03,net-04,0.3101
2026-01-03T04:31:00,net-03,14.6057
2026-01-03T04:31:49,web-01,7.4484
2026-01-03T04:32:01,web-02,3.6518
2026-01-03T04:32:22,db-03,1.9396
2026-01-03T04:32:25,net-03,14.8229
2026-01-03T04:32:38,db-01,1.7964
2026-01-03T04:32:58,hd-01,1.0411
2026-01-03T04:33:22,cache-03,0.0788
2026-01-03T04:33:32,cache-01,0.8067
2026-01-03T04:33:41,net-03,2.5500
2026-01-03T04:33:49,cache-02,1.7474
2026-01-03T04:34:36,db-01,1.8657
2026-01-03T04:34:55,cache-02,5.5188
2026-01-03T04:34:56,hd-02,3.5751
2026-01-03T04:34:57,hd-02,1.6996
2026-01-03T04:35:00,web-04,4.4872
2026-01-03T04:35:40,net-01,1.5196
2026-01-03T04:35:53,web-02,1.4532
2026-01-03T04:36:28,hd-01,0.8720
2026-01-03T04:36:45,net-02,1.6958
2026-01-03T04:36:47,web-03,4.5993
2026-01-03T04:37:49,hd-01,0.8595
2026-01-03T04:38:21,cache-01,13.5886
2026-01-03T04:39:15,hd-01,0.0379
2026-01-03T04:41:16,web-04,2.8254
2026-01-03T04:41:20,lb-02,1.5088
2026-01-03T04:41:21,cache-03,1.3406
2026-01-03T04:42:07,hd-02,4.1087
2026-01-03T04:44:21,hd-02,4.3928
2026-01-03T04:45:05,web-03,0.2109
2026-01-03T04:45:17,net-03,1.8617
2026-01-03T04:46:41,lb-01,3.9605
2026-01-03T04:46:45,hd-01,0.5650
2026-01-03T04:47:12,net-01,0.5171
2026-01-03T04:47:37,web-03,7.8719
2026-01-03T04:47:49,lb-02,0.6556
2026-01-03T04:47:58,web-02,3.7094
2026-01-03T04:48:15,hd-01,1.0207
2026-01-03T04:48:23,db-02,1.1861
2026-01-03T04:48:24,web-04,0.4807
2026-01-03T04:49:38,net-03,1.1486
2026-01-03T04:50:35,hd-01,2.4357
2026-01-03T04:51:39,db-03,0.2826
2026-01-03T04:54:35,web-01,5.2586
2026-01-03T04:54:38,lb-02,4.1378
2026-01-03T04:54:39,lb-02,0.0335
2026-01-03T04:54:53,hd-01,0.7677
2026-01-03T04:54:58,net-01,3.0955
2026-01-03T04:55:09,hd-02,0.2167
2026-01-03T04:55:54,cache-02,0.9887
2026-01-03T04:56:18,lb-01,2.6088
2026-01-03T04:56:24,web-04,2.7914
2026-01-03T04:56:37,db-03,13.7729
2026-01-03T04:57:00,web-01,7.9646
2026-01-03T04:57:41,hd-02,0.6899
2026-01-03T04:58:18,net-01,30.9312
2026-01-03T04:59:15,lb-01,2.4816
2026-01-03T05:00:18,lb-01,2.2413
2026-01-03T05:00:18,net-01,5.2152
2026-01-03T05:00:35,db-03,1.4317
2026-01-03T05:01:13,lb-01,0.5943
2026-01-03T05:01:14,lb-01,0.2921
2026-01-03T05:02:26,lb-01,0.6025
2026-01-03T05:03:16,hd-01,1.9443
2026-01-03T05:04:11,cache-01,0.4597
2026-01-03T05:04:38,db-03,38.4097
2026-01-03T05:05:20,db-01,0.9922
2026-01-03T05:05:48,web-05,8.0961
2026-01-03T05:06:38,lb-02,1.4851
2026-01-03T05:07:03,lb-02,3.1319
2026-01-03T05:07:47,cache-03,1.4470
2026-01-03T05:08:13,cache-03,1.3203
2026-01-03T05:08:24,net-03,28.1012
2026-01-03T05:08:59,web-02,2.1192
2026-01-03T05:09:15,web-01,7.4103
2026-01-03T05:09:30,hd-02,1.6338
2026-01-03T05:10:44,lb-02,0.8194
2026-01-03T05:10:48,hd-02,2.5726
2026-01-03T05:10:48,db-03,1.6169
2026-01-03T05:10:59,net-02,5.4971
2026-01-03T05:11:17,hd-01,1.6668
2026-01-03T05:12:23,net-02,4.6560
2026-01-03T05:13:17,cache-01,1.0400
2026-01-03T05:13:39,lb-01,0.0789
2026-01-03T05:13:52,web-01,4.6764
2026-01-03T05:14:00,net-02,5.0605
2026-01-03T05:14:23,db-01,0.9457
2026-01-03T05:14:25,web-04,1.9671
2026-01-03T05:15:57,cache-02,1.4822
2026-01-03T05:16:07,net-04,0.5787
2026-01-03T05:17:06,web-03,2.1357
2026-01-03T05:17:22,db-01,29.8673
2026-01-03T05:18:15,db-03,0.2577
2026-01-03T05:18:22,cache-03,0.7405
2026-01-03T05:19:21,net-02,0.4803
2026-01-03T05:19:58,cache-01,0.3070
2026-01-03T05:21:08,cache-01,0.8933
2026-01-03T05:21:46,web-05,2.9435
2026-01-03T05:21:58,net-04,7.4567
2026-01-03T05:22:09,net-03,2.8041
2026-01-03T05:23:20,web-02,2.6305
2026-01-03T05:23:38,lb-02,1.0390
2026-01-03T05:23:43,lb-02,2.4514
2026-01-03T05:23:49,web-01,1.6287
2026-01-03T05:24:01,db-02,0.7810
2026-01-03T05:24:30,lb-02,1.8694
2026-01-03T05:25:12,hd-01,0.8991
2026-01-03T05:25:33,cache-02,0.4186
2026-01-03T05:25:57,lb-02,0.5364
2026-01-03T05:26:02,web-03,0.9977
2026-01-03T05:26:22,hd-01,0.1487
2026-01-03T05:26:24,db-01,5.2231
2026-01-03T05:26:39,db-02,1.6650
2026-01-03T05:27:48,web-05,2.4629
2026-01-03T05:28:50,net-02,2.6120
2026-01-03T05:30:06,db-01,4.6745
2026-01-03T05:30:08,net-04,0.2190
2026-01-03T05:30:45,web-03,0.3349
2026-01-03T05:31:13,net-04,17.2275
2026-01-03T05:31:51,cache-02,0.3188
2026-01-03T05:32:12,lb-02,1.4761
2026-01-03T05:32:34,web-02,7.4879
2026-01-03T05:33:04,hd-02,1.9044
2026-01-03T05:33:58,hd-01,1.2940
2026-01-03T05:34:08,cache-03,3.2405
2026-01-03T05:34:23,web-03,1.0595
2026-01-03T05:34:29,cache-02,11.8937
2026-01-03T05:34:32,db-03,1.1992
2026-01-03T05:35:23,hd-01,3.7949
2026-01-03T05:37:01,net-02,9.7535
2026-01-03T05:39:57,web-02,1.5043
2026-01-03T05:40:05,hd-01,1.3765
2026-01-03T05:40:16,db-01,6.6939
2026-01-03T05:40:25,cache-03,4.3547
2026-01-03T05:40:33,db-01,9.8839
2026-01-03T05:42:22,db-03,0.1635
2026-01-03T05:43:07,lb-01,13.4875
2026-01-03T05:44:21,hd-01,5.1249
2026-01-03T05:44:46,hd-02,0.9482
2026-01-03T05:44:51,web-04,1.0914
2026-01-03T05:45:33,lb-02,0.1139
2026-01-03T05:46:05,cache-02,4.7872
2026-01-03T05:46:18,net-01,0.4711
2026-01-03T05:46:22,web-03,1.3820
2026-01-03T05:47:22,cache-03,1.6661
2026-01-03T05:47:28,web-01,6.2384
2026-01-03T05:47:55,db-02,0.4405
2026-01-03T05:47:56,hd-02,3.4862
2026-01-03T05:48:28,net-01,2.8060
2026-01-03T05:49:15,lb-01,0.2543
2026-01-03T05:49:56,web-03,2.0501
2026-01-03T05:50:11,web-04,32.4154
2026-01-03T05:52:43,lb-01,2.6648
2026-01-03T05:53:10,web-05,1.6072
2026-01-03T05:53:18,hd-02,0.6557
2026-01-03T05:54:33,web-01,8.5889
2026-01-03T05:55:12,net-02,8.2772
2026-01-03T05:55:43,hd-01,8.8235
2026-01-03T05:56:13,cache-01,25.9407
2026-01-03T05:56:28,lb-01,4.4369
2026-01-03T05:56:38,hd-01,1.5780
2026-01-03T05:57:37,cache-01,0.8131
2026-01-03T05:57:37,cache-01,5.4673
2026-01-03T05:57:38,db-01,18.8368
2026-01-03T05:57:56,lb-02,0.6003
2026-01-03T05:58:10,cache-01,1.2687
2026-01-03T05:58:19,hd-02,1.4925
2026-01-03T05:59:01,net-03,9.4632
2026-01-03T06:00:03,lb-01,40.4524
2026-01-03T06:00:43,db-03,13.2775
2026-01-03T06:01:16,hd-01,0.4264
2026-01-03T06:01:33,hd-01,0.9943
2026-01-03T06:02:16,net-03,2.4298
2026-01-03T06:03:53,hd-02,3.0083
2026-01-03T06:03:54,db-03,0.4551
2026-01-03T06:04:47,cache-03,4.7421
2026-01-03T06:04:51,db-01,1.1592
2026-01-03T06:05:05,cache-03,0.0312
2026-01-03T06:05:34,net-01,2.4697
2026-01-03T06:05:49,web-04,4.0102
2026-01-03T06:05:50,hd-01,0.0288
2026-01-03T06:06:03,lb-01,2.2051
2026-01-03T06:06:43,lb-02,3.1770
2026-01-03T06:06:44,cache-02,10.2518
2026-01-03T06:08:26,lb-02,0.1134
2026-01-03T06:08:58,cache-02,2.2667
2026-01-03T06:10:29,cache-02,1.3774
2026-01-03T06:11:00,cache-03,0.3929
2026-01-03T06:11:08,web-02,2.5958
2026-01-03T06:12:33,lb-02,8.1581
2026-01-03T06:12:45,web-03,4.5928
2026-01-03T06:12:51,lb-02,5.0001
2026-01-03T06:13:10,cache-02,1.9491
2026-01-03T06:13:29,cache-03,1.1484
2026-01-03T06:13:30,hd-01,1.0172
2026-01-03T06:13:51,web-05,0.2575
2026-01-03T06:14:07,web-05,0.0664
2026-01-03T06:14:34,lb-01,0.1986
2026-01-03T06:14:44,hd-02,2.0666
2026-01-03T06:15:13,net-04,11.5702
2026-01-03T06:16:02,cache-03,6.9344
2026-01-03T06:16:18,lb-02,0.7775
2026-01-03T06:16:18,lb-02,7.2523
2026-01-03T06:17:03,hd-01,1.0444
2026-01-03T06:18:46,net-03,0.5510
2026-01-03T06:19:17,hd-01,1.2360
2026-01-03T06:19:42,cache-03,2.8557
2026-01-03T06:19:46,hd-01,0.1164
2026-01-03T06:20:48,cache-01,0.4685
2026-01-03T06:22:55,web-03,0.2270
2026-01-03T06:22:59,cache-02,0.9789
2026-01-03T06:23:24,net-03,0.4053
2026-01-03T06:25:02,net-02,6.3030
2026-01-03T06:25:07,db-01,3.3220
2026-01-03T06:26:13,db-02,2.4904
2026-01-03T06:26:14,hd-02,2.6847
2026-01-03T06:26:25,net-04,2.2414
2026-01-03T06:26:32,db-03,0.7893
2026-01-03T06:27:01,lb-02,2.2314
2026-01-03T06:27:16,hd-02,0.9534
2026-01-03T06:27:39,net-02,6.6017
2026-01-03T06:27:51,net-02,36.7341
2026-01-03T06:28:25,hd-02,0.8668
2026-01-03T06:29:10,lb-02,3.3221
2026-01-03T06:29:11,hd-01,0.5260
2026-01-03T06:29:22,lb-02,5.7883
2026-01-03T06:29:29,hd-02,1.2194
2026-01-03T06:30:00,lb-02,5.7471
2026-01-03T06:30:07,lb-01,0.3738
2026-01-03T06:30:13,web-05,2.9208
2026-01-03T06:30:15,net-01,1.7806
2026-01-03T06:32:52,db-03,1.3323
2026-01-03T06:33:05,net-02,1.6154
2026-01-03T06:33:53,db-02,0.7655
2026-01-03T06:34:19,net-03,1.8221
2026-01-03T06:35:03,net-01,6.2731
2026-01-03T06:35:21,cache-01,8.2703
2026-01-03T06:35:28,db-02,4.0853
2026-01-03T06:35:55,lb-02,3.3569
2026-01-03T06:36:43,net-01,0.8902
2026-01-03T06:36:59,net-02,1.0094
2026-01-03T06:37:22,net-04,1.9475
2026-01-03T06:37:36,hd-01,2.5006
2026-01-03T06:37:57,lb-01,1.1948
2026-01-03T06:39:02,cache-02,2.9765
2026-01-03T06:39:50,net-03,0.3620
2026-01-03T06:39:59,net-02,4.5063
2026-01-03T06:40:26,cache-03,0.2824
2026-01-03T06:40:53,db-01,2.5788
2026-01-03T06:41:04,net-04,5.4849
2026-01-03T06:41:28,web-01,6.0065
2026-01-03T06:42:10,hd-02,5.7860
2026-01-03T06:42:43,db-03,17.7441
2026-01-03T06:43:48,lb-02,0.0129
2026-01-03T06:43:53,net-02,2.6766
2026-01-03T06:43:54,db-02,0.3495
2026-01-03T06:43:59,db-01,0.4115
2026-01-03T06:44:09,web-05,0.1171
2026-01-03T06:44:50,cache-03,13.3490
2026-01-03T06:44:50,lb-02,0.0321
2026-01-03T06:45:32,cache-01,8.8480
2026-01-03T06:45:56,cache-03,8.1313
2026-01-03T06:46:01,web-02,2.1246
2026-01-03T06:46:33,hd-02,0.5702
2026-01-03T06:47:11,hd-01,1.6226
2026-01-03T06:47:12,net-02,0.0291
2026-01-03T06:48:57,hd-01,1.2659
2026-01-03T06:49:13,cache-01,0.3090
2026-01-03T06:50:39,lb-02,0.5347
2026-01-03T06:51:09,db-01,2.7943
2026-01-03T06:52:11,lb-02,5.9102
2026-01-03T06:52:31,lb-01,0.3682
2026-01-03T06:52:43,net-01,4.1062
2026-01-03T06:53:31,lb-02,4.1813
2026-01-03T06:54:11,web-05,1.8954
2026-01-03T06:55:43,web-05,4.5621
2026-01-03T06:56:44,db-01,20.9532
2026-01-03T06:57:14,db-03,9.6530
2026-01-03T06:57:40,web-01,0.2434
2026-01-03T06:57:54,db-02,2.3779
2026-01-03T06:58:11,web-01,0.4062
2026-01-03T06:58:16,db-03,0.4949
2026-01-03T06:59:09,lb-02,2.5429
2026-01-03T06:59:58,cache-01,22.2400
2026-01-03T07:00:47,web-03,0.4621
2026-01-03T07:01:02,hd-02,1.9317
2026-01-03T07:01:08,cache-02,0.8394
2026-01-03T07:01:32,net-02,9.1036
2026-01-03T07:02:22,web-04,3.0743
2026-01-03T07:02:52,hd-01,4.3724
2026-01-03T07:03:15,web-04,0.4258
2026-01-03T07:03:29,lb-02,0.2618
2026-01-03T07:03:35,net-04,14.4970
2026-01-03T07:03:46,db-02,0.2689
2026-01-03T07:04:32,hd-02,1.4610
2026-01-03T07:05:01,cache-02,6.6940
2026-01-03T07:06:43,net-04,2.3411
2026-01-03T07:07:03,web-05,0.7591
2026-01-03T07:07:20,hd-01,3.8202
2026-01-03T07:07:26,lb-02,0.7108
2026-01-03T07:07:52,db-01,1.9158
2026-01-03T07:08:02,hd-01,7.9493
2026-01-03T07:08:09,net-03,5.0974
2026-01-03T07:08:13,cache-02,4.8449
2026-01-03T07:08:18,db-01,0.8757
2026-01-03T07:08:30,db-01,4.0604
2026-01-03T07:08:41,net-03,0.2563
2026-01-03T07:09:07,net-01,5.7438
2026-01-03T07:09:20,db-01,8.9596
2026-01-03T07:09:22,net-02,2.3931
2026-01-03T07:09:26,db-01,0.0126
2026-01-03T07:10:27,hd-01,12.0035
2026-01-03T07:10:58,net-01,2.4802
2026-01-03T07:11:35,net-01,30.8361
2026-01-03T07:11:59,net-04,3.5379
2026-01-03T07:13:14,net-01,3.8038
2026-01-03T07:13:38,net-03,4.9108
2026-01-03T07:14:01,lb-01,1.0694
2026-01-03T07:14:01,net-01,3.2373
2026-01-03T07:14:23,net-04,4.4985
2026-01-03T07:14:37,lb-01,4.2136
2026-01-03T07:15:21,hd-01,4.9716
2026-01-03T07:15:56,web-05,23.4274
2026-01-03T07:16:02,cache-03,4.3147
2026-01-03T07:16:09,cache-02,0.4787
2026-01-03T07:17:22,hd-02,0.2284
2026-01-03T07:19:08,hd-01,2.6940
2026-01-03T07:19:10,net-04,1.0421
2026-01-03T07:21:33,net-01,3.3532
2026-01-03T07:21:47,db-03,5.2807
2026-01-03T07:22:15,lb-01,3.6048
2026-01-03T07:22:18,net-02,4.0513
2026-01-03T07:23:16,lb-02,0.2353
2026-01-03T07:23:30,net-01,7.1321
2026-01-03T07:24:47,lb-02,1.1582
2026-01-03T07:26:00,net-02,1.4386
2026-01-03T07:26:26,db-03,5.5419
2026-01-03T07:26:28,net-02,1.5592
2026-01-03T07:26:58,net-01,1.1074
2026-01-03T07:27:26,net-03,0.3312
2026-01-03T07:27:57,net-01,5.3539
2026-01-03T07:28:38,lb-02,0.0061
2026-01-03T07:28:47,cache-01,0.9372
2026-01-03T07:29:12,web-04,0.4269
2026-01-03T07:29:38,net-01,7.7970
2026-01-03T07:30:19,net-02,1.3709
2026-01-03T07:30:44,lb-01,0.7816
2026-01-03T07:31:50,lb-02,1.5656
2026-01-03T07:32:17,web-01,2.9824
2026-01-03T07:32:31,web-03,3.3229
2026-01-03T07:33:14,db-02,16.1381
2026-01-03T07:33:30,db-01,5.0778
2026-01-03T07:34:00,cache-02,12.5701
2026-01-03T07:34:02,hd-02,14.2792
2026-01-03T07:34:08,hd-01,2.0579
2026-01-03T07:34:21,net-03,5.8448
2026-01-03T07:34:42,lb-02,1.2225
2026-01-03T07:34:47,lb-02,0.5640
2026-01-03T07:34:57,lb-02,0.2914
2026-01-03T07:35:06,db-02,7.8508
2026-01-03T07:35:15,hd-01,18.0971
2026-01-03T07:35:16,lb-02,1.0390
2026-01-03T07:35:20,hd-02,0.4629
2026-01-03T07:35:28,lb-01,4.6619
2026-01-03T07:35:52,cache-01,20.8246
2026-01-03T07:37:16,lb-01,0.4123
2026-01-03T07:37:34,lb-01,0.2283
2026-01-03T07:38:07,cache-03,2.2913
2026-01-03T07:39:52,web-02,3.9426
2026-01-03T07:40:38,web-03,2.5456
2026-01-03T07:42:27,lb-01,31.2744
2026-01-03T07:42:27,hd-01,0.1075
2026-01-03T07:43:00,db-01,3.5392
2026-01-03T07:43:42,web-04,2.0884
2026-01-03T07:44:05,net-02,36.4921
2026-01-03T07:44:09,net-02,0.3425
2026-01-03T07:46:18,cache-02,0.1061
2026-01-03T07:46:21,db-02,15.0287
2026-01-03T07:46:44,hd-01,1.2564
2026-01-03T07:47:32,db-02,4.3459
2026-01-03T07:48:01,lb-02,0.4439
2026-01-03T07:48:44,hd-02,3.7358
2026-01-03T07:48:47,lb-01,8.4382
2026-01-03T07:49:10,hd-02,4.3505
2026-01-03T07:49:23,hd-01,2.1793
2026-01-03T07:49:28,lb-01,3.0569
2026-01-03T07:49:31,web-02,1.9308
2026-01-03T07:50:46,web-04,0.2186
2026-01-03T07:52:08,hd-02,6.1569
2026-01-03T07:52:08,cache-03,0.5075
2026-01-03T07:52:14,net-01,2.0025
2026-01-03T07:53:36,lb-01,0.0954
2026-01-03T07:53:54,cache-02,1.6204
2026-01-03T07:54:46,db-02,0.1553
2026-01-03T07:55:30,net-02,0.7660
2026-01-03T07:55:51,hd-02,1.4389
2026-01-03T07:56:54,hd-01,1.2462
2026-01-03T07:57:16,lb-01,3.2421
2026-01-03T07:57:21,db-03,0.3663
2026-01-03T07:57:37,hd-02,0.0122
2026-01-03T07:58:00,hd-02,0.6683
2026-01-03T07:59:35,db-03,7.5559
2026-01-03T07:59:54,cache-03,2.7092
2026-01-03T08:00:34,cache-02,0.7728
2026-01-03T08:01:33,web-03,1.5660
2026-01-03T08:02:10,lb-01,0.8905
2026-01-03T08:02:20,lb-02,7.3524
2026-01-03T08:02:34,db-03,1.7162
2026-01-03T08:03:30,hd-01,1.4839
2026-01-03T08:04:32,web-01,0.9003
2026-01-03T08:04:32,db-01,4.8317
2026-01-03T08:05:41,hd-02,23.6394
2026-01-03T08:06:26,lb-02,0.4380
2026-01-03T08:06:42,cache-02,1.8967
2026-01-03T08:06:53,db-03,3.6045
2026-01-03T08:07:08,web-02,0.9846
2026-01-03T08:07:32,net-02,3.5661
2026-01-03T08:08:49,lb-01,1.3363
2026-01-03T08:09:25,web-04,1.5036
2026-01-03T08:09:38,web-02,2.1252
2026-01-03T08:10:00,web-01,0.2301
2026-01-03T08:10:14,cache-01,1.6940
2026-01-03T08:11:00,lb-01,2.7541
2026-01-03T08:11:23,db-01,35.4422
2026-01-03T08:11:25,net-01,1.0269
2026-01-03T08:11:44,web-04,0.4238
2026-01-03T08:12:09,web-02,0.1167
2026-01-03T08:12:32,db-03,0.5150
2026-01-03T08:14:08,lb-01,1.7756
2026-01-03T08:15:10,cache-02,2.0634
2026-01-03T08:15:11,web-03,0.6378
2026-01-03T08:15:16,hd-02,1.6644
2026-01-03T08:16:24,cache-01,6.3270
2026-01-03T08:18:06,db-02,0.0962
2026-01-03T08:18:30,db-01,0.6236
2026-01-03T08:18:43,net-04,0.2042
2026-01-03T08:18:49,db-03,2.7166
2026-01-03T08:18:56,lb-02,1.3620
2026-01-03T08:19:35,net-01,0.9328
2026-01-03T08:19:42,hd-01,10.9880
2026-01-03T08:19:59,hd-01,0.3908
2026-01-03T08:20:01,db-01,2.6139
2026-01-03T08:20:22,web-01,3.9859
2026-01-03T08:20:54,db-03,7.2962
2026-01-03T08:21:16,web-04,2.5820
2026-01-03T08:23:21,net-03,32.8248
2026-01-03T08:23:28,hd-02,1.1571
2026-01-03T08:23:56,cache-03,4.9370
2026-01-03T08:25:12,lb-01,1.6702
2026-01-03T08:25:21,db-02,0.0459
2026-01-03T08:25:28,net-03,39.2913
2026-01-03T08:25:39,lb-02,5.4934
2026-01-03T08:25:44,cache-02,2.4130
2026-01-03T08:25:45,hd-02,3.7651
2026-01-03T08:25:54,web-03,0.3941
2026-01-03T08:26:06,lb-02,4.6369
2026-01-03T08:26:16,web-05,0.4639
2026-01-03T08:26:17,net-03,0.0777
2026-01-03T08:27:10,cache-03,1.4442
2026-01-03T08:29:16,web-02,0.3667
2026-01-03T08:29:56,hd-02,1.3678
2026-01-03T08:30:18,db-03,1.6451
2026-01-03T08:30:44,hd-02,7.7306
2026-01-03T08:30:45,web-05,0.8867
2026-01-03T08:30:55,web-04,0.2348
2026-01-03T08:31:39,cache-03,5.9463
2026-01-03T08:31:55,net-04,0.5723
2026-01-03T08:32:08,net-02,2.9161
2026-01-03T08:32:27,web-03,0.4189
2026-01-03T08:33:29,web-02,1.0865
2026-01-03T08:35:07,hd-02,0.3235
2026-01-03T08:35:37,web-01,6.1150
2026-01-03T08:35:47,net-04,0.4712
2026-01-03T08:36:17,db-01,0.8205
2026-01-03T08:36:53,hd-01,0.2755
2026-01-03T08:37:30,web-02,0.0728
2026-01-03T08:37:46,hd-02,0.8287
2026-01-03T08:38:03,web-03,9.1321
2026-01-03T08:38:08,net-01,0.5457
2026-01-03T08:38:37,hd-01,0.5975
2026-01-03T08:39:04,web-03,0.0589
2026-01-03T08:39:21,cache-01,2.8342
2026-01-03T08:39:43,web-05,3.5340
2026-01-03T08:39:51,lb-02,1.3967
2026-01-03T08:39:52,lb-01,9.3400
2026-01-03T08:40:25,net-02,5.8037
2026-01-03T08:40:30,net-02,1.1474
2026-01-03T08:40:32,net-02,0.4147
2026-01-03T08:41:34,db-01,5.2013
2026-01-03T08:41:49,db-01,6.0058
2026-01-03T08:42:04,net-04,0.7334
2026-01-03T08:42:36,lb-02,3.2884
2026-01-03T08:42:48,net-04,17.4744
2026-01-03T08:42:55,lb-02,2.7719
2026-01-03T08:44:52,db-01,1.7773
2026-01-03T08:45:05,cache-03,2.4585
2026-01-03T08:45:11,lb-02,0.1244
2026-01-03T08:45:14,lb-01,0.8952
2026-01-03T08:45:56,lb-01,13.2837
2026-01-03T08:47:10,db-03,0.9126
2026-01-03T08:47:29,cache-02,3.2045
2026-01-03T08:47:42,web-04,1.4791
2026-01-03T08:48:26,db-01,0.1166
2026-01-03T08:49:12,web-01,1.7672
2026-01-03T08:50:01,lb-01,0.7958
2026-01-03T08:50:25,db-02,0.7836
2026-01-03T08:50:54,web-03,2.9569
2026-01-03T08:51:57,net-04,2.2070
2026-01-03T08:52:13,lb-01,0.9733
2026-01-03T08:52:53,net-01,8.6386
2026-01-03T08:53:05,db-01,8.1006
2026-01-03T08:53:25,hd-01,6.2103
2026-01-03T08:53:44,hd-01,5.2342
2026-01-03T08:55:17,lb-01,0.5872
2026-01-03T08:55:34,cache-03,4.1122
2026-01-03T08:55:36,db-02,32.2682
2026-01-03T08:56:32,web-05,2.1281
2026-01-03T08:57:52,lb-01,4.0160
2026-01-03T08:57:57,db-01,4.1846
2026-01-03T08:57:58,cache-03,0.0062
2026-01-03T08:58:19,db-02,1.0220
2026-01-03T08:58:33,web-03,0.9633
2026-01-03T08:59:05,lb-01,2.1285
2026-01-03T08:59:34,lb-01,0.4692
2026-01-03T08:59:40,hd-02,0.1253
2026-01-03T08:59:42,hd-01,2.9771
2026-01-03T08:59:48,lb-01,1.1894
2026-01-03T09:01:31,web-05,1.3029
2026-01-03T09:01:49,net-04,0.0579
2026-01-03T09:01:49,hd-01,0.0922
2026-01-03T09:01:54,net-03,3.0462
2026-01-03T09:02:21,net-01,0.8521
2026-01-03T09:02:55,web-05,3.7503
2026-01-03T09:03:43,lb-01,5.7355
2026-01-03T09:04:02,net-02,1.2624
2026-01-03T09:04:08,net-03,13.2824
2026-01-03T09:05:00,db-02,0.1136
2026-01-03T09:05:25,net-04,0.3149
2026-01-03T09:05:48,hd-01,2.9291
2026-01-03T09:05:52,hd-02,0.4170
2026-01-03T09:06:04,hd-02,6.0308
2026-01-03T09:06:17,cache-03,3.0527
2026-01-03T09:06:49,hd-01,6.6190
2026-01-03T09:07:01,hd-02,1.2764
2026-01-03T09:08:20,lb-02,1.4620
2026-01-03T09:08:48,hd-02,11.3003
2026-01-03T09:08:48,lb-02,0.3526
2026-01-03T09:09:33,lb-02,10.7145
2026-01-03T09:10:02,cache-01,2.8491
2026-01-03T09:10:15,db-01,2.6048
2026-01-03T09:10:19,hd-01,2.0872
2026-01-03T09:10:54,hd-02,5.0852
2026-01-03T09:10:58,hd-02,5.4626
2026-01-03T09:11:47,hd-01,4.9323
2026-01-03T09:11:50,lb-02,1.1381
2026-01-03T09:12:41,lb-02,5.0823
2026-01-03T09:12:46,hd-01,1.6295
2026-01-03T09:13:25,lb-01,0.0482
2026-01-03T09:13:26,hd-02,0.9028
2026-01-03T09:14:23,web-05,2.5376
2026-01-03T09:14:35,lb-01,1.9764
2026-01-03T09:15:12,hd-01,2.4580
2026-01-03T09:15:23,net-03,36.0182
2026-01-03T09:15:34,db-03,4.1248
2026-01-03T09:16:51,cache-02,1.4067
2026-01-03T09:18:11,hd-02,1.3672
2026-01-03T09:18:15,net-04,3.8278
2026-01-03T09:18:53,lb-02,5.5307
2026-01-03T09:19:59,hd-02,0.5521
2026-01-03T09:21:08,net-04,0.3061
2026-01-03T09:22:19,db-02,10.6693
2026-01-03T09:22:55,web-04,3.4349
2026-01-03T09:23:14,net-02,1.0749
2026-01-03T09:24:53,web-04,4.9797
2026-01-03T09:26:03,net-01,18.1694
2026-01-03T09:27:02,cache-02,1.4617
2026-01-03T09:27:10,net-04,0.0703
2026-01-03T09:28:18,net-01,2.7188
2026-01-03T09:28:19,db-02,0.4641
2026-01-03T09:28:28,hd-02,0.3304
2026-01-03T09:29:16,web-01,13.7148
2026-01-03T09:29:36,db-03,2.8323
2026-01-03T09:29:48,db-03,1.1923
2026-01-03T09:30:13,cache-02,0.1920
2026-01-03T09:30:17,cache-02,1.2673
2026-01-03T09:30:53,lb-01,0.0647
2026-01-03T09:31:01,db-01,0.4039
2026-01-03T09:32:02,cache-01,0.3053
2026-01-03T09:32:21,lb-01,1.0953
2026-01-03T09:32:25,net-04,2.6992
2026-01-03T09:32:46,lb-01,1.2490
2026-01-03T09:32:51,net-04,6.4489
2026-01-03T09:33:29,net-01,0.9896
2026-01-03T09:33:30,hd-02,30.4196
2026-01-03T09:33:44,db-03,6.7512
2026-01-03T09:34:18,net-04,1.2581
2026-01-03T09:34:20,cache-01,1.3392
2026-01-03T09:34:24,lb-02,5.9897
2026-01-03T09:34:52,lb-01,6.8734
2026-01-03T09:35:04,net-01,2.0213
2026-01-03T09:35:12,web-03,5.1002
2026-01-03T09:36:00,cache-03,2.3699
2026-01-03T09:36:23,cache-03,0.0969
2026-01-03T09:36:54,cache-02,0.3367
2026-01-03T09:37:06,hd-01,1.6249
2026-01-03T09:37:34,lb-02,0.2790
2026-01-03T09:37:47,cache-01,1.8042
2026-01-03T09:37:52,lb-01,4.7570
2026-01-03T09:37:54,db-02,0.7342
2026-01-03T09:38:06,db-01,2.3447
2026-01-03T09:38:13,cache-02,4.5238
2026-01-03T09:38:21,net-04,0.2648
2026-01-03T09:38:22,lb-01,8.9762
2026-01-03T09:38:42,db-01,0.9323
2026-01-03T09:39:19,cache-03,0.6664
2026-01-03T09:39:37,net-01,4.7759
2026-01-03T09:39:37,cache-02,15.2247
2026-01-03T09:40:56,web-02,1.6699
2026-01-03T09:41:25,web-05,0.3664
2026-01-03T09:41:37,db-03,1.1735
2026-01-03T09:42:36,db-02,1.6636
2026-01-03T09:43:36,lb-02,7.8197
2026-01-03T09:43:56,net-01,1.5662
2026-01-03T09:44:12,net-04,0.1396
2026-01-03T09:44:37,web-03,1.8510
2026-01-03T09:45:04,cache-01,0.8662
2026-01-03T09:45:29,web-02,0.3576
2026-01-03T09:46:41,db-02,1.7697
2026-01-03T09:46:44,web-02,1.4611
2026-01-03T09:46:48,cache-02,0.3673
2026-01-03T09:46:52,cache-02,0.4411
2026-01-03T09:47:21,hd-01,0.8024
2026-01-03T09:47:38,cache-03,4.9351
2026-01-03T09:47:40,hd-02,5.0352
2026-01-03T09:48:02,db-02,0.3551
2026-01-03T09:48:10,hd-02,1.1433
2026-01-03T09:48:44,lb-01,14.5833
2026-01-03T09:49:08,net-02,2.3839
2026-01-03T09:49:24,web-02,14.0644
2026-01-03T09:50:00,lb-02,4.6084
2026-01-03T09:51:00,hd-01,3.2916
2026-01-03T09:51:23,net-01,3.0497
2026-01-03T09:51:27,lb-02,9.4742
2026-01-03T09:52:32,net-04,1.7043
2026-01-03T09:52:56,hd-02,0.5170
2026-01-03T09:53:13,cache-01,4.0035
2026-01-03T09:53:46,db-01,9.1535
2026-01-03T09:54:04,web-03,6.9438
2026-01-03T09:54:42,web-02,2.8876
2026-01-03T09:55:14,cache-02,2.5562
2026-01-03T09:55:42,cache-03,2.4452
2026-01-03T09:55:58,net-04,0.0163
2026-01-03T09:56:00,cache-02,2.4471
2026-01-03T09:56:42,net-01,1.8247
2026-01-03T09:56:59,cache-01,2.7151
2026-01-03T09:57:38,db-03,3.8286
2026-01-03T09:57:40,db-03,0.2222
2026-01-03T09:57:58,cache-01,2.7828
2026-01-03T09:59:21,cache-03,0.0235
2026-01-03T09:59:33,db-02,1.6059
2026-01-03T09:59:51,hd-02,8.0452
2026-01-03T10:00:18,db-03,16.3084
2026-01-03T10:01:05,net-01,0.1928
2026-01-03T10:01:14,db-02,5.7523
2026-01-03T10:01:48,lb-01,0.2724
2026-01-03T10:02:28,lb-01,1.5573
2026-01-03T10:02:36,net-04,0.6399
2026-01-03T10:02:43,cache-01,1.4167
2026-01-03T10:03:19,net-03,1.8339
2026-01-03T10:03:20,web-05,0.4220
2026-01-03T10:03:21,hd-02,1.4718
2026-01-03T10:03:52,db-01,5.0716
2026-01-03T10:03:54,cache-01,0.7561
2026-01-03T10:04:15,db-02,2.4648
2026-01-03T10:04:31,cache-03,7.6937
2026-01-03T10:05:41,web-01,100.0000
2026-01-03T10:06:46,net-02,12.2422
2026-01-03T10:07:18,hd-01,2.5742
2026-01-03T10:08:07,hd-02,0.7723
2026-01-03T10:08:38,db-01,0.1696
2026-01-03T10:08:47,net-01,1.8402
2026-01-03T10:08:58,web-04,3.3533
2026-01-03T10:09:02,hd-02,0.8921
2026-01-03T10:10:35,db-02,1.5217
2026-01-03T10:11:16,lb-01,1.6701
2026-01-03T10:12:20,lb-01,0.6407
2026-01-03T10:12:37,hd-02,8.6872
2026-01-03T10:12:47,hd-02,0.7399
2026-01-03T10:14:23,db-02,1.5026
2026-01-03T10:14:45,lb-01,0.0762
2026-01-03T10:15:32,cache-01,0.7173
2026-01-03T10:15:52,cache-01,17.3337
2026-01-03T10:17:21,net-02,0.7990
2026-01-03T10:17:22,db-01,0.7176
2026-01-03T10:17:49,db-02,25.0483
2026-01-03T10:18:14,db-02,1.8177
2026-01-03T10:18:19,lb-02,4.5991
2026-01-03T10:18:52,db-01,0.5452
2026-01-03T10:19:48,db-01,1.1678
2026-01-03T10:20:17,lb-01,13.7675
2026-01-03T10:20:29,cache-02,0.3113
2026-01-03T10:21:59,hd-02,0.2004
2026-01-03T10:22:39,net-01,4.0596
2026-01-03T10:22:58,db-03,5.1041
2026-01-03T10:23:43,db-02,7.8211
2026-01-03T10:23:58,cache-03,4.0683
2026-01-03T10:24:53,cache-01,1.2887
2026-01-03T10:24:57,net-04,3.2203
2026-01-03T10:25:03,web-01,1.1669
2026-01-03T10:25:09,hd-01,6.6402
2026-01-03T10:25:36,hd-01,1.0992
2026-01-03T10:26:04,lb-02,1.9895
2026-01-03T10:26:12,net-04,1.0352
2026-01-03T10:27:00,net-03,2.4453
2026-01-03T10:27:26,lb-01,0.2262
2026-01-03T10:28:25,lb-02,0.4441
2026-01-03T10:28:32,db-01,9.1624
2026-01-03T10:28:40,hd-01,2.6957
2026-01-03T10:28:47,hd-01,8.6454
2026-01-03T10:29:25,web-05,1.4186
2026-01-03T10:30:23,lb-01,2.0709
2026-01-03T10:30:41,web-03,0.4539
2026-01-03T10:30:50,hd-01,0.0251
2026-01-03T10:31:45,hd-01,6.9455
2026-01-03T10:31:54,lb-01,6.9662
2026-01-03T10:32:04,lb-02,2.3803
2026-01-03T10:32:20,lb-02,0.4232
2026-01-03T10:32:49,web-02,2.7551
2026-01-03T10:33:06,net-01,0.6233
2026-01-03T10:33:16,db-03,3.4365
2026-01-03T10:33:37,lb-01,12.8569
2026-01-03T10:33:43,hd-02,0.8548
2026-01-03T10:35:23,db-02,2.6804
2026-01-03T10:35:46,cache-01,2.5550
2026-01-03T10:36:28,web-02,62.1028
2026-01-03T10:37:20,web-01,1.6210
2026-01-03T10:37:30,lb-01,0.6514
2026-01-03T10:38:02,hd-02,0.4971
2026-01-03T10:39:18,net-04,0.0452
2026-01-03T10:39:35,cache-01,2.6335
2026-01-03T10:40:14,cache-02,1.2195
2026-01-03T10:40:39,net-03,0.7270
2026-01-03T10:42:06,cache-01,5.9971
2026-01-03T10:42:14,lb-01,3.0181
2026-01-03T10:42:46,hd-01,25.3355
2026-01-03T10:43:25,lb-01,3.2424
2026-01-03T10:44:54,net-04,0.1123
2026-01-03T10:45:33,cache-03,0.0684
2026-01-03T10:46:09,hd-01,3.4122
2026-01-03T10:46:11,web-01,1.4260
2026-01-03T10:46:25,web-03,0.8665
2026-01-03T10:46:30,net-01,1.7838
2026-01-03T10:46:37,db-02,0.0299
2026-01-03T10:48:02,net-01,0.4443
2026-01-03T10:48:07,hd-01,0.5003
2026-01-03T10:48:46,net-03,8.4382
2026-01-03T10:49:02,db-01,2.9412
2026-01-03T10:49:34,lb-02,0.7754
2026-01-03T10:49:37,net-04,3.3386
2026-01-03T10:50:11,net-03,1.3735
2026-01-03T10:51:18,hd-02,7.5181
2026-01-03T10:51:32,hd-02,6.9889
2026-01-03T10:51:43,web-01,5.6528
2026-01-03T10:52:25,net-01,0.9501
2026-01-03T10:52:42,net-01,0.0444
2026-01-03T10:53:07,lb-02,0.4421
2026-01-03T10:53:46,net-01,3.1855
2026-01-03T10:53:52,net-01,2.0605
2026-01-03T10:54:18,web-03,1.4479
2026-01-03T10:54:45,lb-01,0.7585
2026-01-03T10:55:18,hd-01,4.3562
2026-01-03T10:56:05,web-05,0.5963
2026-01-03T10:56:07,lb-02,2.1878
2026-01-03T10:57:46,hd-01,9.1595
2026-01-03T10:58:30,web-04,3.7590
2026-01-03T10:58:42,hd-01,0.6990
2026-01-03T10:58:43,web-02,3.8581
2026-01-03T10:59:20,lb-02,0.2817
2026-01-03T10:59:34,web-01,4.4138
2026-01-03T10:59:45,db-02,7.0857
2026-01-03T11:00:20,cache-01,1.6525
2026-01-03T11:00:30,cache-02,4.1356
2026-01-03T11:00:47,lb-02,2.6346
2026-01-03T11:00:59,cache-01,2.3545
2026-01-03T11:01:28,db-02,0.8837
2026-01-03T11:01:54,db-03,2.8259
2026-01-03T11:02:00,cache-02,0.8791
2026-01-03T11:02:12,net-01,0.2781
2026-01-03T11:02:24,lb-01,4.0584
2026-01-03T11:02:48,cache-02,0.3175
2026-01-03T11:02:56,cache-02,0.1765
2026-01-03T11:03:07,net-02,1.0556
2026-01-03T11:03:30,web-05,0.3474
2026-01-03T11:03:32,db-01,0.4591
2026-01-03T11:03:43,lb-01,7.9971
2026-01-03T11:03:56,hd-01,9.5028
2026-01-03T11:05:03,hd-02,2.0121
2026-01-03T11:05:17,web-01,0.5448
2026-01-03T11:05:30,web-05,3.2131
2026-01-03T11:05:32,net-01,1.2539
2026-01-03T11:06:22,hd-01,1.5995
2026-01-03T11:06:58,lb-02,4.6443
2026-01-03T11:07:57,cache-02,20.7062
2026-01-03T11:08:07,lb-02,3.9539
2026-01-03T11:08:14,hd-02,0.1141
2026-01-03T11:08:24,web-04,1.8409
2026-01-03T11:09:04,hd-01,0.2229
2026-01-03T11:09:11,cache-02,0.2993
2026-01-03T11:09:30,net-03,1.8877
2026-01-03T11:10:03,cache-01,6.0312
2026-01-03T11:10:11,db-03,3.1774
2026-01-03T11:10:15,hd-02,3.2995
2026-01-03T11:10:34,cache-03,0.5169
2026-01-03T11:12:40,web-04,3.3959
2026-01-03T11:13:07,cache-02,0.9815
2026-01-03T11:14:00,lb-02,2.6758
2026-01-03T11:14:35,net-04,6.4993
2026-01-03T11:14:54,web-04,0.3136
2026-01-03T11:15:23,db-03,1.8235
2026-01-03T11:15:39,db-03,1.4962
2026-01-03T11:15:43,db-01,0.0794
2026-01-03T11:15:46,cache-01,0.5471
2026-01-03T11:16:41,hd-02,2.8628
2026-01-03T11:17:44,lb-02,3.4343
2026-01-03T11:18:20,lb-01,31.1291
2026-01-03T11:18:46,cache-01,0.8900
2026-01-03T11:19:30,cache-03,0.2248
2026-01-03T11:19:46,net-03,2.9539
2026-01-03T11:20:12,db-02,0.4514
2026-01-03T11:20:15,lb-02,2.3964
2026-01-03T11:20:40,hd-01,6.1750
2026-01-03T11:22:00,hd-02,3.8822
2026-01-03T11:22:28,cache-02,0.3490
2026-01-03T11:22:36,db-03,0.8053
2026-01-03T11:23:51,hd-01,0.8272
2026-01-03T11:24:28,db-02,1.5474
2026-01-03T11:24:58,web-02,4.0669
2026-01-03T11:25:03,db-02,0.2223
2026-01-03T11:25:50,cache-02,6.1356
2026-01-03T11:27:11,hd-02,0.1869
2026-01-03T11:28:32,web-04,4.9760
2026-01-03T11:29:22,net-03,0.3898
2026-01-03T11:31:00,hd-01,0.5601
2026-01-03T11:31:10,net-04,5.3531
2026-01-03T11:31:20,db-03,7.7708
2026-01-03T11:31:23,cache-01,3.8200
2026-01-03T11:31:27,lb-02,0.0305
2026-01-03T11:31:34,db-03,1.2026
2026-01-03T11:31:50,lb-02,16.0153
2026-01-03T11:32:03,web-02,0.4538
2026-01-03T11:32:35,lb-02,3.0459
2026-01-03T11:33:55,net-03,2.1136
2026-01-03T11:34:13,lb-02,5.0177
2026-01-03T11:34:24,cache-01,0.9992
2026-01-03T11:34:28,lb-01,2.0940
2026-01-03T11:34:44,net-01,4.2727
2026-01-03T11:34:52,lb-01,2.8970
2026-01-03T11:34:58,web-02,0.8021
2026-01-03T11:35:17,hd-02,1.0183
2026-01-03T11:35:57,net-03,0.2044
2026-01-03T11:36:19,lb-01,4.3886
2026-01-03T11:36:20,db-03,1.3140
2026-01-03T11:36:21,net-04,40.0629
2026-01-03T11:37:29,net-01,2.8514
2026-01-03T11:37:40,lb-02,9.1882
2026-01-03T11:37:42,hd-01,25.1770
2026-01-03T11:37:46,net-03,8.9813
2026-01-03T11:39:19,db-01,0.9541
2026-01-03T11:40:32,lb-02,9.8728
2026-01-03T11:40:38,hd-02,2.6416
2026-01-03T11:41:53,lb-02,0.7237
2026-01-03T11:41:56,lb-02,1.6323
2026-01-03T11:43:05,web-02,1.4022
2026-01-03T11:43:29,cache-03,1.0558
2026-01-03T11:44:28,db-01,13.7322
2026-01-03T11:44:47,db-02,3.0359
2026-01-03T11:45:25,web-04,2.0707
2026-01-03T11:45:29,db-01,4.9421
2026-01-03T11:46:05,cache-02,0.7390
2026-01-03T11:46:22,lb-02,10.6950
2026-01-03T11:46:22,cache-02,0.0278
2026-01-03T11:46:22,cache-02,2.3871
2026-01-03T11:46:40,hd-01,1.2456
2026-01-03T11:47:02,net-04,0.1253
2026-01-03T11:47:28,hd-01,5.9712
2026-01-03T11:47:42,hd-02,6.0630
2026-01-03T11:48:28,lb-01,0.9567
2026-01-03T11:48:36,cache-02,1.0829
2026-01-03T11:48:50,db-01,0.5080
2026-01-03T11:48:53,lb-01,11.4888
2026-01-03T11:49:20,hd-01,0.1571
2026-01-03T11:49:28,net-01,81.4070
2026-01-03T11:50:36,cache-03,1.1491
2026-01-03T11:50:48,web-05,1.3515
2026-01-03T11:51:34,db-02,1.3800
2026-01-03T11:52:11,lb-02,4.0075
2026-01-03T11:52:37,cache-02,20.4348
2026-01-03T11:52:49,lb-01,0.0569
2026-01-03T11:53:11,cache-02,12.3444
2026-01-03T11:53:32,web-04,1.5096
2026-01-03T11:53:37,web-05,4.7199
2026-01-03T11:53:59,hd-02,0.1293
2026-01-03T11:54:15,net-04,0.3817
2026-01-03T11:54:29,cache-01,0.4682
2026-01-03T11:54:54,db-03,1.9978
2026-01-03T11:55:21,lb-02,0.0395
2026-01-03T11:56:21,db-01,0.2820
2026-01-03T11:56:26,db-03,0.7298
2026-01-03T11:57:03,hd-01,1.3090
2026-01-03T11:57:17,hd-02,0.2555
2026-01-03T11:57:25,web-04,0.8239
2026-01-03T11:57:46,lb-01,0.3583
2026-01-03T11:57:53,lb-01,5.8271
2026-01-03T11:58:13,lb-01,18.0547
2026-01-03T11:58:17,web-02,6.1743
2026-01-03T11:58:17,db-03,0.1786
2026-01-03T11:58:54,lb-02,0.9130
2026-01-03T11:59:13,web-05,0.8626
2026-01-03T12:00:17,cache-03,8.1820
2026-01-03T12:00:24,cache-01,2.2277
2026-01-03T12:01:11,hd-02,1.4881
2026-01-03T12:01:13,cache-01,25.8106
2026-01-03T12:01:21,lb-01,4.9279
2026-01-03T12:01:29,cache-02,1.4816
2026-01-03T12:01:35,hd-02,0.1877
2026-01-03T12:03:05,cache-01,1.1945
2026-01-03T12:07:20,db-02,0.4031
2026-01-03T12:07:33,lb-02,1.6798
2026-01-03T12:07:44,lb-01,5.3229
2026-01-03T12:08:05,net-02,0.0917
2026-01-03T12:08:30,lb-02,0.4572
2026-01-03T12:09:13,net-01,0.0687
2026-01-03T12:09:47,web-04,5.4325
2026-01-03T12:10:47,web-02,1.0705
2026-01-03T12:10:48,db-02,7.4039
2026-01-03T12:11:12,cache-01,13.9218
2026-01-03T12:11:43,lb-01,0.7523
2026-01-03T12:11:51,hd-02,0.0961
2026-01-03T12:12:07,net-04,7.4710
2026-01-03T12:12:41,net-04,2.8595
2026-01-03T12:13:11,db-03,9.1648
2026-01-03T12:14:29,cache-01,0.5140
2026-01-03T12:15:03,web-04,2.0093
2026-01-03T12:15:03,db-02,11.6958
2026-01-03T12:15:52,db-03,2.8808
2026-01-03T12:15:58,db-03,0.3964
2026-01-03T12:16:00,web-01,0.8427
2026-01-03T12:17:38,net-04,0.5760
2026-01-03T12:18:00,web-03,4.8577
2026-01-03T12:18:20,web-02,1.8696
2026-01-03T12:18:22,lb-01,3.6061
2026-01-03T12:18:39,cache-02,3.3258
2026-01-03T12:19:50,web-04,0.3728
2026-01-03T12:20:33,cache-01,4.8378
2026-01-03T12:21:17,hd-02,3.5276
2026-01-03T12:22:01,net-01,6.4391
2026-01-03T12:22:20,web-01,4.0312
2026-01-03T12:22:45,net-04,1.7293
2026-01-03T12:23:33,cache-02,0.2365
2026-01-03T12:23:51,web-01,2.9534
2026-01-03T12:24:09,cache-01,0.6370
2026-01-03T12:24:14,web-05,8.4425
2026-01-03T12:25:12,net-02,0.3240
2026-01-03T12:25:33,db-01,1.9622
2026-01-03T12:25:51,lb-02,9.7357
2026-01-03T12:25:56,web-01,0.1927
2026-01-03T12:26:38,net-02,1.0606
2026-01-03T12:27:01,hd-02,7.0165
2026-01-03T12:27:16,db-03,21.4856
2026-01-03T12:27:21,lb-01,1.8489
2026-01-03T12:27:48,net-02,2.4402
2026-01-03T12:27:51,cache-01,0.7730
2026-01-03T12:28:00,lb-02,2.7778
2026-01-03T12:28:42,hd-01,2.3546
2026-01-03T12:28:50,db-01,2.7294
2026-01-03T12:29:37,db-03,2.2910
2026-01-03T12:30:20,web-02,2.6700
2026-01-03T12:31:04,web-02,1.8863
2026-01-03T12:31:04,hd-02,0.3052
2026-01-03T12:31:12,web-01,0.8611
2026-01-03T12:31:23,net-04,0.3795
2026-01-03T12:31:35,web-01,1.6205
2026-01-03T12:31:50,db-03,0.2004
2026-01-03T12:32:29,web-05,0.6032
2026-01-03T12:32:46,lb-01,6.9181
2026-01-03T12:32:47,hd-01,2.5689
2026-01-03T12:33:13,net-04,1.5601
2026-01-03T12:33:46,web-02,4.1830
2026-01-03T12:33:48,db-02,14.7221
2026-01-03T12:33:55,net-04,1.7572
2026-01-03T12:34:22,web-05,2.2422
2026-01-03T12:35:50,cache-01,4.1243
2026-01-03T12:35:52,hd-02,7.8296
2026-01-03T12:36:01,hd-01,5.7158
2026-01-03T12:36:55,lb-02,3.6447
2026-01-03T12:37:21,web-05,1.0827
2026-01-03T12:37:24,db-03,13.6300
2026-01-03T12:38:36,net-04,0.5335
2026-01-03T12:38:59,hd-01,8.8401
2026-01-03T12:39:04,hd-02,0.3417
2026-01-03T12:39:13,net-02,5.7983
2026-01-03T12:39:21,net-04,0.1244
2026-01-03T12:39:32,net-03,1.6941
2026-01-03T12:39:43,hd-02,8.0190
2026-01-03T12:40:15,db-01,0.1110
2026-01-03T12:41:23,hd-02,4.7121
2026-01-03T12:41:44,db-03,1.3071
2026-01-03T12:42:46,lb-01,4.8576
2026-01-03T12:43:03,net-03,2.3219
2026-01-03T12:44:29,hd-02,0.1510
2026-01-03T12:44:53,lb-01,0.6655
2026-01-03T12:44:56,db-03,1.1052
2026-01-03T12:44:58,db-01,7.6575
2026-01-03T12:45:01,cache-03,1.3430
2026-01-03T12:45:03,hd-02,0.9584
2026-01-03T12:45:15,lb-01,0.8167
2026-01-03T12:48:28,web-05,0.2246
2026-01-03T12:49:22,db-01,1.2147
2026-01-03T12:49:40,web-02,3.4416
2026-01-03T12:49:49,cache-02,2.4098
2026-01-03T12:50:17,net-01,0.9506
2026-01-03T12:50:41,cache-02,2.8904
2026-01-03T12:50:48,cache-03,0.6986
2026-01-03T12:51:29,lb-02,0.7821
2026-01-03T12:51:38,db-02,2.6620
2026-01-03T12:51:50,cache-02,1.1014
2026-01-03T12:51:54,cache-03,0.7907
2026-01-03T12:52:14,lb-01,2.6821
2026-01-03T12:52:16,db-01,0.4645
2026-01-03T12:52:22,net-02,2.1542
2026-01-03T12:52:38,web-02,1.6327
2026-01-03T12:52:44,db-03,0.8887
2026-01-03T12:52:47,web-02,2.1869
2026-01-03T12:53:01,net-03,13.6117
2026-01-03T12:53:23,lb-01,9.5012
2026-01-03T12:53:26,web-04,0.1375
2026-01-03T12:53:59,lb-01,2.9871
2026-01-03T12:54:01,db-02,2.0771
2026-01-03T12:55:14,db-02,1.1447
2026-01-03T12:55:49,net-01,15.9889
2026-01-03T12:56:31,db-02,1.4340
2026-01-03T12:57:20,web-01,0.6628
2026-01-03T12:57:48,net-03,12.4110
2026-01-03T12:59:19,db-01,8.2105
2026-01-03T13:00:09,cache-02,1.9442
2026-01-03T13:00:24,db-02,0.1855
2026-01-03T13:00:30,net-03,4.3460
2026-01-03T13:01:53,db-03,3.4097
2026-01-03T13:02:09,db-02,1.3595
2026-01-03T13:03:07,net-03,3.9758
2026-01-03T13:03:21,hd-02,0.1306
2026-01-03T13:04:39,lb-02,5.0613
2026-01-03T13:04:45,hd-02,5.7878
2026-01-03T13:05:04,net-03,1.8455
2026-01-03T13:05:39,lb-02,4.0887
2026-01-03T13:08:06,hd-01,3.4851
2026-01-03T13:08:13,cache-03,0.9146
2026-01-03T13:10:17,lb-01,0.6557
2026-01-03T13:10:25,net-02,0.0118
2026-01-03T13:12:15,web-02,2.3822
2026-01-03T13:12:38,net-03,1.4169
2026-01-03T13:12:40,lb-01,3.8482
2026-01-03T13:13:05,db-03,0.4034
2026-01-03T13:13:17,hd-02,1.8008
2026-01-03T13:14:16,web-02,9.6663
2026-01-03T13:14:23,db-03,1.4538
2026-01-03T13:14:25,net-04,0.8886
2026-01-03T13:14:31,hd-01,1.2737
2026-01-03T13:15:03,db-02,0.7109
2026-01-03T13:15:15,db-02,1.7852
2026-01-03T13:15:26,cache-02,0.6010
2026-01-03T13:15:42,lb-01,0.5408
2026-01-03T13:15:50,lb-01,0.0942
2026-01-03T13:16:20,cache-01,7.2013
2026-01-03T13:16:38,cache-02,2.1214
2026-01-03T13:17:22,db-02,2.5553
2026-01-03T13:17:41,net-04,0.4639
2026-01-03T13:17:45,db-02,0.8855
2026-01-03T13:17:47,db-02,0.2987
2026-01-03T13:17:52,db-01,2.5885
2026-01-03T13:17:54,web-02,6.4655
2026-01-03T13:18:05,net-03,59.8784
2026-01-03T13:19:05,net-02,0.4250
2026-01-03T13:19:50,lb-02,0.0841
2026-01-03T13:20:45,lb-02,4.2919
2026-01-03T13:22:11,cache-03,0.5202
2026-01-03T13:22:42,db-02,1.5209
2026-01-03T13:22:48,net-03,2.2990
2026-01-03T13:22:52,cache-01,5.5564
2026-01-03T13:22:59,cache-02,20.2785
2026-01-03T13:23:53,web-01,4.1296
2026-01-03T13:24:23,web-05,12.9569
2026-01-03T13:24:28,web-01,2.8816
2026-01-03T13:24:32,net-04,0.1663
2026-01-03T13:24:49,lb-02,4.6973
2026-01-03T13:26:14,hd-01,3.3883
2026-01-03T13:26:31,db-02,3.7179
2026-01-03T13:26:33,net-04,2.0854
2026-01-03T13:27:16,net-02,0.4664
2026-01-03T13:27:44,net-01,11.6020
2026-01-03T13:27:44,web-04,0.8472
2026-01-03T13:28:14,cache-02,1.4669
2026-01-03T13:28:37,hd-01,0.3642
2026-01-03T13:29:22,hd-01,2.1341
2026-01-03T13:29:59,hd-02,0.7812
2026-01-03T13:30:08,hd-02,0.3092
2026-01-03T13:30:19,cache-01,4.2499
2026-01-03T13:30:20,lb-01,5.5547
2026-01-03T13:30:32,hd-02,13.9893
2026-01-03T13:30:44,net-01,4.0465
2026-01-03T13:30:51,lb-02,0.0307
2026-01-03T13:31:12,hd-01,61.2668
2026-01-03T13:31:22,cache-01,1.1859
2026-01-03T13:31:31,db-03,2.4391
2026-01-03T13:31:35,net-04,0.2997
2026-01-03T13:31:42,lb-02,0.4512
2026-01-03T13:32:26,cache-01,0.4106
2026-01-03T13:32:48,hd-01,2.7246
2026-01-03T13:33:38,cache-01,2.5576
2026-01-03T13:33:38,cache-02,1.2432
2026-01-03T13:34:24,hd-02,2.7789
2026-01-03T13:35:14,net-02,8.3589
2026-01-03T13:35:21,hd-02,3.1318
2026-01-03T13:36:11,cache-01,18.2720
2026-01-03T13:36:21,cache-01,8.8190
2026-01-03T13:36:28,lb-02,2.4369
2026-01-03T13:36:36,net-03,1.5826
2026-01-03T13:37:07,net-01,3.1198
2026-01-03T13:37:27,web-02,0.6014
2026-01-03T13:38:35,net-02,1.3692
2026-01-03T13:38:58,db-03,4.0829
2026-01-03T13:39:14,cache-01,7.4639
2026-01-03T13:40:06,web-02,2.7530
2026-01-03T13:40:25,hd-02,1.4046
2026-01-03T13:40:41,db-01,12.9398
2026-01-03T13:41:15,lb-02,8.5054
2026-01-03T13:41:26,cache-02,0.9621
2026-01-03T13:41:32,web-01,0.0426
2026-01-03T13:41:47,hd-02,1.8452
2026-01-03T13:42:10,db-03,1.0426
2026-01-03T13:42:49,cache-03,36.0516
2026-01-03T13:43:18,lb-01,15.3510
2026-01-03T13:43:53,net-02,8.4477
2026-01-03T13:44:57,web-03,0.2700
2026-01-03T13:45:07,net-03,13.5502
2026-01-03T13:45:35,net-01,0.7800
2026-01-03T13:46:17,hd-02,0.2107
2026-01-03T13:46:39,hd-02,12.7524
2026-01-03T13:47:14,web-05,2.0546
2026-01-03T13:47:30,db-01,1.5859
2026-01-03T13:47:34,lb-02,3.6129
2026-01-03T13:47:43,net-02,3.3165
2026-01-03T13:48:11,net-01,1.9098
2026-01-03T13:48:22,web-03,0.7470
2026-01-03T13:50:24,cache-03,2.1439
2026-01-03T13:51:16,hd-01,0.4178
2026-01-03T13:51:53,net-01,0.1320
2026-01-03T13:52:01,db-03,1.1058
2026-01-03T13:52:16,lb-02,1.4661
2026-01-03T13:53:08,lb-02,1.5457
2026-01-03T13:54:55,web-05,3.7747
2026-01-03T13:56:41,lb-02,2.6166
2026-01-03T13:57:00,net-03,4.1231
2026-01-03T13:57:02,cache-02,1.7218
2026-01-03T13:57:26,web-01,1.4822
2026-01-03T13:57:30,hd-02,11.4750
2026-01-03T13:57:40,web-04,0.7367
2026-01-03T13:57:58,db-02,8.8788
2026-01-03T13:58:26,cache-02,5.8460
2026-01-03T13:59:01,net-01,1.1859
2026-01-03T13:59:36,lb-02,10.9794
2026-01-03T13:59:59,net-03,2.9199
2026-01-03T14:00:06,lb-02,0.6908
2026-01-03T14:00:09,hd-01,5.7862
2026-01-03T14:00:43,cache-03,8.9620
2026-01-03T14:00:44,net-01,3.1656
2026-01-03T14:01:54,db-03,7.7705
2026-01-03T14:02:45,cache-03,0.7304
2026-01-03T14:02:58,hd-02,6.7912
2026-01-03T14:03:03,cache-03,1.9045
2026-01-03T14:03:11,net-03,29.6573
2026-01-03T14:03:13,lb-02,0.8513
2026-01-03T14:03:28,cache-02,0.7993
2026-01-03T14:04:16,net-03,0.7627
2026-01-03T14:04:39,db-03,0.6735
2026-01-03T14:05:27,lb-01,1.6619
2026-01-03T14:05:32,hd-02,0.9511
2026-01-03T14:05:58,cache-02,3.2549
2026-01-03T14:07:22,lb-01,1.0919
2026-01-03T14:07:27,net-01,0.6269
2026-01-03T14:07:43,web-04,0.2743
2026-01-03T14:08:13,db-03,5.2038
2026-01-03T14:08:21,lb-02,1.6324
2026-01-03T14:08:30,hd-01,1.1241
2026-01-03T14:08:50,lb-01,0.4020
2026-01-03T14:09:01,net-01,0.2392
2026-01-03T14:10:01,web-03,0.0562
2026-01-03T14:10:26,web-03,0.0402
2026-01-03T14:10:56,hd-02,3.8827
2026-01-03T14:12:07,net-03,5.6190
2026-01-03T14:12:13,cache-02,4.6153
2026-01-03T14:12:26,db-03,5.9458
2026-01-03T14:13:17,db-03,0.2596
2026-01-03T14:13:46,net-03,9.1853
2026-01-03T14:13:48,cache-03,0.8744
2026-01-03T14:15:04,lb-02,0.0112
2026-01-03T14:15:56,cache-03,1.7306
2026-01-03T14:15:59,net-02,37.2200
2026-01-03T14:17:04,db-03,0.3091
2026-01-03T14:17:08,cache-03,0.2035
2026-01-03T14:17:25,net-02,0.0177
2026-01-03T14:17:41,lb-02,2.7235
2026-01-03T14:18:10,db-02,0.5507
2026-01-03T14:18:13,hd-01,3.6299
2026-01-03T14:18:14,hd-02,0.2543
2026-01-03T14:18:34,cache-01,1.5538
2026-01-03T14:19:10,web-05,3.5420
2026-01-03T14:19:30,hd-01,0.2802
2026-01-03T14:19:37,web-05,2.9513
2026-01-03T14:19:39,web-05,2.6152
2026-01-03T14:19:42,lb-01,5.0158
2026-01-03T14:19:53,net-01,2.1591
2026-01-03T14:20:10,db-01,1.2381
2026-01-03T14:20:15,db-03,1.4943
2026-01-03T14:20:35,cache-01,0.2844
2026-01-03T14:22:01,cache-02,0.3646
2026-01-03T14:23:00,net-04,1.2745
2026-01-03T14:23:18,db-01,0.1565
2026-01-03T14:23:24,lb-02,2.1636
2026-01-03T14:24:34,db-02,4.5291
2026-01-03T14:25:08,cache-01,2.8084
2026-01-03T14:26:14,web-05,3.8355
2026-01-03T14:26:21,lb-01,1.5865
2026-01-03T14:26:24,cache-01,1.5862
2026-01-03T14:26:30,net-01,0.7668
2026-01-03T14:27:01,net-03,2.5609
2026-01-03T14:28:07,db-02,2.3577
2026-01-03T14:28:13,cache-03,2.0441
2026-01-03T14:28:33,cache-02,22.7007
2026-01-03T14:29:19,net-03,7.7329
2026-01-03T14:29:26,db-02,3.0433
2026-01-03T14:29:40,db-01,62.2132
2026-01-03T14:29:45,web-04,0.4556
2026-01-03T14:29:52,web-02,20.3155
2026-01-03T14:30:02,lb-02,0.0099
2026-01-03T14:30:04,cache-01,0.5670
2026-01-03T14:30:16,net-03,2.9418
2026-01-03T14:30:32,web-04,0.4173
2026-01-03T14:32:01,hd-02,2.6120
2026-01-03T14:34:19,hd-01,3.4371
2026-01-03T14:34:57,db-01,0.5493
2026-01-03T14:35:33,cache-01,8.2884
2026-01-03T14:37:08,cache-02,0.4402
2026-01-03T14:37:27,web-04,0.6491
2026-01-03T14:37:48,lb-02,8.9370
2026-01-03T14:38:24,hd-02,3.7456
2026-01-03T14:38:53,cache-03,2.1998
2026-01-03T14:39:17,net-01,4.2614
2026-01-03T14:39:45,web-02,2.1105
2026-01-03T14:39:55,lb-02,4.1622
2026-01-03T14:39:57,cache-03,15.3520
2026-01-03T14:40:26,lb-01,0.4818
2026-01-03T14:41:16,net-01,0.1700
2026-01-03T14:41:23,db-02,0.3581
2026-01-03T14:42:59,cache-02,0.0573
2026-01-03T14:43:04,lb-02,4.3129
2026-01-03T14:43:16,web-04,1.6730
2026-01-03T14:43:59,cache-03,0.8261
2026-01-03T14:44:36,lb-02,2.9026
2026-01-03T14:44:57,db-03,0.0663
2026-01-03T14:45:27,cache-03,0.7278
2026-01-03T14:45:49,web-04,1.1741
2026-01-03T14:46:30,web-03,3.2478
2026-01-03T14:46:34,web-03,0.9079
2026-01-03T14:46:52,cache-01,1.6381
2026-01-03T14:47:22,net-04,0.6379
2026-01-03T14:47:59,db-02,1.5500
2026-01-03T14:48:20,web-05,1.2451
2026-01-03T14:48:27,db-01,20.5876
2026-01-03T14:48:47,db-01,9.6598
2026-01-03T14:48:51,db-03,0.6239
2026-01-03T14:49:24,hd-01,0.2789
2026-01-03T14:49:51,net-01,1.9971
2026-01-03T14:50:17,net-01,1.9505
2026-01-03T14:50:37,hd-01,0.7741
2026-01-03T14:51:11,db-02,2.8624
2026-01-03T14:51:17,lb-01,2.9297
2026-01-03T14:51:45,db-01,20.7825
2026-01-03T14:51:45,cache-01,1.0988
2026-01-03T14:52:27,db-02,0.5418
2026-01-03T14:52:46,net-02,2.4229
2026-01-03T14:53:14,db-01,1.8993
2026-01-03T14:53:16,lb-01,1.8987
2026-01-03T14:53:25,net-03,0.9890
2026-01-03T14:53:53,cache-02,1.1014
2026-01-03T14:54:17,web-01,2.1042
2026-01-03T14:54:54,lb-02,2.3565
2026-01-03T14:55:15,net-01,0.7269
2026-01-03T14:55:38,net-04,2.1887
2026-01-03T14:56:15,lb-01,1.4091
2026-01-03T14:56:25,web-01,0.4174
2026-01-03T14:56:46,net-02,2.5192
2026-01-03T14:58:54,hd-02,2.4883
2026-01-03T14:58:57,hd-01,3.9701
2026-01-03T15:00:34,net-01,0.8556
2026-01-03T15:01:43,db-01,2.1757
2026-01-03T15:02:46,net-03,13.6527
2026-01-03T15:03:25,web-04,13.0709
2026-01-03T15:03:55,web-01,6.6764
2026-01-03T15:04:26,hd-01,0.2580
2026-01-03T15:04:38,db-03,1.9456
2026-01-03T15:05:31,web-03,19.2634
2026-01-03T15:05:33,net-03,13.0529
2026-01-03T15:05:38,net-01,0.6543
2026-01-03T15:07:00,lb-02,0.9306
2026-01-03T15:07:30,lb-02,3.3665
2026-01-03T15:08:04,web-02,7.8392
2026-01-03T15:08:08,db-02,1.4566
2026-01-03T15:08:18,net-01,0.5165
2026-01-03T15:08:33,net-02,2.2357
2026-01-03T15:10:36,cache-03,1.5894
2026-01-03T15:10:42,net-01,6.0497
2026-01-03T15:11:19,net-03,7.0918
2026-01-03T15:11:33,db-01,1.3574
2026-01-03T15:12:46,net-04,0.2747
2026-01-03T15:12:49,db-02,4.7702
2026-01-03T15:12:53,hd-01,0.6661
2026-01-03T15:13:46,hd-02,0.1069
2026-01-03T15:14:26,web-02,0.6845
2026-01-03T15:15:05,web-02,1.6610
2026-01-03T15:15:17,lb-02,5.4278
2026-01-03T15:16:12,web-01,18.0802
2026-01-03T15:16:28,net-01,5.1095
2026-01-03T15:17:19,db-02,1.3741
2026-01-03T15:17:56,lb-01,1.7592
2026-01-03T15:18:20,net-02,0.3286
2026-01-03T15:18:45,hd-01,3.2322
2026-01-03T15:19:37,web-05,3.3713
2026-01-03T15:19:44,lb-02,12.9227
2026-01-03T15:19:44,hd-01,0.6592
2026-01-03T15:20:00,net-04,1.5043
2026-01-03T15:20:43,lb-02,8.6177
2026-01-03T15:21:17,hd-02,5.8472
2026-01-03T15:21:33,hd-02,0.6895
2026-01-03T15:21:51,web-03,16.7404
2026-01-03T15:22:25,web-02,2.5004
2026-01-03T15:23:15,db-02,0.5656
2026-01-03T15:24:04,db-03,1.8817
2026-01-03T15:24:12,hd-01,0.4241
2026-01-03T15:24:25,cache-02,8.8518
2026-01-03T15:24:39,cache-02,2.8304
2026-01-03T15:26:13,web-03,0.1851
2026-01-03T15:26:42,web-03,0.5998
2026-01-03T15:27:13,cache-01,0.2285
2026-01-03T15:27:31,net-01,1.6117
2026-01-03T15:27:37,cache-01,0.2757
2026-01-03T15:27:50,web-03,5.1886
2026-01-03T15:27:52,db-01,4.5977
2026-01-03T15:29:47,lb-02,0.0269
2026-01-03T15:30:06,lb-02,1.7564
2026-01-03T15:30:13,web-03,5.1336
2026-01-03T15:31:47,lb-01,1.9909
2026-01-03T15:31:49,hd-01,6.2530
2026-01-03T15:32:11,db-02,0.8810
2026-01-03T15:32:19,net-04,3.4616
2026-01-03T15:32:51,hd-01,5.9123
2026-01-03T15:33:59,net-02,1.6952
2026-01-03T15:34:02,hd-02,12.0271
2026-01-03T15:34:04,db-02,0.0593
2026-01-03T15:35:02,hd-01,0.1834
2026-01-03T15:35:23,hd-02,3.0835
2026-01-03T15:35:47,cache-01,1.3258
2026-01-03T15:36:56,db-03,0.0799
2026-01-03T15:37:52,net-02,3.6400
2026-01-03T15:40:06,web-05,2.0574
2026-01-03T15:40:42,hd-02,1.3209
2026-01-03T15:40:57,web-01,2.2778
2026-01-03T15:41:48,cache-01,2.5297
2026-01-03T15:42:06,hd-02,6.8119
2026-01-03T15:42:37,db-03,16.9984
2026-01-03T15:42:56,cache-02,0.2084
2026-01-03T15:43:26,lb-02,0.2492
2026-01-03T15:44:15,web-02,2.6691
2026-01-03T15:44:21,net-04,20.0066
2026-01-03T15:45:38,lb-02,0.5096
2026-01-03T15:45:45,hd-02,0.1003
2026-01-03T15:45:55,cache-02,3.5850
2026-01-03T15:46:50,net-01,0.0068
2026-01-03T15:47:14,web-04,0.6846
2026-01-03T15:47:29,web-04,6.3884
2026-01-03T15:48:49,db-03,3.9077
2026-01-03T15:49:05,net-01,0.4061
2026-01-03T15:49:11,db-02,0.9364
2026-01-03T15:49:49,hd-01,6.3492
2026-01-03T15:50:52,web-01,2.2359
2026-01-03T15:51:17,db-03,2.5334
2026-01-03T15:53:43,hd-01,0.6411
2026-01-03T15:53:52,cache-01,34.3000
2026-01-03T15:54:03,web-04,3.3805
2026-01-03T15:54:40,web-01,7.3609
2026-01-03T15:54:50,cache-03,22.7512
2026-01-03T15:56:11,cache-02,8.4843
2026-01-03T15:56:17,hd-02,7.9026
2026-01-03T15:57:28,lb-01,1.1570
2026-01-03T15:58:40,cache-01,3.0543
2026-01-03T15:58:54,net-03,1.9382
2026-01-03T16:00:29,web-03,8.7201
2026-01-03T16:00:33,net-04,0.1970
2026-01-03T16:00:47,net-01,0.5619
2026-01-03T16:01:11,hd-01,1.8573
2026-01-03T16:01:13,db-01,0.4365
2026-01-03T16:01:21,net-04,3.0759
2026-01-03T16:02:29,hd-02,5.0264
2026-01-03T16:02:38,lb-02,0.8108
2026-01-03T16:02:44,hd-01,0.3948
2026-01-03T16:02:52,net-01,0.8157
2026-01-03T16:03:18,net-01,24.8696
2026-01-03T16:03:39,net-02,1.3729
2026-01-03T16:03:54,lb-01,1.5416
2026-01-03T16:04:00,web-05,5.2133
2026-01-03T16:04:22,web-01,3.8139
2026-01-03T16:04:25,net-02,0.8224
2026-01-03T16:04:36,net-03,2.8326
2026-01-03T16:05:35,lb-02,1.9341
2026-01-03T16:05:38,hd-01,1.6421
2026-01-03T16:06:37,net-01,3.8216
2026-01-03T16:06:43,cache-02,0.1347
2026-01-03T16:07:01,cache-02,1.4220
2026-01-03T16:07:42,web-01,0.6244
2026-01-03T16:09:07,net-03,0.8177
2026-01-03T16:09:11,cache-03,7.2776
2026-01-03T16:09:14,lb-02,1.2002
2026-01-03T16:09:36,web-02,2.8830
2026-01-03T16:09:42,web-01,4.1715
2026-01-03T16:10:04,web-04,7.7128
2026-01-03T16:10:52,hd-01,3.1015
2026-01-03T16:10:58,net-02,3.3128
2026-01-03T16:11:53,net-03,1.8491
2026-01-03T16:12:16,net-01,0.9221
2026-01-03T16:13:35,cache-02,0.1958
2026-01-03T16:13:43,lb-02,0.0907
2026-01-03T16:13:50,web-05,2.5004
2026-01-03T16:13:57,hd-02,5.3451
2026-01-03T16:15:06,hd-02,0.5214
2026-01-03T16:15:25,lb-02,1.1565
2026-01-03T16:15:37,net-03,2.3533
2026-01-03T16:15:46,cache-01,1.5791
2026-01-03T16:15:59,web-03,0.8546
2026-01-03T16:18:37,lb-02,3.9937
2026-01-03T16:20:09,cache-01,0.1903
2026-01-03T16:20:39,lb-01,0.1304
2026-01-03T16:21:17,db-01,9.1090
2026-01-03T16:21:37,hd-01,4.6961
2026-01-03T16:22:02,net-03,0.5619
2026-01-03T16:22:21,cache-03,0.3127
2026-01-03T16:22:34,lb-01,6.0792
2026-01-03T16:23:11,hd-01,2.9815
2026-01-03T16:23:13,db-03,1.7470
2026-01-03T16:23:48,db-02,2.4732
2026-01-03T16:24:30,hd-02,6.4893
2026-01-03T16:24:31,net-02,2.1252
2026-01-03T16:24:44,db-03,1.0676
2026-01-03T16:25:01,hd-01,0.2401
2026-01-03T16:25:14,db-02,1.0841
2026-01-03T16:25:35,lb-02,21.8649
2026-01-03T16:25:39,lb-01,23.2328
2026-01-03T16:25:41,lb-01,5.0011
2026-01-03T16:26:16,net-04,2.2310
2026-01-03T16:27:09,hd-01,0.7646
2026-01-03T16:28:08,hd-01,0.4949
2026-01-03T16:28:11,hd-02,0.2735
2026-01-03T16:28:12,hd-02,1.4070
2026-01-03T16:28:23,web-05,0.6128
2026-01-03T16:28:27,cache-03,4.1590
2026-01-03T16:28:41,hd-01,2.3515
2026-01-03T16:28:43,db-01,1.1023
2026-01-03T16:28:46,lb-02,14.2245
2026-01-03T16:29:47,web-01,12.5757
2026-01-03T16:31:01,hd-02,1.2642
2026-01-03T16:31:13,hd-02,8.6265
2026-01-03T16:31:38,cache-01,3.3895
2026-01-03T16:32:13,web-03,4.9842
2026-01-03T16:33:10,cache-03,0.3075
2026-01-03T16:33:28,web-04,0.4016
2026-01-03T16:34:21,cache-02,2.1896
2026-01-03T16:34:31,lb-02,2.0362
2026-01-03T16:34:32,cache-01,1.5084
2026-01-03T16:34:47,web-05,0.9350
2026-01-03T16:34:50,web-01,7.1367
2026-01-03T16:35:18,hd-01,0.7731
2026-01-03T16:35:25,web-04,0.2098
2026-01-03T16:36:23,db-02,0.2802
2026-01-03T16:36:39,db-03,2.1340
2026-01-03T16:37:06,db-01,0.1120
2026-01-03T16:38:02,hd-02,1.0522
2026-01-03T16:38:25,web-03,4.0535
2026-01-03T16:38:39,web-03,8.9965
2026-01-03T16:39:33,db-01,2.9264
2026-01-03T16:40:21,cache-03,0.3320
2026-01-03T16:41:43,cache-02,0.2348
2026-01-03T16:44:13,net-01,12.8383
2026-01-03T16:44:24,cache-03,0.0661
2026-01-03T16:45:08,db-02,0.8050
2026-01-03T16:45:41,cache-02,1.5836
2026-01-03T16:46:01,cache-03,0.3983
2026-01-03T16:46:11,hd-02,0.8081
2026-01-03T16:46:30,hd-02,3.2956
2026-01-03T16:46:56,hd-02,16.5450
2026-01-03T16:47:06,lb-02,0.3686
2026-01-03T16:48:19,web-03,2.7909
2026-01-03T16:49:08,net-01,3.6319
2026-01-03T16:49:10,net-03,0.3435
2026-01-03T16:50:09,db-02,1.1334
2026-01-03T16:50:40,net-01,1.1387
2026-01-03T16:52:05,hd-01,0.9960
2026-01-03T16:52:09,web-01,0.0886
2026-01-03T16:53:16,net-01,7.6767
2026-01-03T16:53:39,lb-02,8.7396
2026-01-03T16:54:15,db-01,2.1679
2026-01-03T16:55:20,hd-02,5.9889
2026-01-03T16:55:30,db-02,4.2129
2026-01-03T16:55:55,lb-02,28.4752
2026-01-03T16:56:28,cache-01,1.1412
2026-01-03T16:56:57,web-03,6.1263
2026-01-03T16:57:06,lb-02,1.1116
2026-01-03T16:57:23,hd-01,13.5957
2026-01-03T16:57:37,net-01,0.5968
2026-01-03T16:58:10,net-03,4.9549
2026-01-03T16:58:13,net-04,2.4963
2026-01-03T16:58:39,net-02,3.0598
2026-01-03T16:58:55,cache-03,8.7875
2026-01-03T16:58:59,cache-01,15.6739
2026-01-03T16:59:18,cache-02,1.7092
2026-01-03T16:59:45,web-02,1.0017
2026-01-03T16:59:55,net-04,0.1744
2026-01-03T17:00:51,web-05,0.0603
2026-01-03T17:01:24,db-01,2.5871
2026-01-03T17:01:31,hd-01,0.1797
2026-01-03T17:02:01,hd-01,1.5808
2026-01-03T17:02:48,db-03,5.3852
2026-01-03T17:04:35,web-04,0.0899
2026-01-03T17:05:12,cache-03,5.7317
2026-01-03T17:05:38,web-02,2.3217
2026-01-03T17:05:39,db-01,9.5385
2026-01-03T17:05:49,lb-02,0.0423
2026-01-03T17:05:54,web-05,0.1096
2026-01-03T17:07:57,net-04,1.8902
2026-01-03T17:08:15,lb-01,0.9729
2026-01-03T17:08:18,hd-01,5.0209
2026-01-03T17:08:18,web-03,4.8723
2026-01-03T17:08:53,cache-01,0.8909
2026-01-03T17:09:28,lb-01,0.0960
2026-01-03T17:11:18,lb-01,26.6363
2026-01-03T17:11:43,lb-01,15.9234
2026-01-03T17:11:45,lb-01,3.4621
2026-01-03T17:11:49,net-02,1.1374
2026-01-03T17:12:05,web-04,5.5169
2026-01-03T17:12:19,web-03,0.7591
2026-01-03T17:12:43,net-02,14.5951
2026-01-03T17:12:49,cache-02,0.2303
2026-01-03T17:12:52,hd-01,2.3307
2026-01-03T17:13:28,db-01,18.6766
2026-01-03T17:15:35,net-04,0.1884
2026-01-03T17:15:37,web-04,0.9498
2026-01-03T17:16:08,lb-02,8.1805
2026-01-03T17:16:16,hd-01,0.5325
2026-01-03T17:16:26,web-05,0.2985
2026-01-03T17:17:11,db-01,3.0666
2026-01-03T17:17:40,lb-01,6.6121
2026-01-03T17:19:26,hd-02,0.3785
2026-01-03T17:19:28,web-05,1.3414
2026-01-03T17:20:13,net-03,3.4049
2026-01-03T17:20:14,db-02,31.3418
2026-01-03T17:20:54,db-02,1.8541
2026-01-03T17:21:55,web-01,3.3633
2026-01-03T17:23:16,hd-02,4.2201
2026-01-03T17:23:22,hd-01,0.8401
2026-01-03T17:23:45,net-01,13.2686
2026-01-03T17:24:09,hd-01,0.6369
2026-01-03T17:25:32,hd-02,0.2090
2026-01-03T17:25:33,db-02,3.5223
2026-01-03T17:25:56,web-04,3.9283
2026-01-03T17:26:58,web-03,1.9818
2026-01-03T17:28:02,cache-02,0.9733
2026-01-03T17:28:05,net-03,0.6753
2026-01-03T17:28:23,lb-01,12.6987
2026-01-03T17:29:00,db-03,16.8188
2026-01-03T17:30:28,db-01,1.1443
2026-01-03T17:31:01,hd-01,3.2722
2026-01-03T17:32:01,db-01,14.8365
2026-01-03T17:33:53,cache-01,4.9549
2026-01-03T17:34:02,lb-01,1.0675
2026-01-03T17:34:37,db-02,17.7919
2026-01-03T17:35:22,db-02,1.8944
2026-01-03T17:36:02,lb-02,4.1459
2026-01-03T17:36:16,hd-01,1.8466
2026-01-03T17:36:44,db-03,4.4103
2026-01-03T17:36:55,db-03,0.7524
2026-01-03T17:37:40,db-02,1.9205
2026-01-03T17:37:47,cache-02,11.0449
2026-01-03T17:39:45,net-04,1.1821
2026-01-03T17:39:53,hd-01,10.9898
2026-01-03T17:40:15,hd-02,1.3302
2026-01-03T17:41:07,hd-01,2.9122
2026-01-03T17:41:11,hd-02,3.7838
2026-01-03T17:41:24,hd-02,3.3842
2026-01-03T17:42:39,hd-02,0.1354
2026-01-03T17:42:53,cache-01,4.2947
2026-01-03T17:43:06,hd-02,1.7260
2026-01-03T17:43:20,web-03,0.7721
2026-01-03T17:43:41,net-03,0.0043
2026-01-03T17:43:41,db-02,1.1145
2026-01-03T17:44:11,net-04,4.0959
2026-01-03T17:44:18,net-04,0.1565
2026-01-03T17:45:15,web-03,0.3506
2026-01-03T17:45:52,db-01,5.1086
2026-01-03T17:46:40,net-03,1.4459
2026-01-03T17:47:08,lb-01,0.5299
2026-01-03T17:51:06,net-03,5.2826
2026-01-03T17:51:12,cache-02,2.6275
2026-01-03T17:51:26,net-03,3.0127
2026-01-03T17:51:34,web-02,0.3709
2026-01-03T17:51:35,hd-02,4.0293
2026-01-03T17:51:39,lb-01,1.5355
2026-01-03T17:52:19,hd-01,4.7355
2026-01-03T17:52:32,cache-01,1.9857
2026-01-03T17:52:36,net-01,8.2276
2026-01-03T17:53:22,net-01,6.2854
2026-01-03T17:53:37,hd-01,0.4068
2026-01-03T17:53:55,hd-01,1.0293
2026-01-03T17:54:08,web-03,0.9122
2026-01-03T17:54:30,net-01,3.8132
2026-01-03T17:54:43,net-01,0.4709
2026-01-03T17:54:51,lb-01,4.0490
2026-01-03T17:55:22,cache-03,1.4714
2026-01-03T17:56:11,hd-02,19.6636
2026-01-03T17:56:53,lb-02,6.2438
2026-01-03T17:57:14,net-04,1.1942
2026-01-03T17:57:55,db-02,1.9541
2026-01-03T17:58:36,web-05,0.6104
2026-01-03T17:58:48,net-03,4.3399
2026-01-03T17:59:06,hd-01,0.2166
2026-01-03T17:59:11,hd-02,3.8758
2026-01-03T17:59:44,net-04,0.1694
2026-01-03T17:59:44,hd-02,4.0043
2026-01-03T18:00:49,lb-01,0.5000
2026-01-03T18:01:41,lb-02,0.3665
2026-01-03T18:02:52,db-01,2.3664
2026-01-03T18:03:36,lb-01,6.0375
2026-01-03T18:03:42,hd-02,0.3124
2026-01-03T18:03:45,hd-01,0.5494
2026-01-03T18:03:49,hd-01,1.5902
2026-01-03T18:04:23,hd-02,4.8322
2026-01-03T18:05:05,net-01,0.7659
2026-01-03T18:05:06,lb-02,2.2986
2026-01-03T18:05:14,db-01,2.3489
2026-01-03T18:05:48,lb-02,0.1775
2026-01-03T18:05:50,lb-02,0.2947
2026-01-03T18:06:36,web-03,1.3132
2026-01-03T18:06:39,db-01,3.0125
2026-01-03T18:06:55,db-01,2.6791
2026-01-03T18:06:57,db-03,0.3886
2026-01-03T18:07:57,net-01,2.1881
2026-01-03T18:08:55,lb-01,2.5024
2026-01-03T18:08:59,db-02,0.3211
2026-01-03T18:09:02,lb-02,1.0201
2026-01-03T18:09:14,cache-01,5.1855
2026-01-03T18:09:31,cache-02,14.6853
2026-01-03T18:10:37,web-01,6.5222
2026-01-03T18:10:46,web-03,3.1552
2026-01-03T18:10:54,web-05,0.3212
2026-01-03T18:11:05,db-02,1.1274
2026-01-03T18:11:30,net-03,10.9583
2026-01-03T18:12:46,cache-03,0.1882
2026-01-03T18:12:53,lb-01,0.1911
2026-01-03T18:12:58,web-02,4.1376
2026-01-03T18:13:16,cache-02,2.0015
2026-01-03T18:13:24,db-03,0.8457
2026-01-03T18:13:51,lb-01,13.7479
2026-01-03T18:14:07,net-01,10.0924
2026-01-03T18:14:18,db-02,3.4317
2026-01-03T18:14:32,net-04,1.5856
2026-01-03T18:14:44,net-03,4.9919
2026-01-03T18:15:45,cache-02,0.9422
2026-01-03T18:16:19,lb-01,0.1783
2026-01-03T18:16:41,hd-02,2.6289
2026-01-03T18:16:44,cache-01,0.3504
2026-01-03T18:17:24,lb-02,3.2174
2026-01-03T18:17:42,cache-03,0.8605
2026-01-03T18:18:09,hd-02,1.4645
2026-01-03T18:19:41,net-04,9.6617
2026-01-03T18:20:09,net-03,1.0304
2026-01-03T18:20:16,net-01,0.6644
2026-01-03T18:21:14,db-03,1.6731
2026-01-03T18:21:16,web-01,0.1671
2026-01-03T18:21:32,web-05,31.4697
2026-01-03T18:22:59,net-02,4.2894
2026-01-03T18:23:24,db-01,1.0993
2026-01-03T18:24:18,db-03,1.0506
2026-01-03T18:25:54,cache-03,2.6747
2026-01-03T18:26:07,net-02,3.2741
2026-01-03T18:26:26,cache-01,1.3415
2026-01-03T18:26:57,hd-01,10.0665
2026-01-03T18:27:03,lb-01,1.2328
2026-01-03T18:29:01,cache-01,1.5310
2026-01-03T18:29:06,net-03,21.0453
2026-01-03T18:29:29,web-02,5.3476
2026-01-03T18:29:46,cache-03,0.2271
2026-01-03T18:29:52,web-02,7.0078
2026-01-03T18:30:12,hd-01,3.5808
2026-01-03T18:30:14,cache-01,2.6007
2026-01-03T18:30:16,web-03,0.8482
2026-01-03T18:30:25,net-04,4.2101
2026-01-03T18:31:15,web-01,3.9049
2026-01-03T18:31:36,web-05,0.4804
2026-01-03T18:31:39,hd-02,2.8993
2026-01-03T18:31:49,net-03,3.6591
2026-01-03T18:32:13,db-03,1.6239
2026-01-03T18:33:24,web-04,0.1003
2026-01-03T18:33:56,lb-02,1.5023
2026-01-03T18:34:20,db-01,2.0756
2026-01-03T18:34:27,db-01,3.6567
2026-01-03T18:34:31,lb-02,9.6547
2026-01-03T18:34:34,db-03,6.0812
2026-01-03T18:35:52,hd-02,2.8230
2026-01-03T18:35:58,hd-01,0.2054
2026-01-03T18:37:07,web-01,0.8657
2026-01-03T18:37:27,lb-02,4.0510
2026-01-03T18:37:41,net-04,1.3868
2026-01-03T18:37:41,cache-02,1.6418
2026-01-03T18:37:59,web-04,4.0609
2026-01-03T18:38:17,web-02,0.4968
2026-01-03T18:38:30,db-03,0.4385
2026-01-03T18:38:47,cache-02,7.2876
2026-01-03T18:39:15,hd-01,4.2516
2026-01-03T18:39:21,net-03,1.6016
2026-01-03T18:40:00,web-01,19.0333
2026-01-03T18:40:41,net-01,0.4266
2026-01-03T18:41:14,cache-03,3.1606
2026-01-03T18:41:20,net-02,0.4125
2026-01-03T18:41:37,net-03,0.2946
2026-01-03T18:43:20,cache-01,1.9592
2026-01-03T18:43:49,net-01,2.3768
2026-01-03T18:44:00,hd-02,0.1742
2026-01-03T18:44:04,hd-01,3.4410
2026-01-03T18:44:28,web-04,1.1472
2026-01-03T18:45:37,hd-02,7.2349
2026-01-03T18:45:47,cache-03,0.7872
2026-01-03T18:46:15,lb-02,2.8392
2026-01-03T18:47:04,web-04,0.0220
2026-01-03T18:47:43,web-05,10.0116
2026-01-03T18:47:43,lb-01,0.0027
2026-01-03T18:48:37,lb-02,3.3940
2026-01-03T18:49:36,web-02,1.7014
2026-01-03T18:50:04,cache-01,0.5859
2026-01-03T18:50:05,net-04,0.0297
2026-01-03T18:50:06,web-05,0.7657
2026-01-03T18:50:23,web-05,0.0625
2026-01-03T18:50:30,cache-02,0.4001
2026-01-03T18:50:33,web-01,0.5452
2026-01-03T18:51:12,lb-01,2.7624
2026-01-03T18:51:23,db-02,2.9194
2026-01-03T18:52:39,db-03,43.3237
2026-01-03T18:52:44,cache-02,0.3926
2026-01-03T18:53:03,lb-02,9.9895
2026-01-03T18:53:15,cache-02,4.0444
2026-01-03T18:54:00,db-02,0.5654
2026-01-03T18:54:14,lb-01,11.9910
2026-01-03T18:54:34,lb-01,1.6243
2026-01-03T18:55:06,web-04,1.3639
2026-01-03T18:55:57,hd-01,0.5080
2026-01-03T18:56:14,cache-03,0.3454
2026-01-03T18:56:44,db-02,3.9960
2026-01-03T18:57:40,web-01,6.6757
2026-01-03T18:57:57,net-01,7.3850
2026-01-03T18:58:49,cache-02,1.2126
2026-01-03T19:00:11,lb-02,1.0745
2026-01-03T19:00:19,db-03,0.6736
2026-01-03T19:00:23,lb-01,8.8584
2026-01-03T19:00:34,web-02,4.2202
2026-01-03T19:00:43,db-02,3.5846
2026-01-03T19:01:05,lb-01,1.8106
2026-01-03T19:01:28,hd-02,1.7897
2026-01-03T19:02:10,net-02,0.7535
2026-01-03T19:02:21,net-03,2.3555
2026-01-03T19:02:38,hd-02,1.2160
2026-01-03T19:03:10,web-05,0.8993
2026-01-03T19:03:38,web-04,0.6839
2026-01-03T19:03:50,lb-01,0.3429
2026-01-03T19:05:03,net-03,0.1791
2026-01-03T19:06:09,db-01,0.6489
2026-01-03T19:06:28,db-03,0.0762
2026-01-03T19:07:05,lb-02,1.8544
2026-01-03T19:07:23,net-01,2.7050
2026-01-03T19:08:05,cache-03,0.5878
2026-01-03T19:08:51,web-05,0.8980
2026-01-03T19:10:23,lb-01,4.3307
2026-01-03T19:10:23,cache-01,6.9026
2026-01-03T19:11:05,net-03,1.3938
2026-01-03T19:11:28,hd-01,1.2654
2026-01-03T19:11:50,lb-01,1.9947
2026-01-03T19:11:50,cache-03,1.1596
2026-01-03T19:11:52,hd-01,1.2513
2026-01-03T19:13:35,net-04,0.3239
2026-01-03T19:15:07,net-03,3.6710
2026-01-03T19:15:21,net-03,1.6967
2026-01-03T19:16:07,lb-02,0.6335
2026-01-03T19:17:10,net-04,0.6989
2026-01-03T19:17:10,web-03,3.0847
2026-01-03T19:17:21,lb-02,0.2977
2026-01-03T19:18:57,db-03,0.9958
2026-01-03T19:19:17,net-01,1.0303
2026-01-03T19:19:26,hd-02,1.3127
2026-01-03T19:19:48,net-01,2.7908
2026-01-03T19:19:51,lb-02,2.1220
2026-01-03T19:21:16,cache-02,0.1750
2026-01-03T19:21:30,hd-01,0.1034
2026-01-03T19:22:33,net-04,3.0129
2026-01-03T19:22:49,hd-01,7.2498
2026-01-03T19:23:18,lb-01,0.8001
2026-01-03T19:23:50,web-02,0.6904
2026-01-03T19:23:56,net-01,2.3362
2026-01-03T19:24:32,lb-01,3.4675
2026-01-03T19:25:40,web-04,4.2454
2026-01-03T19:26:02,net-04,1.2528
2026-01-03T19:27:11,db-02,7.4839
2026-01-03T19:27:20,lb-01,15.7577
2026-01-03T19:28:34,lb-02,0.9938
2026-01-03T19:29:06,cache-01,5.2452
2026-01-03T19:29:55,db-01,4.9099
2026-01-03T19:29:57,web-05,0.1496
2026-01-03T19:31:23,hd-02,1.9667
2026-01-03T19:31:24,web-03,8.5712
2026-01-03T19:31:39,web-04,6.0887
2026-01-03T19:31:52,hd-02,2.4289
2026-01-03T19:32:16,hd-01,3.0634
2026-01-03T19:33:01,db-01,1.8001
2026-01-03T19:33:27,net-02,1.7639
2026-01-03T19:33:45,lb-02,0.7718
2026-01-03T19:34:48,db-03,3.4230
2026-01-03T19:35:12,hd-01,4.0440
2026-01-03T19:35:20,db-02,6.4996
2026-01-03T19:35:21,db-01,0.6124
2026-01-03T19:35:33,db-01,2.2015
2026-01-03T19:35:44,hd-01,7.7322
2026-01-03T19:35:47,net-04,2.3630
2026-01-03T19:37:54,cache-02,14.4788
2026-01-03T19:38:03,hd-02,4.0356
2026-01-03T19:38:15,lb-01,0.0405
2026-01-03T19:38:40,lb-01,29.9136
2026-01-03T19:38:54,web-01,0.7301
2026-01-03T19:39:03,hd-02,2.0475
2026-01-03T19:39:38,cache-03,3.5155
2026-01-03T19:39:55,lb-01,8.0440
2026-01-03T19:40:13,cache-03,1.0767
2026-01-03T19:40:22,net-02,0.2556
2026-01-03T19:40:41,cache-01,1.0936
2026-01-03T19:41:49,net-01,6.2603
2026-01-03T19:42:28,cache-03,1.2471
2026-01-03T19:42:51,hd-01,2.6725
2026-01-03T19:42:51,cache-02,5.2974
2026-01-03T19:43:09,net-04,3.8624
2026-01-03T19:43:31,lb-02,0.9505
2026-01-03T19:44:00,net-04,2.1932
2026-01-03T19:44:25,web-04,2.6062
2026-01-03T19:45:00,net-02,5.9603
2026-01-03T19:45:10,cache-03,0.1593
2026-01-03T19:45:30,db-03,0.9224
2026-01-03T19:46:00,lb-01,0.3562
2026-01-03T19:48:51,cache-01,2.7436
2026-01-03T19:49:59,web-04,0.5603
2026-01-03T19:50:34,db-03,1.7028
2026-01-03T19:51:01,db-03,3.9066
2026-01-03T19:51:22,net-02,0.2371
2026-01-03T19:51:30,cache-01,0.8319
2026-01-03T19:52:02,net-02,1.1793
2026-01-03T19:52:12,hd-02,9.7200
2026-01-03T19:52:26,lb-01,2.6540
2026-01-03T19:52:40,cache-03,0.2444
2026-01-03T19:52:49,db-02,2.5164
2026-01-03T19:53:00,cache-01,2.1998
2026-01-03T19:53:53,hd-01,28.6624
2026-01-03T19:55:20,net-02,3.3226
2026-01-03T19:57:13,db-02,0.2361
2026-01-03T19:57:49,db-02,3.2644
2026-01-03T19:57:58,web-02,4.2578
2026-01-03T19:58:20,web-01,0.0096
2026-01-03T19:58:27,lb-01,2.8630
2026-01-03T19:58:54,net-01,1.4577
2026-01-03T19:59:08,lb-02,42.4042
2026-01-03T19:59:55,db-01,3.6414
2026-01-03T20:00:32,cache-03,10.3034
2026-01-03T20:01:01,web-04,1.5638
2026-01-03T20:02:10,web-01,5.6300
2026-01-03T20:02:29,lb-01,12.6666
2026-01-03T20:02:36,net-02,0.7147
2026-01-03T20:02:48,db-02,1.7533
2026-01-03T20:03:22,net-01,0.3280
2026-01-03T20:03:26,net-04,0.0137
2026-01-03T20:03:43,web-02,1.8892
2026-01-03T20:03:48,web-02,10.4351
2026-01-03T20:03:55,lb-01,0.9107
2026-01-03T20:03:56,net-03,0.1128
2026-01-03T20:04:17,lb-01,8.1281
2026-01-03T20:04:27,cache-01,1.0748
2026-01-03T20:04:29,cache-01,1.2626
2026-01-03T20:04:40,cache-02,1.4886
2026-01-03T20:04:43,lb-02,0.2549
2026-01-03T20:04:58,cache-02,1.3250
2026-01-03T20:05:51,lb-02,2.0494
2026-01-03T20:06:15,net-02,5.7065
2026-01-03T20:06:55,db-03,0.0034
2026-01-03T20:07:04,web-04,0.6990
2026-01-03T20:08:47,net-03,1.6830
2026-01-03T20:08:51,net-01,1.0528
2026-01-03T20:09:35,cache-02,2.4057
2026-01-03T20:10:24,web-01,1.6144
2026-01-03T20:10:34,web-01,0.9298
2026-01-03T20:10:51,hd-02,3.5313
2026-01-03T20:11:06,db-03,13.9212
2026-01-03T20:11:48,db-03,4.1847
2026-01-03T20:12:01,net-02,10.1405
2026-01-03T20:12:03,hd-01,2.1086
2026-01-03T20:12:34,lb-01,0.8657
2026-01-03T20:13:41,hd-01,0.7216
2026-01-03T20:13:54,hd-02,1.0070
2026-01-03T20:15:08,web-01,0.0412
2026-01-03T20:15:17,net-03,1.5465
2026-01-03T20:15:57,db-03,1.7461
2026-01-03T20:17:49,net-03,0.8254
2026-01-03T20:18:13,net-03,1.7420
2026-01-03T20:19:47,net-04,0.3291
2026-01-03T20:20:21,cache-02,2.2913
2026-01-03T20:20:29,cache-03,2.4241
2026-01-03T20:20:48,web-01,4.1547
2026-01-03T20:21:16,web-01,8.7731
2026-01-03T20:21:16,cache-01,0.2161
2026-01-03T20:21:30,db-03,0.7495
2026-01-03T20:21:54,net-02,0.6954
2026-01-03T20:22:15,net-01,3.0916
2026-01-03T20:22:37,web-03,14.8567
2026-01-03T20:23:34,net-01,0.0410
2026-01-03T20:23:43,web-02,11.2605
2026-01-03T20:24:00,lb-02,0.2406
2026-01-03T20:24:52,hd-01,1.9047
2026-01-03T20:25:04,db-01,1.3447
2026-01-03T20:25:17,cache-03,3.0482
2026-01-03T20:28:04,hd-02,1.0360
2026-01-03T20:29:39,db-02,1.4697
2026-01-03T20:30:00,cache-01,3.3451
2026-01-03T20:30:07,cache-02,1.9198
2026-01-03T20:30:34,hd-01,1.0342
2026-01-03T20:31:26,web-03,4.3576
2026-01-03T20:31:54,db-02,0.9941
2026-01-03T20:32:39,net-01,3.1697
2026-01-03T20:33:10,net-02,0.5515
2026-01-03T20:34:23,db-01,1.8884
2026-01-03T20:34:43,cache-03,5.4216
2026-01-03T20:35:55,db-02,1.8046
2026-01-03T20:36:49,db-02,4.6345
2026-01-03T20:37:16,cache-01,4.2046
2026-01-03T20:37:30,hd-02,1.9910
2026-01-03T20:38:04,web-01,5.7637
2026-01-03T20:38:09,lb-02,3.8423
2026-01-03T20:38:27,web-03,2.8630
2026-01-03T20:40:34,cache-01,0.1695
2026-01-03T20:41:14,cache-03,1.0740
2026-01-03T20:41:55,cache-03,0.4009
2026-01-03T20:41:56,lb-01,0.1829
2026-01-03T20:42:32,net-01,19.3811
2026-01-03T20:42:34,lb-01,2.1161
2026-01-03T20:43:34,web-03,0.0320
2026-01-03T20:43:37,cache-01,11.2996
2026-01-03T20:44:09,lb-02,0.1660
2026-01-03T20:45:53,hd-01,0.0751
2026-01-03T20:46:02,web-04,0.3195
2026-01-03T20:46:57,cache-03,1.0496
2026-01-03T20:47:01,net-02,0.1411
2026-01-03T20:47:28,db-02,0.0092
2026-01-03T20:47:28,net-03,2.2767
2026-01-03T20:47:33,cache-01,10.4936
2026-01-03T20:48:03,cache-01,3.5284
2026-01-03T20:49:04,hd-01,0.3251
2026-01-03T20:49:18,lb-01,1.1859
2026-01-03T20:49:18,db-03,2.0253
2026-01-03T20:49:52,cache-01,4.1360
2026-01-03T20:50:00,net-02,1.2943
2026-01-03T20:50:25,db-01,30.5879
2026-01-03T20:50:31,lb-02,3.2850
2026-01-03T20:51:28,hd-02,34.9757
2026-01-03T20:52:03,lb-02,2.0828
2026-01-03T20:52:33,hd-02,1.2916
2026-01-03T20:52:40,web-04,3.9356
2026-01-03T20:54:18,hd-01,0.2090
2026-01-03T20:55:12,lb-02,2.7153
2026-01-03T20:55:18,cache-02,0.5392
2026-01-03T20:56:13,db-02,1.2138
2026-01-03T20:56:14,lb-02,2.9903
2026-01-03T20:59:10,net-04,1.0260
2026-01-03T20:59:17,db-02,0.7801
2026-01-03T20:59:58,web-02,1.8514
2026-01-03T21:01:32,web-05,0.0763
2026-01-03T21:01:33,cache-02,0.5425
2026-01-03T21:01:34,cache-01,5.7053
2026-01-03T21:01:45,hd-01,0.8900
2026-01-03T21:02:33,db-03,4.5747
2026-01-03T21:02:47,cache-01,0.7683
2026-01-03T21:03:03,lb-01,13.8107
2026-01-03T21:03:26,cache-02,1.7925
2026-01-03T21:03:39,net-03,5.4006
2026-01-03T21:03:42,db-02,3.5705
2026-01-03T21:04:01,cache-01,1.1839
2026-01-03T21:04:06,db-01,1.7579
2026-01-03T21:05:18,hd-02,0.0406
2026-01-03T21:05:27,db-01,0.7294
2026-01-03T21:05:38,net-03,1.9046
2026-01-03T21:05:55,net-02,4.9730
2026-01-03T21:06:15,web-04,0.1802
2026-01-03T21:06:17,lb-02,0.0202
2026-01-03T21:07:03,hd-01,4.1804
2026-01-03T21:08:47,hd-01,0.3114
2026-01-03T21:09:24,hd-02,7.6119
2026-01-03T21:11:42,db-02,0.1421
2026-01-03T21:11:51,hd-02,0.0586
2026-01-03T21:11:58,cache-02,4.9963
2026-01-03T21:12:21,hd-02,4.7028
2026-01-03T21:13:14,hd-01,26.9581
2026-01-03T21:13:33,lb-01,4.1827
2026-01-03T21:13:38,web-03,3.9946
2026-01-03T21:13:39,net-02,8.9803
2026-01-03T21:14:00,hd-02,0.7205
2026-01-03T21:14:06,cache-02,1.2501
2026-01-03T21:14:09,db-01,8.9388
2026-01-03T21:14:27,db-01,8.9464
2026-01-03T21:14:51,hd-01,8.3241
2026-01-03T21:15:32,lb-02,0.1811
2026-01-03T21:15:46,cache-03,0.0973
2026-01-03T21:16:25,net-02,3.9922
2026-01-03T21:19:29,web-02,3.1166
2026-01-03T21:19:31,hd-01,2.5478
2026-01-03T21:19:45,lb-02,0.7756
2026-01-03T21:19:52,web-04,4.8362
2026-01-03T21:20:25,web-03,0.1407
2026-01-03T21:20:53,db-02,19.6706
2026-01-03T21:21:31,hd-02,1.5362
2026-01-03T21:21:41,lb-01,3.2770
2026-01-03T21:22:19,hd-02,6.9788
2026-01-03T21:23:26,cache-02,3.2262
2026-01-03T21:23:39,db-03,1.9506
2026-01-03T21:24:25,lb-02,3.3766
2026-01-03T21:24:48,net-03,1.3934
2026-01-03T21:25:51,cache-02,0.3926
2026-01-03T21:26:19,web-05,0.7886
2026-01-03T21:28:20,web-01,4.9625
2026-01-03T21:28:24,cache-02,2.3826
2026-01-03T21:28:27,web-01,2.4399
2026-01-03T21:29:15,cache-02,4.4440
2026-01-03T21:30:16,net-01,2.0409
2026-01-03T21:30:58,db-03,1.0906
2026-01-03T21:31:10,hd-01,6.1934
2026-01-03T21:31:14,cache-03,1.0272
2026-01-03T21:31:21,net-02,0.1025
2026-01-03T21:31:26,lb-01,3.1908
2026-01-03T21:31:40,hd-02,0.9142
2026-01-03T21:31:40,net-04,0.8595
2026-01-03T21:33:56,net-01,9.3632
2026-01-03T21:34:24,hd-02,20.6417
2026-01-03T21:34:48,lb-02,0.4312
2026-01-03T21:35:48,hd-02,2.6788
2026-01-03T21:35:56,lb-02,6.9541
2026-01-03T21:37:02,web-01,6.3397
2026-01-03T21:37:11,lb-02,3.2954
2026-01-03T21:37:52,cache-03,0.9112
2026-01-03T21:38:28,hd-02,0.7242
2026-01-03T21:39:18,db-02,1.7996
2026-01-03T21:40:16,cache-01,1.0940
2026-01-03T21:40:17,db-03,5.9965
2026-01-03T21:40:31,cache-01,8.9692
2026-01-03T21:41:26,lb-02,2.1124
2026-01-03T21:42:00,hd-02,2.7121
2026-01-03T21:42:05,cache-02,4.5779
2026-01-03T21:42:29,web-05,0.5322
2026-01-03T21:42:32,web-02,0.6200
2026-01-03T21:42:55,lb-01,3.8250
2026-01-03T21:43:04,lb-01,4.9628
2026-01-03T21:43:37,web-02,0.1001
2026-01-03T21:44:22,hd-01,1.7546
2026-01-03T21:44:31,net-03,0.8213
2026-01-03T21:45:15,hd-02,3.9413
2026-01-03T21:45:23,lb-01,1.0520
2026-01-03T21:45:38,cache-03,0.6078
2026-01-03T21:45:46,hd-02,0.1121
2026-01-03T21:45:49,lb-01,0.8676
2026-01-03T21:46:05,db-03,1.4136
2026-01-03T21:46:43,db-01,1.4788
2026-01-03T21:47:23,net-04,0.6250
2026-01-03T21:48:15,cache-03,10.5653
2026-01-03T21:48:16,web-04,0.2952
2026-01-03T21:48:18,cache-02,0.4042
2026-01-03T21:49:24,hd-01,2.4129
2026-01-03T21:50:32,web-01,2.9596
2026-01-03T21:50:41,cache-03,0.4715
2026-01-03T21:50:42,db-02,3.1221
2026-01-03T21:50:48,web-02,0.3303
2026-01-03T21:51:07,hd-01,1.4689
2026-01-03T21:51:13,hd-01,2.0122
2026-01-03T21:51:39,web-02,5.3123
2026-01-03T21:51:57,lb-01,3.4033
2026-01-03T21:52:00,net-04,4.4975
2026-01-03T21:52:20,hd-02,5.4542
2026-01-03T21:52:22,net-02,1.6219
2026-01-03T21:52:29,hd-01,1.0338
2026-01-03T21:52:52,net-03,3.2280
2026-01-03T21:53:02,net-01,1.2888
2026-01-03T21:53:02,cache-01,6.2116
2026-01-03T21:53:04,hd-01,1.5798
2026-01-03T21:53:24,cache-02,1.7411
2026-01-03T21:53:49,cache-02,0.1487
2026-01-03T21:54:41,net-01,1.0651
2026-01-03T21:54:56,net-03,0.9158
2026-01-03T21:55:15,db-02,50.1691
2026-01-03T21:55:43,hd-02,2.9823
2026-01-03T21:56:26,hd-02,3.3748
2026-01-03T21:56:46,db-03,3.4126
2026-01-03T21:57:20,cache-03,6.1497
2026-01-03T21:57:22,cache-01,4.7745
2026-01-03T21:57:57,cache-03,0.4872
2026-01-03T21:58:26,lb-01,8.9076
2026-01-03T21:58:29,lb-02,5.1565
2026-01-03T21:58:31,lb-01,1.4803
2026-01-03T21:58:54,web-02,6.7844
2026-01-03T21:59:39,web-04,7.6120
2026-01-03T22:01:16,cache-01,0.0634
2026-01-03T22:01:49,net-01,2.4045
2026-01-03T22:02:33,lb-01,0.5801
2026-01-03T22:02:54,cache-03,5.4835
2026-01-03T22:03:06,net-01,1.0249
2026-01-03T22:03:21,lb-02,1.6083
2026-01-03T22:03:40,lb-02,4.4376
2026-01-03T22:05:32,cache-01,18.1348
2026-01-03T22:06:25,web-04,11.6566
2026-01-03T22:06:33,net-02,8.1532
2026-01-03T22:07:17,hd-01,1.0933
2026-01-03T22:07:18,lb-02,7.4909
2026-01-03T22:07:19,hd-01,0.6363
2026-01-03T22:07:29,net-01,7.1157
2026-01-03T22:07:45,web-03,4.3893
2026-01-03T22:08:56,hd-01,100.0000
2026-01-03T22:09:48,cache-03,0.9668
2026-01-03T22:09:59,web-01,0.5252
2026-01-03T22:10:24,web-02,0.6932
2026-01-03T22:10:43,web-01,0.1520
2026-01-03T22:10:52,web-03,3.3582
2026-01-03T22:10:53,net-02,0.2259
2026-01-03T22:11:21,web-03,17.3869
2026-01-03T22:11:25,cache-03,1.3512
2026-01-03T22:11:52,net-02,1.3072
2026-01-03T22:12:22,hd-01,4.5672
2026-01-03T22:12:49,cache-01,4.4951
2026-01-03T22:12:57,db-03,2.7050
2026-01-03T22:13:16,web-05,1.5859
2026-01-03T22:13:17,lb-02,1.9065
2026-01-03T22:15:14,lb-02,6.3322
2026-01-03T22:15:17,cache-03,10.5150
2026-01-03T22:15:34,web-03,5.4444
2026-01-03T22:15:54,cache-01,2.8388
2026-01-03T22:16:11,lb-02,0.3267
2026-01-03T22:16:40,cache-02,0.0455
2026-01-03T22:17:04,web-01,5.3731
2026-01-03T22:17:13,hd-02,0.7263
2026-01-03T22:17:19,lb-02,0.4286
2026-01-03T22:17:30,lb-01,1.1622
2026-01-03T22:17:33,web-02,0.3875
2026-01-03T22:17:42,web-02,3.6164
2026-01-03T22:18:40,db-03,1.6997
2026-01-03T22:18:50,db-03,6.9771
2026-01-03T22:18:54,lb-02,1.1331
2026-01-03T22:19:11,net-01,0.7637
2026-01-03T22:19:44,lb-01,0.7080
2026-01-03T22:20:30,hd-01,0.5972
2026-01-03T22:22:18,cache-02,9.6905
2026-01-03T22:22:49,web-01,1.0063
2026-01-03T22:23:06,hd-01,0.6228
2026-01-03T22:23:13,lb-02,5.6881
2026-01-03T22:23:43,cache-03,4.8301
2026-01-03T22:23:47,hd-02,3.3890
2026-01-03T22:24:29,db-02,1.2557
2026-01-03T22:24:44,lb-01,1.9176
2026-01-03T22:24:55,cache-01,12.4250
2026-01-03T22:25:15,lb-02,8.2870
2026-01-03T22:25:33,net-02,18.3693
2026-01-03T22:25:42,lb-02,3.9235
2026-01-03T22:26:04,cache-02,3.1299
2026-01-03T22:27:43,hd-01,2.5348
2026-01-03T22:28:01,db-02,0.0466
2026-01-03T22:28:12,hd-02,1.5166
2026-01-03T22:28:15,lb-01,2.3497
2026-01-03T22:28:40,web-05,4.7397
2026-01-03T22:28:58,db-02,1.4749
2026-01-03T22:29:05,db-03,0.6611
2026-01-03T22:29:56,hd-02,0.8389
2026-01-03T22:29:57,web-05,9.0334
2026-01-03T22:29:59,lb-02,1.5299
2026-01-03T22:30:05,cache-02,0.5547
2026-01-03T22:30:31,hd-02,1.2834
2026-01-03T22:30:43,lb-01,0.1169
2026-01-03T22:32:30,lb-01,0.2522
2026-01-03T22:32:32,lb-01,0.4653
2026-01-03T22:32:43,cache-01,0.4212
2026-01-03T22:32:57,cache-03,0.1655
2026-01-03T22:33:37,db-02,0.1720
2026-01-03T22:33:39,lb-01,1.0660
2026-01-03T22:33:59,db-03,1.0718
2026-01-03T22:34:35,lb-02,2.0202
2026-01-03T22:34:52,db-03,3.0450
2026-01-03T22:37:46,web-04,5.3580
2026-01-03T22:38:08,lb-01,0.1426
2026-01-03T22:38:16,hd-01,4.6859
2026-01-03T22:38:16,web-02,1.0881
2026-01-03T22:38:43,db-03,17.2209
2026-01-03T22:38:47,lb-02,3.1683
2026-01-03T22:38:56,net-03,2.6337
2026-01-03T22:39:03,net-01,0.8598
2026-01-03T22:39:08,hd-01,0.7892
2026-01-03T22:39:16,db-03,0.8064
2026-01-03T22:39:25,hd-02,3.8184
2026-01-03T22:40:33,hd-01,3.4175
2026-01-03T22:41:19,lb-02,0.5045
2026-01-03T22:41:47,db-03,5.9292
2026-01-03T22:41:58,web-05,0.3782
2026-01-03T22:42:13,db-03,0.8554
2026-01-03T22:43:21,web-05,0.4903
2026-01-03T22:43:32,db-02,0.8760
2026-01-03T22:43:34,hd-02,4.9398
2026-01-03T22:43:44,db-03,1.8257
2026-01-03T22:43:58,cache-02,3.6501
2026-01-03T22:44:20,hd-02,1.4307
2026-01-03T22:44:48,lb-01,1.1858
2026-01-03T22:44:50,hd-02,2.3539
2026-01-03T22:44:55,lb-02,0.0020
2026-01-03T22:45:52,web-02,6.0957
2026-01-03T22:46:23,lb-02,4.8369
2026-01-03T22:47:13,hd-01,1.4414
2026-01-03T22:47:23,cache-02,0.2881
2026-01-03T22:47:24,net-03,0.0179
2026-01-03T22:47:54,lb-01,15.2489
2026-01-03T22:48:05,db-02,1.1148
2026-01-03T22:48:45,db-01,9.2358
2026-01-03T22:48:54,db-02,0.0432
2026-01-03T22:49:00,hd-01,0.7684
2026-01-03T22:49:32,web-01,2.9290
2026-01-03T22:50:01,web-01,1.7003
2026-01-03T22:51:07,db-01,4.2616
2026-01-03T22:51:08,net-03,7.5357
2026-01-03T22:51:32,web-03,0.2381
2026-01-03T22:52:06,hd-01,0.2098
2026-01-03T22:53:05,web-04,1.1477
2026-01-03T22:53:14,web-03,0.1602
2026-01-03T22:53:16,lb-02,0.1774
2026-01-03T22:54:57,cache-02,2.7639
2026-01-03T22:56:20,cache-01,0.3023
2026-01-03T22:56:31,cache-02,2.5719
2026-01-03T22:56:36,net-03,10.0603
2026-01-03T22:57:11,lb-02,6.8745
2026-01-03T22:57:12,hd-02,2.3105
2026-01-03T22:58:39,net-04,4.7195
2026-01-03T22:58:43,db-01,1.1528
2026-01-03T22:58:47,net-04,1.0417
2026-01-03T22:59:16,lb-01,0.2446
2026-01-03T22:59:39,hd-01,0.8986
2026-01-03T23:02:06,web-01,0.5089
2026-01-03T23:02:23,cache-02,8.9364
2026-01-03T23:02:46,web-04,1.2121
2026-01-03T23:03:41,lb-01,6.2620
2026-01-03T23:04:17,net-02,0.8060
2026-01-03T23:04:26,web-05,0.3862
2026-01-03T23:05:38,cache-03,0.8891
2026-01-03T23:05:51,lb-01,1.6095
2026-01-03T23:06:04,db-02,0.0520
2026-01-03T23:07:27,net-04,1.4193
2026-01-03T23:08:14,net-04,3.3749
2026-01-03T23:08:17,cache-03,3.3881
2026-01-03T23:08:26,hd-01,10.5876
2026-01-03T23:09:15,lb-02,0.8221
2026-01-03T23:09:44,lb-01,4.5670
2026-01-03T23:09:46,lb-02,29.6307
2026-01-03T23:10:20,cache-03,0.5267
2026-01-03T23:10:29,web-02,0.3172
2026-01-03T23:10:55,web-02,2.5979
2026-01-03T23:11:05,lb-01,0.7547
2026-01-03T23:11:20,hd-02,0.1480
2026-01-03T23:11:34,net-03,1.9300
2026-01-03T23:11:44,lb-01,0.5419
2026-01-03T23:12:12,hd-02,8.1302
2026-01-03T23:12:45,web-02,6.4822
2026-01-03T23:13:00,cache-01,0.8683
2026-01-03T23:13:08,net-01,1.5710
2026-01-03T23:15:11,hd-01,3.7678
2026-01-03T23:16:30,cache-01,1.7024
2026-01-03T23:17:13,db-01,1.8766
2026-01-03T23:17:50,net-04,39.3359
2026-01-03T23:18:01,web-04,0.3577
2026-01-03T23:18:11,web-04,0.2754
2026-01-03T23:19:20,db-03,0.9994
2026-01-03T23:19:49,web-05,5.7969
2026-01-03T23:19:57,web-03,0.7058
2026-01-03T23:20:16,net-01,1.4107
2026-01-03T23:21:09,lb-02,1.6889
2026-01-03T23:21:28,lb-01,7.4400
2026-01-03T23:21:29,cache-02,6.6637
2026-01-03T23:21:58,lb-01,8.8191
2026-01-03T23:22:00,cache-02,4.4374
2026-01-03T23:22:19,lb-01,2.2382
2026-01-03T23:23:15,db-01,0.2520
2026-01-03T23:23:19,cache-01,3.2818
2026-01-03T23:23:31,db-01,3.1916
2026-01-03T23:24:37,net-03,0.2348
2026-01-03T23:24:55,cache-03,0.2050
2026-01-03T23:25:59,db-03,0.9625
2026-01-03T23:26:19,web-03,0.9966
2026-01-03T23:27:10,web-03,0.3611
2026-01-03T23:27:36,lb-01,6.6036
2026-01-03T23:28:56,web-04,2.7859
2026-01-03T23:29:31,hd-01,4.4230
2026-01-03T23:29:36,web-03,2.0967
2026-01-03T23:30:15,db-02,21.7792
2026-01-03T23:30:30,net-01,1.2617
2026-01-03T23:31:13,hd-02,9.5104
2026-01-03T23:31:32,web-05,0.4019
2026-01-03T23:32:20,db-03,0.9845
2026-01-03T23:32:24,web-03,3.1853
2026-01-03T23:32:25,net-03,5.2215
2026-01-03T23:32:39,db-03,1.0995
2026-01-03T23:34:13,web-02,2.7911
2026-01-03T23:34:42,net-02,3.3808
2026-01-03T23:34:52,web-04,7.7955
2026-01-03T23:35:32,hd-01,3.3582
2026-01-03T23:36:32,cache-01,0.0662
2026-01-03T23:36:48,lb-02,0.8147
2026-01-03T23:36:57,lb-01,6.9622
2026-01-03T23:37:03,cache-03,0.0246
2026-01-03T23:37:56,net-03,6.7815
2026-01-03T23:38:41,lb-01,0.7841
2026-01-03T23:39:23,db-03,6.3852
2026-01-03T23:40:07,lb-02,0.0297
2026-01-03T23:40:18,net-03,0.2897
2026-01-03T23:40:48,lb-02,100.0000
2026-01-03T23:42:01,lb-02,2.6686
2026-01-03T23:42:02,db-02,0.9304
2026-01-03T23:43:38,cache-03,4.1517
2026-01-03T23:44:03,hd-02,2.1754
2026-01-03T23:44:13,cache-02,3.9834
2026-01-03T23:44:45,db-02,5.3262
2026-01-03T23:45:40,db-03,4.0430
2026-01-03T23:45:42,lb-02,2.0972
2026-01-03T23:45:51,cache-02,2.8763
2026-01-03T23:49:13,net-04,1.6470
2026-01-03T23:49:45,db-03,0.0735
2026-01-03T23:50:19,net-02,2.2195
2026-01-03T23:50:31,hd-02,0.4107
2026-01-03T23:50:54,web-05,3.2071
2026-01-03T23:52:09,db-01,6.9925
2026-01-03T23:53:28,cache-02,7.0862
2026-01-03T23:54:13,hd-01,0.7361
2026-01-03T23:54:54,hd-01,2.0809
2026-01-03T23:56:26,net-03,0.4278
2026-01-03T23:57:00,db-02,2.7444
2026-01-03T23:58:10,web-02,2.3285
2026-01-03T23:58:28,net-03,1.0291
2026-01-03T23:58:51,net-01,5.3080
2026-01-03T23:59:03,db-02,1.3906
2026-01-03T23:59:34,db-03,1.2931
2026-01-04T00:00:19,hd-02,0.1569
2026-01-04T00:00:50,hd-01,11.6095
2026-01-04T00:00:53,net-03,0.2984
2026-01-04T00:01:19,hd-01,3.5536
2026-01-04T00:01:49,web-04,0.3038
2026-01-04T00:01:54,hd-02,0.3004
2026-01-04T00:01:57,hd-01,0.0786
2026-01-04T00:02:25,lb-01,1.0906
2026-01-04T00:03:22,db-03,5.4011
2026-01-04T00:04:05,net-04,1.8379
2026-01-04T00:04:54,web-01,3.0356
2026-01-04T00:06:11,lb-01,15.7244
2026-01-04T00:06:29,web-04,1.7989
2026-01-04T00:07:18,cache-03,13.5156
2026-01-04T00:07:54,lb-02,0.8094
2026-01-04T00:07:59,hd-02,11.0413
2026-01-04T00:08:06,lb-02,2.6206
2026-01-04T00:08:12,lb-02,16.3384
2026-01-04T00:09:00,cache-02,4.9219
2026-01-04T00:09:47,net-04,1.0435
2026-01-04T00:09:51,net-01,16.3480
2026-01-04T00:10:09,net-01,65.1074
2026-01-04T00:10:48,db-01,11.8568
2026-01-04T00:11:18,db-02,0.9725
2026-01-04T00:11:56,hd-01,3.9362
2026-01-04T00:12:00,web-01,0.3644
2026-01-04T00:12:14,db-01,7.7404
2026-01-04T00:12:19,net-02,4.4161
2026-01-04T00:14:05,db-03,1.2381
2026-01-04T00:14:12,hd-02,2.3467
2026-01-04T00:14:18,net-03,5.0322
2026-01-04T00:14:18,net-04,5.8390
2026-01-04T00:15:43,net-02,19.1026
2026-01-04T00:16:58,hd-01,0.5772
2026-01-04T00:18:16,lb-01,2.2819
2026-01-04T00:18:40,cache-02,3.7449
2026-01-04T00:18:42,db-03,3.7046
2026-01-04T00:19:40,hd-02,4.4670
2026-01-04T00:19:40,web-05,1.4807
2026-01-04T00:19:58,hd-01,7.6131
2026-01-04T00:20:25,net-03,4.9749
2026-01-04T00:21:17,hd-01,7.7971
2026-01-04T00:21:19,lb-01,5.0560
2026-01-04T00:22:44,lb-01,15.6146
2026-01-04T00:22:58,hd-01,2.4834
2026-01-04T00:23:23,lb-02,7.5539
2026-01-04T00:23:34,web-05,3.2891
2026-01-04T00:23:49,lb-02,5.9051
2026-01-04T00:23:49,net-03,1.3078
2026-01-04T00:24:10,net-03,1.1273
2026-01-04T00:25:12,db-01,7.9277
2026-01-04T00:25:19,cache-01,0.0307
2026-01-04T00:25:28,net-04,1.8957
2026-01-04T00:25:53,hd-01,0.9554
2026-01-04T00:29:22,db-02,1.2827
2026-01-04T00:29:47,net-02,1.0611
2026-01-04T00:30:04,lb-02,1.9893
2026-01-04T00:30:11,hd-01,3.3194
2026-01-04T00:31:00,cache-02,0.4178
2026-01-04T00:31:14,web-02,14.1708
2026-01-04T00:31:51,net-03,1.6342
2026-01-04T00:31:52,web-04,0.7228
2026-01-04T00:32:12,hd-01,0.6463
2026-01-04T00:32:34,web-02,0.5312
2026-01-04T00:32:54,cache-01,0.4082
2026-01-04T00:32:56,cache-01,0.5908
2026-01-04T00:34:25,lb-01,1.5497
2026-01-04T00:34:35,web-02,0.3682
2026-01-04T00:34:45,net-03,10.7979
2026-01-04T00:35:06,net-04,3.5383
2026-01-04T00:35:32,web-04,0.6447
2026-01-04T00:36:07,db-01,0.6648
2026-01-04T00:36:11,net-03,0.7922
2026-01-04T00:36:49,cache-02,0.3264
2026-01-04T00:37:17,hd-02,1.6876
2026-01-04T00:37:32,cache-01,11.3514
2026-01-04T00:37:33,web-01,5.6246
2026-01-04T00:38:33,net-04,0.7169
2026-01-04T00:38:41,db-03,17.4396
2026-01-04T00:39:07,web-02,1.1347
2026-01-04T00:40:41,lb-01,2.4136
2026-01-04T00:42:07,hd-01,1.0297
2026-01-04T00:42:47,cache-03,46.9175
2026-01-04T00:43:06,hd-01,0.0208
2026-01-04T00:43:14,lb-02,5.2062
2026-01-04T00:43:42,hd-01,1.3357
2026-01-04T00:43:47,lb-01,0.1581
2026-01-04T00:44:02,web-04,1.7591
2026-01-04T00:45:05,net-02,1.4039
2026-01-04T00:45:57,db-03,0.0319
2026-01-04T00:46:06,db-01,0.6799
2026-01-04T00:46:18,cache-01,40.0665
2026-01-04T00:46:25,lb-02,5.1540
2026-01-04T00:46:43,web-01,1.7461
2026-01-04T00:47:03,cache-02,1.7644
2026-01-04T00:48:00,lb-02,2.6825
2026-01-04T00:48:16,web-02,0.2695
2026-01-04T00:48:26,db-03,0.1098
2026-01-04T00:49:17,web-05,16.7952
2026-01-04T00:49:51,hd-01,2.2874
2026-01-04T00:52:42,lb-01,1.2592
2026-01-04T00:52:44,web-02,5.5994
2026-01-04T00:54:05,db-03,14.4865
2026-01-04T00:54:18,hd-02,0.4262
2026-01-04T00:54:25,web-02,14.6687
2026-01-04T00:54:39,web-02,1.0612
2026-01-04T00:56:06,web-03,0.3001
2026-01-04T00:56:08,cache-01,0.0462
2026-01-04T00:56:28,web-01,1.0483
2026-01-04T00:56:36,web-05,1.3227
2026-01-04T00:57:17,net-04,2.1558
2026-01-04T00:57:33,web-03,20.4308
2026-01-04T00:58:11,net-04,0.9893
2026-01-04T00:58:13,net-01,3.0495
2026-01-04T00:58:14,web-01,0.4671
2026-01-04T00:58:21,cache-03,1.7668
2026-01-04T00:58:44,hd-01,15.0963
2026-01-04T00:59:24,db-03,3.6721
2026-01-04T00:59:48,hd-01,2.3130
2026-01-04T01:01:21,lb-02,0.2343
2026-01-04T01:02:22,web-04,6.0440
2026-01-04T01:02:34,cache-01,0.5480
2026-01-04T01:03:08,lb-01,1.8425
2026-01-04T01:03:51,cache-02,3.4115
2026-01-04T01:04:03,net-02,1.0907
2026-01-04T01:07:01,lb-02,5.1313
2026-01-04T01:07:55,cache-01,2.8495
2026-01-04T01:08:05,hd-01,1.5270
2026-01-04T01:08:10,db-02,1.5105
2026-01-04T01:08:26,hd-01,6.7949
2026-01-04T01:08:28,hd-01,0.1294
2026-01-04T01:09:11,net-01,1.5905
2026-01-04T01:09:47,db-02,2.5271
2026-01-04T01:09:49,web-05,9.9381
2026-01-04T01:09:54,cache-02,1.1314
2026-01-04T01:09:57,lb-02,0.1032
2026-01-04T01:10:34,web-01,0.9478
2026-01-04T01:11:11,net-02,1.7564
2026-01-04T01:11:12,web-03,0.9562
2026-01-04T01:11:40,web-02,8.6245
2026-01-04T01:11:46,lb-02,0.7808
2026-01-04T01:12:19,lb-01,2.5827
2026-01-04T01:12:19,db-03,1.1173
2026-01-04T01:12:59,web-02,0.1036
2026-01-04T01:13:43,db-03,1.4183
2026-01-04T01:14:04,db-01,1.8453
2026-01-04T01:14:15,web-02,2.0048
2026-01-04T01:15:02,cache-03,10.7626
2026-01-04T01:15:26,hd-01,6.2571
2026-01-04T01:17:29,net-02,0.1124
2026-01-04T01:17:55,net-01,0.1776
2026-01-04T01:18:27,lb-02,5.2311
2026-01-04T01:19:10,cache-03,0.8422
2026-01-04T01:19:11,net-02,0.0788
2026-01-04T01:19:33,db-02,4.1564
2026-01-04T01:20:16,net-02,1.9656
2026-01-04T01:20:16,cache-02,0.7746
2026-01-04T01:20:37,net-04,6.9783
2026-01-04T01:20:56,web-05,0.6118
2026-01-04T01:21:19,hd-01,0.5949
2026-01-04T01:22:33,hd-01,18.8467
2026-01-04T01:22:57,net-02,21.9484
2026-01-04T01:23:23,lb-01,0.5496
2026-01-04T01:23:58,hd-01,4.2139
2026-01-04T01:24:05,hd-02,0.0106
2026-01-04T01:24:10,hd-01,1.0384
2026-01-04T01:24:14,lb-02,3.5039
2026-01-04T01:24:52,lb-02,0.5878
2026-01-04T01:25:08,db-02,9.0246
2026-01-04T01:25:51,cache-01,3.8036
2026-01-04T01:26:23,db-01,18.6767
2026-01-04T01:26:42,hd-01,25.3292
2026-01-04T01:26:55,db-02,13.0101
2026-01-04T01:27:47,lb-01,0.0692
2026-01-04T01:28:20,lb-01,5.4589
2026-01-04T01:28:37,web-03,1.0265
2026-01-04T01:29:47,hd-01,1.6396
2026-01-04T01:30:11,hd-01,1.3734
2026-01-04T01:30:27,db-01,1.5836
2026-01-04T01:31:03,net-04,1.6659
2026-01-04T01:31:07,web-01,1.4703
2026-01-04T01:31:26,net-01,8.4034
2026-01-04T01:31:26,db-01,2.0771
2026-01-04T01:31:38,cache-03,1.4585
2026-01-04T01:32:21,lb-02,3.1055
2026-01-04T01:33:05,lb-02,0.8960
2026-01-04T01:33:09,lb-02,0.1386
2026-01-04T01:33:39,lb-02,0.6210
2026-01-04T01:33:42,net-02,0.0452
2026-01-04T01:33:45,db-03,2.7050
2026-01-04T01:33:51,hd-02,6.1025
2026-01-04T01:34:18,db-03,7.2267
2026-01-04T01:34:26,web-01,0.6938
2026-01-04T01:34:34,db-03,2.0015
2026-01-04T01:34:53,net-02,4.3355
2026-01-04T01:35:45,cache-02,0.3553
2026-01-04T01:36:09,cache-02,3.2369
2026-01-04T01:36:21,net-04,24.4340
2026-01-04T01:36:38,cache-03,1.1841
2026-01-04T01:36:40,net-04,1.7704
2026-01-04T01:37:25,hd-01,0.3419
2026-01-04T01:37:39,web-05,0.4874
2026-01-04T01:37:58,lb-01,1.4199
2026-01-04T01:38:10,net-02,6.5263
2026-01-04T01:38:43,cache-02,1.4707
2026-01-04T01:39:23,lb-01,4.9960
2026-01-04T01:39:42,hd-02,3.4926
2026-01-04T01:40:34,lb-01,3.1507
2026-01-04T01:40:47,hd-01,0.8184
2026-01-04T01:41:23,hd-02,2.0706
2026-01-04T01:41:42,web-01,4.0216
2026-01-04T01:42:06,hd-01,20.6986
2026-01-04T01:42:35,web-05,0.8860
2026-01-04T01:42:44,hd-01,7.3766
2026-01-04T01:42:53,net-01,13.8816
2026-01-04T01:43:07,lb-01,1.2536
2026-01-04T01:43:55,cache-01,11.8226
2026-01-04T01:44:32,hd-01,4.3411
2026-01-04T01:46:00,web-05,0.1132
2026-01-04T01:46:06,db-01,14.3021
2026-01-04T01:46:52,hd-01,2.5116
2026-01-04T01:47:14,net-03,1.4772
2026-01-04T01:50:23,cache-02,2.7250
2026-01-04T01:50:30,hd-01,0.0274
2026-01-04T01:50:36,net-04,3.0086
2026-01-04T01:51:26,lb-01,0.0907
2026-01-04T01:52:00,hd-01,3.5130
2026-01-04T01:52:33,hd-02,0.8567
2026-01-04T01:54:14,cache-03,7.1100
2026-01-04T01:54:50,cache-03,2.3077
2026-01-04T01:55:31,db-03,1.2043
2026-01-04T01:55:46,lb-01,0.3366
2026-01-04T01:55:56,hd-01,11.9397
2026-01-04T01:56:45,net-04,4.2738
2026-01-04T01:57:09,hd-01,5.2216
2026-01-04T01:57:44,net-03,0.4479
2026-01-04T01:58:15,cache-03,0.1238
2026-01-04T01:58:18,web-03,0.3538
2026-01-04T01:58:19,db-02,0.7274
2026-01-04T01:58:20,web-04,2.0683
2026-01-04T01:58:25,net-01,3.0052
2026-01-04T01:58:47,hd-01,0.0025
2026-01-04T02:00:19,lb-01,0.5635
2026-01-04T02:00:27,hd-02,11.9714
2026-01-04T02:01:03,hd-02,24.1914
2026-01-04T02:02:21,db-03,3.1763
2026-01-04T02:02:57,hd-02,1.6603
2026-01-04T02:03:28,cache-03,5.0051
2026-01-04T02:05:38,web-03,8.4056
2026-01-04T02:05:41,lb-02,2.5059
2026-01-04T02:06:42,db-01,18.5669
2026-01-04T02:07:30,lb-01,0.1707
2026-01-04T02:07:46,lb-01,1.8259
2026-01-04T02:07:50,db-02,6.7416
2026-01-04T02:07:53,lb-01,4.5779
2026-01-04T02:08:02,lb-02,0.7637
2026-01-04T02:08:48,cache-02,2.8373
2026-01-04T02:09:04,web-05,4.8407
2026-01-04T02:09:47,web-02,7.3530
2026-01-04T02:10:17,hd-01,3.1652
2026-01-04T02:10:29,lb-02,3.2923
2026-01-04T02:10:52,hd-02,5.4541
2026-01-04T02:10:54,db-02,4.1962
2026-01-04T02:10:56,net-04,0.1765
2026-01-04T02:11:19,net-01,1.2258
2026-01-04T02:11:29,db-03,1.5524
2026-01-04T02:11:52,db-01,0.5012
2026-01-04T02:12:45,net-04,0.6963
2026-01-04T02:12:45,db-03,2.9211
2026-01-04T02:12:57,cache-01,9.4305
2026-01-04T02:13:01,cache-03,4.8923
2026-01-04T02:13:15,db-01,2.1886
2026-01-04T02:13:17,web-02,23.0350
2026-01-04T02:13:45,db-03,13.2772
2026-01-04T02:14:35,db-01,1.5173
2026-01-04T02:14:59,cache-02,2.6216
2026-01-04T02:15:49,cache-01,45.0759
2026-01-04T02:16:21,net-01,7.5131
2026-01-04T02:16:29,hd-01,6.7232
2026-01-04T02:16:51,hd-02,0.7945
2026-01-04T02:16:51,lb-01,7.0201
2026-01-04T02:17:54,web-05,2.9767
2026-01-04T02:18:45,web-02,2.2387
2026-01-04T02:19:10,net-02,2.4095
2026-01-04T02:19:19,cache-02,1.5090
2026-01-04T02:19:53,db-01,1.7748
2026-01-04T02:20:18,hd-02,0.1629
2026-01-04T02:20:54,hd-01,0.7041
2026-01-04T02:21:09,net-04,3.3089
2026-01-04T02:23:34,web-01,3.7472
2026-01-04T02:24:10,cache-03,0.7389
2026-01-04T02:24:23,net-01,0.9677
2026-01-04T02:24:49,db-01,2.3639
2026-01-04T02:24:59,cache-02,1.7717
2026-01-04T02:26:11,web-01,0.9690
2026-01-04T02:27:18,hd-02,0.7198
2026-01-04T02:27:27,net-03,4.7151
2026-01-04T02:27:27,net-04,11.0343
2026-01-04T02:27:31,db-03,0.9358
2026-01-04T02:28:39,net-01,4.1274
2026-01-04T02:30:46,hd-02,0.6139
2026-01-04T02:31:19,web-01,1.4507
2026-01-04T02:31:46,net-03,2.8786
2026-01-04T02:31:47,web-04,0.2486
2026-01-04T02:32:19,lb-01,11.2055
2026-01-04T02:32:42,lb-01,2.0108
2026-01-04T02:33:04,db-03,1.3117
2026-01-04T02:33:07,lb-01,10.3237
2026-01-04T02:33:22,db-01,1.5476
2026-01-04T02:34:27,hd-02,2.3588
2026-01-04T02:35:12,net-02,12.0652
2026-01-04T02:35:36,net-04,1.4020
2026-01-04T02:35:55,web-04,4.8133
2026-01-04T02:38:23,db-03,0.2356
2026-01-04T02:38:40,cache-03,4.3785
2026-01-04T02:38:57,web-05,0.9569
2026-01-04T02:39:16,lb-01,4.1146
2026-01-04T02:39:49,net-01,4.7511
2026-01-04T02:40:16,lb-01,10.2570
2026-01-04T02:40:43,web-01,0.7220
2026-01-04T02:41:05,cache-02,0.2268
2026-01-04T02:42:30,cache-02,10.7904
2026-01-04T02:42:55,net-02,9.7104
2026-01-04T02:42:57,hd-01,2.5555
2026-01-04T02:43:02,web-03,0.1966
2026-01-04T02:43:08,cache-01,1.8076
2026-01-04T02:44:51,net-04,3.7029
2026-01-04T02:45:49,lb-02,43.6177
2026-01-04T02:45:51,hd-02,0.7625
2026-01-04T02:45:56,hd-01,0.4126
2026-01-04T02:46:41,db-03,3.1557
2026-01-04T02:46:44,hd-02,0.4574
2026-01-04T02:47:08,cache-01,1.7260
2026-01-04T02:47:37,web-05,4.9224
2026-01-04T02:48:51,cache-03,0.9583
2026-01-04T02:49:21,web-05,0.4437
2026-01-04T02:49:44,hd-02,1.5750
2026-01-04T02:49:58,db-03,0.0366
2026-01-04T02:50:21,hd-01,16.5346
2026-01-04T02:53:20,lb-01,3.2067
2026-01-04T02:53:50,net-01,0.8560
2026-01-04T02:54:25,hd-01,0.7791
2026-01-04T02:55:01,web-05,6.1473
2026-01-04T02:55:03,db-02,5.0670
2026-01-04T02:55:45,net-01,2.2381
2026-01-04T02:56:32,hd-02,1.1085
2026-01-04T02:57:56,lb-01,0.1481
2026-01-04T02:58:48,db-03,2.2616
2026-01-04T02:59:25,lb-01,0.4860
2026-01-04T02:59:30,cache-02,0.9887
2026-01-04T02:59:33,web-05,12.3417
2026-01-04T03:00:56,lb-02,5.1867
2026-01-04T03:01:13,cache-01,2.9204
2026-01-04T03:01:53,hd-02,6.9338
2026-01-04T03:02:00,hd-02,1.6577
2026-01-04T03:02:17,net-04,1.7673
2026-01-04T03:03:20,hd-02,6.0834
2026-01-04T03:04:33,cache-03,0.6344
2026-01-04T03:04:58,net-04,0.8228
2026-01-04T03:05:32,hd-01,0.0674
2026-01-04T03:06:30,web-02,10.6639
2026-01-04T03:06:56,net-04,1.8696
2026-01-04T03:06:57,net-03,0.1373
2026-01-04T03:07:24,web-03,1.4466
2026-01-04T03:07:52,net-02,2.2645
2026-01-04T03:08:01,db-01,0.9045
2026-01-04T03:08:38,cache-02,2.6996
2026-01-04T03:09:17,hd-02,2.3287
2026-01-04T03:09:17,hd-01,1.1635
2026-01-04T03:10:00,web-01,3.8979
2026-01-04T03:10:04,cache-01,7.4644
2026-01-04T03:11:21,cache-01,2.9260
2026-01-04T03:12:42,cache-02,2.9159
2026-01-04T03:13:17,net-02,1.3993
2026-01-04T03:13:41,cache-03,1.5874
2026-01-04T03:14:06,lb-01,6.7755
2026-01-04T03:14:19,lb-02,1.5509
2026-01-04T03:16:09,web-03,3.9116
2026-01-04T03:16:40,web-01,0.1100
2026-01-04T03:16:51,lb-02,6.6669
2026-01-04T03:20:35,lb-01,13.4671
2026-01-04T03:20:35,db-01,2.5861
2026-01-04T03:20:54,net-03,1.4486
2026-01-04T03:21:11,hd-02,0.3264
2026-01-04T03:21:30,web-01,0.0496
2026-01-04T03:22:12,web-03,4.0956
2026-01-04T03:23:02,hd-02,1.4090
2026-01-04T03:23:22,lb-02,2.8927
2026-01-04T03:24:25,db-03,0.1610
2026-01-04T03:24:41,hd-01,0.4028
2026-01-04T03:24:57,web-01,0.1215
2026-01-04T03:25:13,web-04,0.2274
2026-01-04T03:25:31,hd-01,1.2847
2026-01-04T03:25:35,cache-03,1.1418
2026-01-04T03:26:24,net-02,0.8922
2026-01-04T03:26:45,lb-02,0.7344
2026-01-04T03:26:51,cache-01,0.9947
2026-01-04T03:29:18,db-01,7.4620
2026-01-04T03:30:03,hd-02,2.1668
2026-01-04T03:30:07,net-03,2.9469
2026-01-04T03:30:16,db-02,0.7960
2026-01-04T03:31:04,cache-01,16.5322
2026-01-04T03:31:16,hd-01,1.4726
2026-01-04T03:31:48,lb-02,1.0948
2026-01-04T03:31:56,lb-01,0.5855
2026-01-04T03:32:00,hd-01,0.3253
2026-01-04T03:32:01,net-02,0.2007
2026-01-04T03:32:05,db-02,0.2526
2026-01-04T03:32:29,net-02,2.2616
2026-01-04T03:32:29,hd-02,4.5813
2026-01-04T03:32:43,hd-02,1.9800
2026-01-04T03:32:46,net-01,9.7149
2026-01-04T03:33:02,cache-01,0.7478
2026-01-04T03:33:30,cache-03,3.1132
2026-01-04T03:33:44,cache-01,0.9229
2026-01-04T03:34:05,net-01,1.0353
2026-01-04T03:35:10,hd-02,5.1863
2026-01-04T03:35:49,cache-02,4.2340
2026-01-04T03:35:52,lb-01,5.0750
2026-01-04T03:36:08,cache-03,1.5378
2026-01-04T03:36:26,lb-02,5.7261
2026-01-04T03:36:47,net-03,1.5773
2026-01-04T03:36:47,hd-01,5.1947
2026-01-04T03:36:57,net-01,11.7106
2026-01-04T03:37:15,lb-01,0.5874
2026-01-04T03:37:25,web-04,0.9523
2026-01-04T03:37:44,web-01,1.6934
2026-01-04T03:38:02,hd-01,0.1205
2026-01-04T03:38:17,web-01,0.3964
2026-01-04T03:38:58,lb-01,2.2972
2026-01-04T03:39:14,lb-02,5.2220
2026-01-04T03:39:27,cache-01,1.6746
2026-01-04T03:39:34,lb-02,0.6523
2026-01-04T03:39:40,db-01,3.7611
2026-01-04T03:40:10,hd-02,2.1671
2026-01-04T03:41:15,hd-02,1.5799
2026-01-04T03:42:44,cache-01,2.2528
2026-01-04T03:43:00,db-03,21.3392
2026-01-04T03:43:32,cache-02,2.3127
2026-01-04T03:43:33,net-04,1.1749
2026-01-04T03:44:06,web-01,2.2806
2026-01-04T03:44:09,cache-01,0.0759
2026-01-04T03:44:23,db-03,0.2952
2026-01-04T03:45:00,web-01,1.4141
2026-01-04T03:45:34,db-02,0.7889
2026-01-04T03:46:03,hd-01,2.0595
2026-01-04T03:46:22,net-03,0.5273
2026-01-04T03:46:37,cache-02,1.1623
2026-01-04T03:47:23,cache-03,0.4830
2026-01-04T03:48:26,db-01,20.8273
2026-01-04T03:49:05,web-04,15.0188
2026-01-04T03:49:40,lb-02,0.5516
2026-01-04T03:50:04,web-05,3.9679
2026-01-04T03:50:36,hd-01,5.0466
2026-01-04T03:50:48,cache-03,0.6356
2026-01-04T03:51:11,db-02,1.5355
2026-01-04T03:51:12,cache-03,1.5141
2026-01-04T03:51:20,hd-02,1.0236
2026-01-04T03:53:17,lb-02,0.0032
2026-01-04T03:53:23,cache-02,0.8960
2026-01-04T03:53:36,hd-01,2.0830
2026-01-04T03:54:17,lb-01,3.7909
2026-01-04T03:54:53,web-03,0.8124
2026-01-04T03:55:00,db-02,1.2187
2026-01-04T03:55:05,web-04,0.8023
2026-01-04T03:55:18,net-04,0.3014
2026-01-04T03:56:03,web-03,0.7924
2026-01-04T03:56:16,db-03,10.3947
2026-01-04T03:56:20,lb-02,6.7614
2026-01-04T03:56:40,net-03,2.0535
2026-01-04T03:57:00,web-03,0.6931
2026-01-04T03:58:07,db-03,4.3963
2026-01-04T03:58:28,db-02,0.0047
2026-01-04T03:58:30,hd-01,0.7084
2026-01-04T03:58:32,net-01,6.2247
2026-01-04T03:59:11,cache-02,2.0208
2026-01-04T04:00:00,lb-02,0.3138
2026-01-04T04:00:21,web-04,5.3105
2026-01-04T04:00:33,hd-02,0.9985
2026-01-04T04:01:00,db-01,5.0051
2026-01-04T04:01:06,db-01,0.6223
2026-01-04T04:01:10,lb-01,0.0949
2026-01-04T04:01:48,web-04,5.7271
2026-01-04T04:02:05,lb-02,0.9616
2026-01-04T04:02:18,net-03,0.8876
2026-01-04T04:02:23,cache-02,0.0857
2026-01-04T04:02:48,db-03,22.7177
2026-01-04T04:04:23,db-02,7.8645
2026-01-04T04:04:59,web-03,3.7336
2026-01-04T04:05:20,hd-01,0.1974
2026-01-04T04:05:36,cache-01,0.2195
2026-01-04T04:05:58,cache-01,0.1442
2026-01-04T04:06:06,db-02,3.6906
2026-01-04T04:06:08,lb-02,5.3557
2026-01-04T04:06:12,cache-02,2.9856
2026-01-04T04:06:17,net-02,0.1395
2026-01-04T04:06:20,net-02,1.2325
2026-01-04T04:06:21,cache-01,1.9614
2026-01-04T04:07:35,db-03,0.3346
2026-01-04T04:08:15,lb-02,2.6113
2026-01-04T04:09:11,db-02,0.7604
2026-01-04T04:09:15,lb-02,4.0637
2026-01-04T04:09:32,hd-01,1.1485
2026-01-04T04:10:02,net-03,0.9086
2026-01-04T04:10:17,lb-01,0.7940
2026-01-04T04:10:41,db-02,0.1043
2026-01-04T04:11:09,web-01,3.4997
2026-01-04T04:11:14,hd-01,2.6977
2026-01-04T04:11:38,hd-01,1.3693
2026-01-04T04:13:00,cache-03,36.6744
2026-01-04T04:13:01,db-03,1.7268
2026-01-04T04:13:46,db-01,2.1586
2026-01-04T04:13:58,db-01,0.1190
2026-01-04T04:14:43,cache-03,0.7809
2026-01-04T04:14:50,hd-01,0.1557
2026-01-04T04:16:10,net-01,7.4752
2026-01-04T04:16:26,hd-02,2.4292
2026-01-04T04:16:33,hd-02,0.4399
2026-01-04T04:16:36,cache-02,5.7148
2026-01-04T04:16:36,db-02,22.1525
2026-01-04T04:16:49,db-03,1.8890
2026-01-04T04:17:23,cache-02,4.3724
2026-01-04T04:17:59,lb-02,5.0262
2026-01-04T04:18:00,web-01,43.1853
2026-01-04T04:18:05,web-05,7.0161
2026-01-04T04:18:48,db-02,2.4121
2026-01-04T04:18:54,web-04,5.9462
2026-01-04T04:19:00,hd-01,6.1110
2026-01-04T04:19:24,web-05,13.0557
2026-01-04T04:20:23,hd-01,0.4722
2026-01-04T04:20:43,net-02,1.1771
2026-01-04T04:20:50,lb-01,0.9870
2026-01-04T04:20:54,db-01,1.0707
2026-01-04T04:21:39,hd-01,0.8968
2026-01-04T04:21:50,cache-02,2.7357
2026-01-04T04:22:21,web-02,0.9534
2026-01-04T04:23:26,lb-02,2.7524
2026-01-04T04:23:54,net-02,5.9283
2026-01-04T04:23:57,db-03,6.7303
2026-01-04T04:25:19,net-03,12.6603
2026-01-04T04:25:35,db-02,10.0581
2026-01-04T04:25:45,cache-01,4.2481
2026-01-04T04:26:07,hd-02,0.7732
2026-01-04T04:26:13,net-01,3.4873
2026-01-04T04:26:26,lb-01,2.6777
2026-01-04T04:27:53,web-01,1.8422
2026-01-04T04:28:06,net-03,5.2465
2026-01-04T04:28:15,cache-02,5.2213
2026-01-04T04:29:13,lb-02,1.6427
2026-01-04T04:29:29,db-01,2.2884
2026-01-04T04:30:10,hd-01,0.3925
2026-01-04T04:32:16,cache-02,3.3614
2026-01-04T04:33:34,lb-02,2.0236
2026-01-04T04:33:43,cache-03,0.2734
2026-01-04T04:34:03,cache-01,0.2196
2026-01-04T04:34:06,cache-02,0.4314
2026-01-04T04:34:11,cache-03,1.4200
2026-01-04T04:34:33,db-02,19.2667
2026-01-04T04:34:46,hd-01,6.0352
2026-01-04T04:35:03,net-02,2.0830
2026-01-04T04:35:07,lb-02,4.4342
2026-01-04T04:35:30,cache-02,0.3806
2026-01-04T04:35:32,db-03,3.0333
2026-01-04T04:36:04,lb-01,0.5940
2026-01-04T04:36:43,web-02,4.9594
2026-01-04T04:37:09,net-04,2.4049
2026-01-04T04:37:23,net-04,20.8459
2026-01-04T04:37:52,lb-02,0.0581
2026-01-04T04:38:00,net-02,0.6163
2026-01-04T04:38:10,net-03,6.4487
2026-01-04T04:38:55,db-02,7.8186
2026-01-04T04:39:02,lb-02,0.5702
2026-01-04T04:39:49,net-02,1.3400
2026-01-04T04:39:54,net-04,1.2586
2026-01-04T04:40:21,hd-01,0.3049
2026-01-04T04:41:23,lb-02,0.8746
2026-01-04T04:42:15,cache-03,3.2304
2026-01-04T04:43:08,cache-01,0.7060
2026-01-04T04:43:18,db-03,6.7564
2026-01-04T04:43:26,cache-01,0.7488
2026-01-04T04:43:36,cache-01,5.1153
2026-01-04T04:43:37,net-02,1.7807
2026-01-04T04:44:27,lb-01,0.8528
2026-01-04T04:44:39,hd-02,1.1694
2026-01-04T04:44:42,net-02,0.2727
2026-01-04T04:44:52,hd-01,19.4500
2026-01-04T04:44:58,cache-02,1.6035
2026-01-04T04:45:26,cache-03,2.5291
2026-01-04T04:46:13,net-01,12.3606
2026-01-04T04:46:28,lb-01,7.4262
2026-01-04T04:46:45,db-01,3.1772
2026-01-04T04:46:52,lb-01,0.5015
2026-01-04T04:47:42,db-02,0.9124
2026-01-04T04:47:55,db-03,1.2847
2026-01-04T04:48:07,lb-01,1.4438
2026-01-04T04:48:30,net-02,2.4504
2026-01-04T04:49:07,net-02,0.2853
2026-01-04T04:51:15,hd-02,0.5541
2026-01-04T04:51:40,web-01,11.3148
2026-01-04T04:51:52,cache-02,15.3681
2026-01-04T04:52:24,cache-02,0.5373
2026-01-04T04:52:32,lb-02,39.1044
2026-01-04T04:52:35,cache-01,2.1968
2026-01-04T04:52:38,lb-01,6.3728
2026-01-04T04:52:58,hd-01,100.0000
2026-01-04T04:53:23,net-03,5.1591
2026-01-04T04:53:59,web-03,20.0730
2026-01-04T04:54:27,net-01,2.9170
2026-01-04T04:55:16,db-03,6.1371
2026-01-04T04:55:19,db-02,2.6110
2026-01-04T04:55:30,lb-02,8.3562
2026-01-04T04:55:43,hd-01,8.7243
2026-01-04T04:56:12,cache-02,5.4382
2026-01-04T04:56:14,lb-01,1.8397
2026-01-04T04:56:22,cache-02,3.2848
2026-01-04T04:56:36,hd-02,21.9384
2026-01-04T04:56:44,lb-01,11.8385
2026-01-04T04:56:46,db-01,5.6156
2026-01-04T04:56:58,net-03,0.1862
2026-01-04T04:57:15,web-01,1.2733
2026-01-04T04:57:54,cache-02,2.4898
2026-01-04T04:58:11,net-02,0.3575
2026-01-04T04:59:06,lb-01,0.3863
2026-01-04T04:59:11,cache-03,0.6627
2026-01-04T04:59:23,db-02,4.9342
2026-01-04T04:59:42,lb-01,0.5928
2026-01-04T05:00:26,db-01,9.3761
2026-01-04T05:00:36,hd-01,0.0597
2026-01-04T05:00:38,hd-01,3.9513
2026-01-04T05:00:43,db-02,3.1896
2026-01-04T05:01:18,net-04,12.1952
2026-01-04T05:01:20,cache-01,1.8996
2026-01-04T05:02:25,net-03,5.8162
2026-01-04T05:03:02,hd-01,7.3505
2026-01-04T05:03:44,cache-01,1.7743
2026-01-04T05:04:05,hd-02,7.6000
2026-01-04T05:04:50,lb-01,6.6660
2026-01-04T05:05:15,web-01,1.0403
2026-01-04T05:05:59,hd-02,4.7242
2026-01-04T05:06:20,hd-02,4.1132
2026-01-04T05:06:21,hd-02,1.2670
2026-01-04T05:06:26,db-01,1.4822
2026-01-04T05:07:22,db-03,1.1672
2026-01-04T05:07:29,web-05,1.4484
2026-01-04T05:07:35,net-04,2.9131
2026-01-04T05:07:53,db-01,1.2600
2026-01-04T05:07:55,db-01,6.4434
2026-01-04T05:07:58,lb-01,4.4172
2026-01-04T05:08:25,cache-01,0.0283
2026-01-04T05:09:36,net-02,1.5198
2026-01-04T05:09:45,web-04,1.5601
2026-01-04T05:10:09,lb-01,11.2691
2026-01-04T05:10:09,net-01,0.1835
2026-01-04T05:11:39,web-01,1.2963
2026-01-04T05:12:12,cache-01,1.2337
2026-01-04T05:12:14,net-04,7.2211
2026-01-04T05:13:41,db-02,1.2741
2026-01-04T05:14:44,web-02,0.2490
2026-01-04T05:15:09,db-02,2.5087
2026-01-04T05:15:16,lb-01,5.2317
2026-01-04T05:15:17,cache-01,7.3788
2026-01-04T05:15:46,cache-03,3.4607
2026-01-04T05:15:51,cache-01,10.4875
2026-01-04T05:16:03,cache-02,3.8199
2026-01-04T05:16:28,db-02,0.2666
2026-01-04T05:17:02,cache-02,5.4473
2026-01-04T05:17:32,db-02,7.8214
2026-01-04T05:17:41,net-04,0.1751
2026-01-04T05:17:58,web-01,2.1904
2026-01-04T05:19:08,db-02,0.1242
2026-01-04T05:19:24,lb-01,0.6008
2026-01-04T05:19:41,db-02,2.8634
2026-01-04T05:19:58,web-03,7.7843
2026-01-04T05:20:01,net-02,0.3401
2026-01-04T05:21:29,web-01,3.8991
2026-01-04T05:21:44,cache-01,4.2220
2026-01-04T05:21:56,net-03,4.0888
2026-01-04T05:22:56,web-02,0.0879
2026-01-04T05:23:10,lb-02,17.8534
2026-01-04T05:23:23,hd-02,0.0359
2026-01-04T05:24:41,web-01,1.3103
2026-01-04T05:24:43,lb-02,1.0301
2026-01-04T05:25:45,cache-02,1.6660
2026-01-04T05:26:35,net-01,14.0229
2026-01-04T05:26:49,cache-01,8.2487
2026-01-04T05:27:09,lb-01,2.4863
2026-01-04T05:27:10,lb-01,1.8058
2026-01-04T05:27:29,web-01,1.2299
2026-01-04T05:27:43,net-01,11.6701
2026-01-04T05:27:48,net-02,1.9604
2026-01-04T05:27:49,web-02,1.1639
2026-01-04T05:27:50,net-03,4.7029
2026-01-04T05:28:03,lb-02,3.9649
2026-01-04T05:28:11,hd-02,0.7946
2026-01-04T05:28:15,hd-02,1.0997
2026-01-04T05:28:38,net-03,7.1672
2026-01-04T05:28:42,net-01,4.3676
2026-01-04T05:28:43,net-01,1.4978
2026-01-04T05:29:31,cache-03,4.7680
2026-01-04T05:29:56,lb-02,7.3012
2026-01-04T05:30:31,hd-01,0.0958
2026-01-04T05:30:38,cache-01,1.0885
2026-01-04T05:31:35,web-03,7.0566
2026-01-04T05:32:48,net-02,5.3731
2026-01-04T05:32:52,db-01,8.6672
2026-01-04T05:33:10,lb-02,0.7197
2026-01-04T05:33:13,hd-01,10.7720
2026-01-04T05:33:14,hd-02,2.4703
2026-01-04T05:33:24,db-03,1.5455
2026-01-04T05:33:55,cache-01,2.6464
2026-01-04T05:33:56,lb-02,0.7954
2026-01-04T05:34:16,hd-01,7.2150
2026-01-04T05:35:53,cache-03,3.1931
2026-01-04T05:37:02,lb-02,8.4648
2026-01-04T05:37:26,lb-02,2.1271
2026-01-04T05:39:09,net-03,1.1018
2026-01-04T05:39:23,net-04,1.0710
2026-01-04T05:39:42,cache-03,10.9985
2026-01-04T05:40:55,cache-01,2.8740
2026-01-04T05:41:31,db-01,1.2849
2026-01-04T05:41:33,lb-02,3.5482
2026-01-04T05:42:26,hd-01,0.2084
2026-01-04T05:44:34,db-03,2.5828
2026-01-04T05:46:12,net-02,1.1281
2026-01-04T05:46:16,hd-02,0.2875
2026-01-04T05:46:28,cache-02,16.7555
2026-01-04T05:46:48,lb-01,0.7744
2026-01-04T05:47:28,db-01,3.9167
2026-01-04T05:47:45,lb-01,6.7672
2026-01-04T05:47:58,hd-02,3.1052
2026-01-04T05:48:10,cache-01,1.2532
2026-01-04T05:48:49,net-03,3.0865
2026-01-04T05:49:01,cache-01,0.6774
2026-01-04T05:50:07,net-03,9.3742
2026-01-04T05:50:12,db-02,2.1429
2026-01-04T05:50:19,lb-02,0.3586
2026-01-04T05:50:47,hd-02,18.6034
2026-01-04T05:51:17,web-05,1.6167
2026-01-04T05:52:00,db-03,11.5385
2026-01-04T05:52:04,hd-01,0.7957
2026-01-04T05:52:08,lb-02,0.3984
2026-01-04T05:52:13,hd-02,4.4590
2026-01-04T05:52:16,db-02,0.5934
2026-01-04T05:52:35,cache-02,0.1486
2026-01-04T05:54:04,net-01,0.8294
2026-01-04T05:54:07,hd-01,0.8482
2026-01-04T05:54:17,lb-01,3.3938
2026-01-04T05:54:54,hd-02,0.9843
2026-01-04T05:55:13,db-03,11.9649
2026-01-04T05:55:38,net-04,4.8293
2026-01-04T05:55:43,web-03,0.9854
2026-01-04T05:55:44,cache-03,3.8332
2026-01-04T05:55:47,net-04,1.4516
2026-01-04T05:56:18,lb-02,1.8192
2026-01-04T05:56:34,cache-03,0.3626
2026-01-04T05:56:55,lb-02,2.8258
2026-01-04T05:57:04,db-01,3.3455
2026-01-04T05:58:15,lb-01,6.2127
2026-01-04T05:59:36,db-01,5.1401
2026-01-04T05:59:47,cache-02,0.3736
2026-01-04T06:00:02,cache-02,2.3538
2026-01-04T06:01:00,lb-01,1.3683
2026-01-04T06:02:11,net-03,2.8265
2026-01-04T06:02:32,cache-03,0.3013
2026-01-04T06:02:59,web-02,3.4624
2026-01-04T06:03:18,db-01,2.8873
2026-01-04T06:03:39,lb-02,1.6602
2026-01-04T06:03:51,hd-02,2.5481
2026-01-04T06:04:11,db-01,1.1494
2026-01-04T06:04:30,db-01,2.0640
2026-01-04T06:04:37,net-01,0.8260
2026-01-04T06:05:54,db-01,0.3574
2026-01-04T06:07:34,web-03,1.0152
2026-01-04T06:08:09,hd-01,0.2507
2026-01-04T06:08:10,web-02,5.8911
2026-01-04T06:09:12,web-03,2.5096
2026-01-04T06:09:18,net-03,1.8207
2026-01-04T06:11:23,web-05,0.2788
2026-01-04T06:11:47,lb-01,7.6155
2026-01-04T06:12:18,hd-02,3.6528
2026-01-04T06:12:20,net-04,2.9437
2026-01-04T06:12:35,net-03,2.4495
2026-01-04T06:12:53,hd-01,3.2164
2026-01-04T06:12:56,cache-03,5.4162
2026-01-04T06:13:13,web-01,7.6670
2026-01-04T06:13:37,hd-01,6.8565
2026-01-04T06:13:52,db-03,0.4972
2026-01-04T06:15:02,db-02,0.3172
2026-01-04T06:15:16,hd-01,1.6395
2026-01-04T06:17:09,lb-01,0.1335
2026-01-04T06:17:42,hd-01,3.7927
2026-01-04T06:18:47,cache-02,1.1121
2026-01-04T06:19:28,cache-02,0.7295
2026-01-04T06:19:29,net-02,0.1957
2026-01-04T06:20:41,net-02,28.6186
2026-01-04T06:20:55,web-04,1.1029
2026-01-04T06:21:04,hd-02,2.7770
2026-01-04T06:21:11,web-04,4.9240
2026-01-04T06:21:57,web-01,2.4208
2026-01-04T06:22:43,hd-02,9.1171
2026-01-04T06:23:35,db-03,0.6804
2026-01-04T06:25:27,db-01,0.7457
2026-01-04T06:25:34,net-03,1.2347
2026-01-04T06:25:51,db-01,1.1735
2026-01-04T06:28:04,hd-02,1.3103
2026-01-04T06:28:14,web-01,0.9573
2026-01-04T06:28:49,cache-03,9.2030
2026-01-04T06:29:13,lb-01,1.4231
2026-01-04T06:29:14,net-02,1.4069
2026-01-04T06:29:19,lb-02,5.4068
2026-01-04T06:29:37,cache-02,4.4610
2026-01-04T06:29:44,web-01,0.6980
2026-01-04T06:30:40,web-01,3.1475
2026-01-04T06:30:54,web-01,1.3041
2026-01-04T06:31:01,lb-01,5.7448
2026-01-04T06:31:12,lb-02,1.8361
2026-01-04T06:31:29,web-02,1.0995
2026-01-04T06:31:30,lb-02,12.6408
2026-01-04T06:32:19,web-01,0.7879
2026-01-04T06:32:37,net-04,1.1894
2026-01-04T06:32:50,net-02,0.8510
2026-01-04T06:33:28,hd-02,0.0605
2026-01-04T06:33:35,web-03,1.8895
2026-01-04T06:34:16,net-02,2.3719
2026-01-04T06:34:35,db-01,1.7972
2026-01-04T06:35:03,db-02,0.4084
2026-01-04T06:35:42,cache-02,0.3527
2026-01-04T06:35:51,cache-03,1.3526
2026-01-04T06:36:13,db-02,1.5342
2026-01-04T06:36:26,lb-01,17.2965
2026-01-04T06:36:45,db-02,0.8579
2026-01-04T06:37:47,web-03,0.5811
2026-01-04T06:38:04,db-02,1.6098
2026-01-04T06:38:12,db-02,5.2585
2026-01-04T06:38:30,cache-01,7.3466
2026-01-04T06:39:13,lb-02,1.7479
2026-01-04T06:39:36,web-05,2.1733
2026-01-04T06:40:22,hd-01,0.4817
2026-01-04T06:40:25,hd-02,100.0000
2026-01-04T06:40:30,lb-02,1.5571
2026-01-04T06:41:00,lb-02,5.3998
2026-01-04T06:41:04,db-02,7.0277
2026-01-04T06:41:54,web-03,0.6061
2026-01-04T06:41:58,hd-02,0.2563
2026-01-04T06:42:22,web-04,0.4987
2026-01-04T06:42:33,hd-02,1.7553
2026-01-04T06:43:00,net-03,0.9384
2026-01-04T06:46:05,hd-02,1.7764
2026-01-04T06:47:14,cache-02,0.4989
2026-01-04T06:48:14,net-02,0.3323
2026-01-04T06:48:24,hd-01,0.2473
2026-01-04T06:48:25,net-02,6.4158
2026-01-04T06:48:36,web-05,2.2521
2026-01-04T06:48:47,web-04,0.8092
2026-01-04T06:48:47,web-02,0.9978
2026-01-04T06:49:13,lb-02,1.3610
2026-01-04T06:49:47,cache-01,4.0818
2026-01-04T06:49:54,web-05,0.1185
2026-01-04T06:50:09,net-04,5.2074
2026-01-04T06:51:22,net-01,5.5054
2026-01-04T06:51:34,web-03,2.1888
2026-01-04T06:52:17,lb-01,8.9904
2026-01-04T06:52:23,lb-01,5.0257
2026-01-04T06:52:47,web-04,0.1629
2026-01-04T06:52:58,web-05,12.9207
2026-01-04T06:53:24,web-05,4.5525
2026-01-04T06:53:51,db-03,3.5833
2026-01-04T06:54:08,hd-01,0.8858
2026-01-04T06:55:29,hd-02,4.9188
2026-01-04T06:56:46,hd-02,2.1651
2026-01-04T06:58:22,net-02,0.9244
2026-01-04T06:58:26,db-03,0.6463
2026-01-04T06:58:28,web-05,6.3449
2026-01-04T06:58:29,lb-02,0.3376
2026-01-04T06:58:40,net-03,0.7537
2026-01-04T06:58:56,net-02,0.1378
2026-01-04T06:59:31,hd-02,1.7962
2026-01-04T06:59:59,hd-01,6.4707
2026-01-04T07:00:01,net-01,2.8256
2026-01-04T07:00:41,db-02,5.3571
2026-01-04T07:01:24,cache-02,3.2016
2026-01-04T07:02:36,web-05,2.2835
2026-01-04T07:03:01,net-01,0.6273
2026-01-04T07:03:48,net-03,0.0260
2026-01-04T07:04:06,lb-02,6.6870
2026-01-04T07:04:36,hd-02,0.4075
2026-01-04T07:05:04,net-04,0.5027
2026-01-04T07:06:52,db-02,1.1458
2026-01-04T07:07:21,cache-02,3.4315
2026-01-04T07:07:43,lb-01,8.2254
2026-01-04T07:07:44,db-03,0.7352
2026-01-04T07:07:48,web-03,0.6019
2026-01-04T07:07:55,db-01,3.2014
2026-01-04T07:08:18,cache-03,0.3304
2026-01-04T07:08:58,db-03,16.5873
2026-01-04T07:09:10,lb-02,2.8618
2026-01-04T07:10:02,db-01,0.9109
2026-01-04T07:10:15,net-02,7.9904
2026-01-04T07:11:03,cache-02,2.5515
2026-01-04T07:11:32,lb-01,0.5459
2026-01-04T07:11:47,web-04,1.5443
2026-01-04T07:11:53,cache-03,1.0185
2026-01-04T07:11:59,lb-02,1.1654
2026-01-04T07:13:23,hd-01,0.8478
2026-01-04T07:13:43,cache-01,2.0462
2026-01-04T07:14:03,net-03,0.3470
2026-01-04T07:15:00,web-02,2.0534
2026-01-04T07:15:27,hd-02,0.1373
2026-01-04T07:16:08,hd-01,0.1772
2026-01-04T07:16:31,net-03,8.3548
2026-01-04T07:17:07,lb-01,1.6492
2026-01-04T07:17:28,hd-02,11.8347
2026-01-04T07:17:51,lb-01,3.5466
2026-01-04T07:18:22,db-02,1.4910
2026-01-04T07:18:39,net-02,3.2115
2026-01-04T07:18:56,net-01,19.4149
2026-01-04T07:19:13,db-03,2.1210
2026-01-04T07:19:42,db-01,0.2107
2026-01-04T07:21:40,lb-01,2.3859
2026-01-04T07:22:40,cache-03,0.2846
2026-01-04T07:22:55,web-02,2.1387
2026-01-04T07:23:33,net-02,1.7775
2026-01-04T07:23:47,net-03,3.6987
2026-01-04T07:23:57,net-04,9.9690
2026-01-04T07:24:35,web-04,0.8261
2026-01-04T07:25:15,net-04,0.7665
2026-01-04T07:25:15,lb-02,1.3763
2026-01-04T07:25:16,web-04,5.5342
2026-01-04T07:26:26,db-02,2.2496
2026-01-04T07:26:27,lb-01,0.5274
2026-01-04T07:27:02,web-02,4.0024
2026-01-04T07:28:03,lb-02,7.5225
2026-01-04T07:28:05,web-05,0.1369
2026-01-04T07:29:41,db-03,12.0685
2026-01-04T07:29:50,db-03,13.5061
2026-01-04T07:30:45,lb-01,0.4452
2026-01-04T07:31:03,net-04,2.5892
2026-01-04T07:31:05,db-01,0.6373
2026-01-04T07:32:26,cache-03,7.9655
2026-01-04T07:32:52,cache-03,3.4412
2026-01-04T07:33:03,hd-02,1.9706
2026-01-04T07:33:41,net-03,5.7703
2026-01-04T07:33:43,hd-02,5.8022
2026-01-04T07:33:54,hd-01,10.6974
2026-01-04T07:35:14,db-01,1.1198
2026-01-04T07:36:11,lb-01,43.2162
2026-01-04T07:36:49,cache-02,1.2238
2026-01-04T07:36:51,hd-02,0.1387
2026-01-04T07:37:46,db-02,1.4810
2026-01-04T07:38:38,web-03,0.4507
2026-01-04T07:38:48,cache-01,0.2609
2026-01-04T07:38:51,lb-01,2.9769
2026-01-04T07:40:46,lb-01,0.7052
2026-01-04T07:41:15,net-04,5.3462
2026-01-04T07:42:02,hd-01,2.5351
2026-01-04T07:42:08,lb-02,4.8991
2026-01-04T07:42:34,hd-01,0.1802
2026-01-04T07:43:40,db-03,1.6827
2026-01-04T07:43:46,lb-02,2.3948
2026-01-04T07:43:47,lb-02,0.8316
2026-01-04T07:44:50,hd-02,0.7689
2026-01-04T07:45:43,hd-01,6.0601
2026-01-04T07:46:24,db-02,0.5587
2026-01-04T07:46:37,cache-03,0.6140
2026-01-04T07:47:22,web-05,2.6459
2026-01-04T07:49:06,lb-02,1.0100
2026-01-04T07:50:37,db-03,4.7857
2026-01-04T07:51:00,web-02,0.7939
2026-01-04T07:53:15,hd-02,0.4133
2026-01-04T07:53:20,net-01,12.9511
2026-01-04T07:54:22,web-01,6.8206
2026-01-04T07:54:25,cache-02,9.1843
2026-01-04T07:55:20,net-04,1.2308
2026-01-04T07:57:46,cache-02,0.0167
2026-01-04T07:59:01,net-02,0.2025
2026-01-04T07:59:17,db-02,0.5572
2026-01-04T08:00:44,hd-01,1.3638
2026-01-04T08:01:09,web-01,8.4572
2026-01-04T08:02:27,db-02,0.7652
2026-01-04T08:04:18,web-02,0.3745
2026-01-04T08:04:24,lb-01,7.3381
2026-01-04T08:04:54,lb-01,1.0180
2026-01-04T08:05:41,cache-02,1.0338
2026-01-04T08:06:25,cache-02,3.6968
2026-01-04T08:07:48,lb-01,1.3325
2026-01-04T08:08:48,cache-01,5.9840
2026-01-04T08:09:35,db-01,4.8636
2026-01-04T08:09:53,net-03,0.3666
2026-01-04T08:10:13,hd-01,3.5030
2026-01-04T08:10:52,net-01,1.5852
2026-01-04T08:12:25,net-02,1.0252
2026-01-04T08:13:10,cache-02,2.0010
2026-01-04T08:13:39,lb-02,16.2110
2026-01-04T08:14:19,hd-02,1.9445
2026-01-04T08:14:21,db-03,4.1818
2026-01-04T08:15:19,hd-02,0.7026
2026-01-04T08:15:40,net-02,0.9503
2026-01-04T08:15:46,net-01,1.6902
2026-01-04T08:16:12,net-03,3.2004
2026-01-04T08:16:38,hd-02,9.9073
2026-01-04T08:16:49,db-02,5.6428
2026-01-04T08:17:25,cache-02,6.2538
2026-01-04T08:18:24,web-03,5.9011
2026-01-04T08:18:50,db-01,2.8809
2026-01-04T08:19:34,lb-02,5.0207
2026-01-04T08:19:38,lb-01,0.2425
2026-01-04T08:19:51,cache-01,0.1599
2026-01-04T08:19:57,web-01,1.1435
2026-01-04T08:19:59,hd-02,0.4407
2026-01-04T08:21:11,lb-01,0.9175
2026-01-04T08:21:13,web-01,3.2834
2026-01-04T08:22:01,lb-01,34.1364
2026-01-04T08:23:30,lb-02,0.3661
2026-01-04T08:23:36,lb-01,0.0168
2026-01-04T08:23:39,cache-03,8.1709
2026-01-04T08:23:50,net-04,57.1693
2026-01-04T08:24:11,cache-01,0.7025
2026-01-04T08:26:42,web-04,1.5755
2026-01-04T08:27:21,db-01,37.0662
2026-01-04T08:28:49,hd-02,9.6034
2026-01-04T08:29:09,web-04,1.7166
2026-01-04T08:31:54,cache-01,6.9366
2026-01-04T08:32:48,net-03,0.2301
2026-01-04T08:34:53,db-03,15.8192
2026-01-04T08:35:41,web-04,0.3206
2026-01-04T08:35:48,db-03,2.1335
2026-01-04T08:35:58,cache-02,0.6313
2026-01-04T08:38:52,lb-02,0.8196
2026-01-04T08:38:53,web-02,0.6318
2026-01-04T08:39:06,net-03,0.6770
2026-01-04T08:39:08,cache-03,11.1023
2026-01-04T08:40:43,web-01,1.2503
2026-01-04T08:40:55,db-01,4.8879
2026-01-04T08:42:33,net-02,0.0797
2026-01-04T08:43:22,lb-01,0.9777
2026-01-04T08:43:56,cache-02,1.3253
2026-01-04T08:44:56,net-02,8.4216
2026-01-04T08:45:05,cache-02,0.8082
2026-01-04T08:46:12,cache-02,2.0021
2026-01-04T08:47:07,hd-01,0.1349
2026-01-04T08:48:21,hd-01,0.7530
2026-01-04T08:48:54,hd-02,1.0250
2026-01-04T08:48:54,net-01,0.7566
2026-01-04T08:49:16,db-03,0.1943
2026-01-04T08:49:25,cache-01,5.0277
2026-01-04T08:49:25,hd-01,5.4750
2026-01-04T08:49:37,lb-01,0.7389
2026-01-04T08:50:09,cache-01,3.9032
2026-01-04T08:50:13,cache-03,0.3409
2026-01-04T08:50:20,lb-02,2.2658
2026-01-04T08:50:27,cache-03,14.7467
2026-01-04T08:51:04,cache-01,1.4528
2026-01-04T08:51:34,db-02,0.6821
2026-01-04T08:51:59,lb-01,0.6099
2026-01-04T08:52:14,net-02,6.2967
2026-01-04T08:52:26,cache-01,3.4698
2026-01-04T08:53:27,db-03,0.8716
2026-01-04T08:53:44,net-01,2.8489
2026-01-04T08:54:27,web-01,1.9075
2026-01-04T08:55:29,net-01,5.5794
2026-01-04T08:56:20,lb-01,4.5524
2026-01-04T08:56:42,net-03,0.1928
2026-01-04T08:57:10,web-02,0.5260
2026-01-04T08:57:19,hd-02,13.1871
2026-01-04T08:57:49,lb-02,4.0147
2026-01-04T08:57:56,lb-02,2.8884
2026-01-04T08:59:03,net-04,4.2814
2026-01-04T08:59:49,web-03,0.0555
2026-01-04T09:00:21,cache-02,0.7482
2026-01-04T09:00:45,db-03,3.1817
2026-01-04T09:01:00,net-03,3.2340
2026-01-04T09:01:47,cache-01,1.9614
2026-01-04T09:02:21,cache-01,0.8287
2026-01-04T09:02:48,db-03,7.3664
2026-01-04T09:03:00,cache-01,2.8757
2026-01-04T09:03:03,cache-02,0.6395
2026-01-04T09:03:17,lb-01,1.5709
2026-01-04T09:05:49,cache-01,0.4857
2026-01-04T09:06:04,cache-02,2.5848
2026-01-04T09:06:51,cache-02,0.4647
2026-01-04T09:08:00,hd-02,5.0850
2026-01-04T09:08:47,web-05,4.4476
2026-01-04T09:09:11,db-01,0.6828
2026-01-04T09:10:00,db-03,0.2873
2026-01-04T09:10:09,web-05,0.6672
2026-01-04T09:10:23,net-02,1.8155
2026-01-04T09:11:04,cache-03,0.4272
2026-01-04T09:11:17,web-01,0.4224
2026-01-04T09:11:31,db-02,10.2805
2026-01-04T09:11:38,cache-02,11.1706
2026-01-04T09:12:35,db-02,1.9194
2026-01-04T09:12:37,db-02,3.4211
2026-01-04T09:12:43,cache-03,1.2839
2026-01-04T09:12:49,cache-01,0.1033
2026-01-04T09:14:37,db-02,3.4665
2026-01-04T09:14:40,db-03,1.6738
2026-01-04T09:15:39,net-02,4.6683
2026-01-04T09:16:29,lb-01,1.5400
2026-01-04T09:16:51,cache-02,1.3406
2026-01-04T09:17:01,lb-02,3.1265
2026-01-04T09:17:24,web-03,2.7339
2026-01-04T09:18:13,hd-02,2.7477
2026-01-04T09:18:54,cache-01,1.0720
2026-01-04T09:19:39,net-04,0.0364
2026-01-04T09:20:32,db-02,0.5400
2026-01-04T09:20:38,web-03,9.1971
2026-01-04T09:21:00,web-02,0.6601
2026-01-04T09:21:05,hd-01,1.4343
2026-01-04T09:21:43,hd-01,1.0382
2026-01-04T09:22:00,hd-02,2.7089
2026-01-04T09:22:15,db-03,6.5586
2026-01-04T09:22:33,lb-01,0.4719
2026-01-04T09:22:38,db-03,1.2859
2026-01-04T09:22:54,db-03,2.2493
2026-01-04T09:23:05,hd-01,2.1949
2026-01-04T09:23:59,hd-02,0.1882
2026-01-04T09:24:25,cache-03,8.2602
2026-01-04T09:25:26,lb-01,12.2405
2026-01-04T09:25:43,net-04,0.3226
2026-01-04T09:26:57,lb-02,2.0768
2026-01-04T09:27:02,db-02,0.0114
2026-01-04T09:28:04,web-01,1.3910
2026-01-04T09:28:20,hd-01,12.8365
2026-01-04T09:28:34,hd-02,4.1785
2026-01-04T09:28:36,net-02,1.0418
2026-01-04T09:29:25,net-02,3.3160
2026-01-04T09:30:31,lb-01,0.3397
2026-01-04T09:31:11,net-01,1.2366
2026-01-04T09:31:33,lb-01,1.9151
2026-01-04T09:31:47,hd-01,4.5630
2026-01-04T09:32:15,web-04,5.3672
2026-01-04T09:32:27,web-01,2.1849
2026-01-04T09:33:56,lb-01,1.9551
2026-01-04T09:34:27,lb-02,1.2022
2026-01-04T09:34:47,web-04,38.6426
2026-01-04T09:34:52,net-02,0.2683
2026-01-04T09:34:59,cache-03,0.2971
2026-01-04T09:35:07,hd-02,2.6565
2026-01-04T09:35:30,net-02,0.2692
2026-01-04T09:36:37,lb-01,6.9773
2026-01-04T09:37:00,web-04,2.5646
2026-01-04T09:37:51,db-02,13.3171
2026-01-04T09:37:53,hd-02,9.2566
2026-01-04T09:38:03,db-02,0.8490
2026-01-04T09:38:06,web-03,1.8771
2026-01-04T09:38:31,lb-01,0.7576
2026-01-04T09:38:47,lb-01,0.7707
2026-01-04T09:38:59,hd-01,0.3631
2026-01-04T09:41:23,db-03,5.7880
2026-01-04T09:41:49,db-01,41.3538
2026-01-04T09:41:54,net-03,4.4810
2026-01-04T09:42:35,cache-02,0.7038
2026-01-04T09:43:04,net-02,1.0899
2026-01-04T09:44:01,net-04,2.5634
2026-01-04T09:44:10,lb-01,0.9506
2026-01-04T09:45:03,cache-03,2.7381
2026-01-04T09:45:10,lb-01,0.1035
2026-01-04T09:46:31,lb-02,0.0168
2026-01-04T09:47:25,web-05,5.9331
2026-01-04T09:47:27,cache-02,3.3317
2026-01-04T09:47:29,hd-02,1.2316
2026-01-04T09:47:31,db-01,3.2876
2026-01-04T09:48:03,web-04,0.4653
2026-01-04T09:49:24,net-01,0.6379
2026-01-04T09:49:40,net-04,1.4745
2026-01-04T09:52:15,web-05,0.0829
2026-01-04T09:53:27,net-03,3.9941
2026-01-04T09:53:32,lb-02,5.4966
2026-01-04T09:53:52,cache-02,4.2955
2026-01-04T09:54:12,db-03,7.5685
2026-01-04T09:54:38,net-03,0.1759
2026-01-04T09:55:01,web-01,3.2515
2026-01-04T09:55:05,net-03,1.2666
2026-01-04T09:56:08,db-02,1.9411
2026-01-04T09:56:13,cache-01,2.8649
2026-01-04T09:56:16,net-04,2.2586
2026-01-04T09:57:01,web-05,5.1457
2026-01-04T09:57:25,net-02,2.1196
2026-01-04T09:57:30,db-02,1.0761
2026-01-04T09:57:32,db-01,0.3974
2026-01-04T09:57:38,web-04,0.2450
2026-01-04T09:59:50,web-01,10.3957
2026-01-04T09:59:57,web-03,1.4327
2026-01-04T10:00:18,hd-01,2.2056
2026-01-04T10:00:20,net-03,0.1619
2026-01-04T10:00:27,lb-01,2.4708
2026-01-04T10:00:27,web-01,2.0288
2026-01-04T10:01:04,db-01,0.5490
2026-01-04T10:01:35,db-02,0.4039
2026-01-04T10:01:43,cache-03,4.2459
2026-01-04T10:01:56,cache-03,5.2075
2026-01-04T10:02:01,cache-03,4.6615
2026-01-04T10:02:10,net-02,4.4161
2026-01-04T10:02:14,lb-02,1.3439
2026-01-04T10:02:31,cache-01,0.7007
2026-01-04T10:02:35,web-03,4.7078
2026-01-04T10:02:52,db-03,1.0330
2026-01-04T10:03:42,db-02,10.9073
2026-01-04T10:06:12,net-01,1.0292
2026-01-04T10:07:07,net-02,2.1570
2026-01-04T10:07:28,net-03,1.5933
2026-01-04T10:07:52,web-05,2.1636
2026-01-04T10:08:01,db-01,0.1712
2026-01-04T10:08:02,cache-01,0.3748
2026-01-04T10:08:04,net-01,0.9195
2026-01-04T10:08:32,db-02,3.0346
2026-01-04T10:10:30,hd-01,2.6636
2026-01-04T10:10:56,cache-02,17.9446
2026-01-04T10:11:20,net-01,1.0546
2026-01-04T10:12:04,net-01,0.4206
2026-01-04T10:12:17,net-01,19.8357
2026-01-04T10:12:29,net-01,0.3964
2026-01-04T10:13:01,lb-01,4.5586
2026-01-04T10:13:42,hd-01,1.7686
2026-01-04T10:14:00,db-03,12.8715
2026-01-04T10:14:11,net-01,5.0709
2026-01-04T10:14:44,cache-02,1.0278
2026-01-04T10:14:53,db-02,0.4633
2026-01-04T10:15:33,lb-01,0.9494
2026-01-04T10:15:54,lb-02,7.7830
2026-01-04T10:16:38,web-05,3.4506
2026-01-04T10:16:46,lb-01,2.8690
2026-01-04T10:17:09,db-01,0.6693
2026-01-04T10:18:44,net-03,0.4137
2026-01-04T10:19:01,db-01,0.4711
2026-01-04T10:20:13,cache-03,1.6510
2026-01-04T10:20:45,web-02,2.0132
2026-01-04T10:21:18,net-01,6.9530
2026-01-04T10:21:25,db-01,3.3271
2026-01-04T10:23:12,net-04,12.9816
2026-01-04T10:23:18,cache-01,0.0473
2026-01-04T10:23:22,web-03,0.1495
2026-01-04T10:23:48,web-05,1.5401
2026-01-04T10:24:59,hd-01,0.1507
2026-01-04T10:25:25,cache-01,4.6235
2026-01-04T10:25:45,cache-03,2.4903
2026-01-04T10:25:45,cache-01,1.8356
2026-01-04T10:26:00,cache-01,3.8671
2026-01-04T10:26:36,cache-02,0.2745
2026-01-04T10:26:51,net-04,0.0383
2026-01-04T10:27:35,cache-03,1.2713
2026-01-04T10:27:49,web-02,2.1196
2026-01-04T10:28:36,lb-02,0.4455
2026-01-04T10:28:39,lb-02,0.8185
2026-01-04T10:28:56,db-02,2.2148
2026-01-04T10:29:58,net-01,0.0743
2026-01-04T10:30:21,hd-01,6.2101
2026-01-04T10:30:27,hd-01,5.4012
2026-01-04T10:30:56,lb-02,5.6015
2026-01-04T10:31:26,cache-03,9.6812
2026-01-04T10:32:03,lb-01,2.8184
2026-01-04T10:32:35,cache-01,17.6403
2026-01-04T10:33:00,hd-01,9.8002
2026-01-04T10:33:00,lb-02,5.1498
2026-01-04T10:33:32,net-04,1.0122
2026-01-04T10:34:08,web-04,20.6325
2026-01-04T10:34:10,cache-02,0.4887
2026-01-04T10:34:11,web-05,2.0136
2026-01-04T10:34:18,lb-02,2.5243
2026-01-04T10:34:27,lb-01,2.0517
2026-01-04T10:37:25,net-01,6.5348
2026-01-04T10:39:20,net-04,1.2385
2026-01-04T10:39:55,net-02,7.8134
2026-01-04T10:41:21,web-01,34.4524
2026-01-04T10:41:32,db-02,10.2741
2026-01-04T10:42:18,net-04,0.2745
2026-01-04T10:42:22,net-01,1.5593
2026-01-04T10:42:28,db-02,1.5507
2026-01-04T10:42:55,db-01,1.9505
2026-01-04T10:43:02,net-04,1.4057
2026-01-04T10:43:15,net-04,2.2936
2026-01-04T10:44:57,cache-01,4.0245
2026-01-04T10:45:02,web-02,25.5678
2026-01-04T10:45:06,cache-01,0.2740
2026-01-04T10:45:11,cache-02,5.0886
2026-01-04T10:45:15,db-01,2.4174
2026-01-04T10:46:04,hd-01,0.5915
2026-01-04T10:46:05,db-02,1.0602
2026-01-04T10:46:26,db-02,0.3024
2026-01-04T10:48:00,cache-01,0.6903
2026-01-04T10:48:11,cache-03,1.1711
2026-01-04T10:48:18,net-02,4.0208
2026-01-04T10:48:37,hd-02,2.0090
2026-01-04T10:49:30,lb-02,0.3870
2026-01-04T10:50:04,cache-02,9.2327
2026-01-04T10:50:25,db-02,0.5947
2026-01-04T10:50:33,lb-01,1.7144
2026-01-04T10:50:34,db-02,0.0576
2026-01-04T10:51:06,lb-02,2.7613
2026-01-04T10:51:40,web-04,0.5396
2026-01-04T10:51:45,cache-03,0.0732
2026-01-04T10:51:55,db-02,1.3009
2026-01-04T10:52:17,web-05,3.6950
2026-01-04T10:52:17,db-01,0.9585
2026-01-04T10:52:27,hd-02,0.9721
2026-01-04T10:52:39,db-01,3.4280
2026-01-04T10:52:58,web-03,3.0777
2026-01-04T10:55:22,cache-01,5.1336
2026-01-04T10:55:58,db-02,4.7423
2026-01-04T10:57:06,hd-01,0.6604
2026-01-04T10:57:42,hd-02,15.7361
2026-01-04T10:57:54,lb-01,8.1211
2026-01-04T10:58:10,web-01,4.3997
2026-01-04T10:58:16,lb-01,0.3885
2026-01-04T10:59:02,web-03,5.6708
2026-01-04T11:00:17,net-03,0.8045
2026-01-04T11:00:52,web-02,2.5145
2026-01-04T11:01:14,net-03,6.8155
2026-01-04T11:01:36,net-04,0.7604
2026-01-04T11:01:54,lb-01,6.7526
2026-01-04T11:02:01,hd-01,0.5437
2026-01-04T11:04:07,hd-01,0.7462
2026-01-04T11:07:51,hd-01,3.6098
2026-01-04T11:08:33,web-04,0.9145
2026-01-04T11:08:35,cache-03,1.1994
2026-01-04T11:08:56,cache-03,0.9543
2026-01-04T11:09:08,net-04,0.1118
2026-01-04T11:09:15,web-02,4.5596
2026-01-04T11:09:20,hd-02,1.9785
2026-01-04T11:10:08,net-03,0.5798
2026-01-04T11:11:39,net-04,2.0231
2026-01-04T11:11:45,web-04,20.5898
2026-01-04T11:12:07,hd-02,0.8140
2026-01-04T11:12:12,net-01,0.4222
2026-01-04T11:12:20,lb-02,0.0635
2026-01-04T11:13:12,db-02,3.6739
2026-01-04T11:13:17,net-03,2.8561
2026-01-04T11:13:57,lb-02,2.4450
2026-01-04T11:14:29,hd-01,2.7007
2026-01-04T11:14:31,lb-01,1.8116
2026-01-04T11:14:53,lb-01,6.6414
2026-01-04T11:15:42,db-02,0.9181
2026-01-04T11:16:11,lb-01,6.8121
2026-01-04T11:16:12,db-03,1.8453
2026-01-04T11:16:13,lb-01,10.2378
2026-01-04T11:17:27,hd-01,0.9192
2026-01-04T11:17:44,cache-01,1.0954
2026-01-04T11:19:41,net-04,1.8043
2026-01-04T11:19:42,web-05,6.6020
2026-01-04T11:21:41,lb-02,1.4367
2026-01-04T11:21:44,net-02,2.4186
2026-01-04T11:22:03,db-01,0.6942
2026-01-04T11:22:11,net-01,3.5314
2026-01-04T11:23:09,hd-02,8.1393
2026-01-04T11:23:09,hd-02,1.6241
2026-01-04T11:23:50,db-02,21.4838
2026-01-04T11:23:58,cache-02,9.6223
2026-01-04T11:24:03,web-04,5.6097
2026-01-04T11:24:22,cache-03,0.3172
2026-01-04T11:24:28,web-05,3.7904
2026-01-04T11:24:42,web-02,0.4096
2026-01-04T11:25:23,lb-01,7.7544
2026-01-04T11:25:28,web-03,7.1999
2026-01-04T11:26:18,db-01,2.2781
2026-01-04T11:26:54,hd-01,7.1461
2026-01-04T11:27:22,db-03,1.1103
2026-01-04T11:28:28,web-05,3.1850
2026-01-04T11:29:04,cache-01,0.5728
2026-01-04T11:29:07,hd-01,1.9165
2026-01-04T11:29:13,cache-03,0.3025
2026-01-04T11:29:31,net-04,2.5015
2026-01-04T11:29:41,lb-01,5.3172
2026-01-04T11:30:17,net-04,3.8951
2026-01-04T11:30:25,web-01,2.9816
2026-01-04T11:30:43,net-04,0.9159
2026-01-04T11:30:53,lb-01,0.2898
2026-01-04T11:31:12,lb-02,0.2098
2026-01-04T11:31:14,db-01,2.4058
2026-01-04T11:31:23,hd-01,0.3556
2026-01-04T11:32:05,cache-03,5.0203
2026-01-04T11:32:16,web-02,0.5149
2026-01-04T11:32:18,web-03,3.9195
2026-01-04T11:32:19,db-01,0.5154
2026-01-04T11:32:37,web-05,4.6791
2026-01-04T11:33:06,cache-03,2.6158
2026-01-04T11:33:38,hd-01,0.5060
2026-01-04T11:33:42,cache-01,5.5206
2026-01-04T11:34:02,net-02,6.8922
2026-01-04T11:34:17,hd-01,5.0776
2026-01-04T11:35:05,db-03,0.1123
2026-01-04T11:35:14,lb-01,4.7173
2026-01-04T11:35:26,lb-02,0.0087
2026-01-04T11:35:32,net-04,0.0176
2026-01-04T11:36:02,lb-01,9.8647
2026-01-04T11:36:13,lb-02,2.4442
2026-01-04T11:37:14,hd-01,5.6437
2026-01-04T11:37:42,hd-01,0.0215
2026-01-04T11:37:44,db-01,3.2074
2026-01-04T11:37:55,web-01,1.3116
2026-01-04T11:38:12,cache-03,2.4992
2026-01-04T11:38:24,web-02,1.2928
2026-01-04T11:38:43,lb-01,0.1390
2026-01-04T11:38:58,db-02,8.9002
2026-01-04T11:39:05,net-04,0.2103
2026-01-04T11:39:06,db-01,4.2264
2026-01-04T11:39:13,lb-02,7.5560
2026-01-04T11:40:51,hd-01,0.2738
2026-01-04T11:41:31,hd-01,0.7835
2026-01-04T11:41:45,web-04,0.1322
2026-01-04T11:42:38,net-02,0.9131
2026-01-04T11:43:25,net-01,2.5726
2026-01-04T11:43:35,db-03,2.7323
2026-01-04T11:43:38,lb-02,0.8735
2026-01-04T11:45:00,net-03,7.9012
2026-01-04T11:45:28,db-03,0.9445
2026-01-04T11:46:10,db-01,6.0065
2026-01-04T11:47:25,cache-01,3.9941
2026-01-04T11:48:44,net-01,5.8037
2026-01-04T11:48:47,web-01,2.5153
2026-01-04T11:50:09,db-02,2.0529
2026-01-04T11:50:15,net-03,5.7174
2026-01-04T11:50:20,lb-02,2.0846
2026-01-04T11:50:32,web-05,8.3929
2026-01-04T11:50:49,net-03,0.1908
2026-01-04T11:51:02,net-01,1.3501
2026-01-04T11:51:06,hd-01,0.0933
2026-01-04T11:51:12,hd-02,13.1767
2026-01-04T11:52:14,db-01,1.1306
2026-01-04T11:52:50,lb-02,0.3659
2026-01-04T11:53:04,db-01,1.4970
2026-01-04T11:53:06,net-03,1.9180
2026-01-04T11:53:53,cache-01,0.6083
2026-01-04T11:53:59,db-01,11.1573
2026-01-04T11:54:06,db-03,19.5393
2026-01-04T11:54:16,web-05,4.0866
2026-01-04T11:55:41,hd-02,2.3988
2026-01-04T11:55:44,lb-01,0.6983
2026-01-04T11:56:29,cache-02,0.5801
2026-01-04T11:56:43,hd-02,2.9390
2026-01-04T11:57:00,cache-02,1.6794
2026-01-04T11:57:11,net-02,3.5762
2026-01-04T11:58:11,net-04,0.2697
2026-01-04T11:58:21,lb-02,0.9916
2026-01-04T11:58:44,web-05,1.9486
2026-01-04T11:58:59,lb-01,3.5512
2026-01-04T11:59:09,hd-02,3.5335
2026-01-04T11:59:48,lb-01,0.4272
2026-01-04T11:59:58,hd-01,0.1267
2026-01-04T12:01:38,net-01,0.1050
2026-01-04T12:01:45,web-03,0.3685
2026-01-04T12:01:55,lb-02,2.1007
2026-01-04T12:02:48,db-01,0.5302
2026-01-04T12:03:25,net-04,26.9505
2026-01-04T12:03:40,cache-03,0.2418
2026-01-04T12:03:57,db-02,0.5765
2026-01-04T12:04:16,web-03,0.1979
2026-01-04T12:04:38,hd-01,9.8815
2026-01-04T12:04:56,web-01,0.3296
2026-01-04T12:06:23,lb-01,1.4629
2026-01-04T12:06:24,hd-01,3.0212
2026-01-04T12:06:36,net-01,5.2983
2026-01-04T12:06:58,web-02,1.9290
2026-01-04T12:07:06,db-01,1.8501
2026-01-04T12:08:51,cache-03,13.7688
2026-01-04T12:09:02,db-03,0.2649
2026-01-04T12:09:31,web-01,3.1213
2026-01-04T12:10:33,db-03,4.8385
2026-01-04T12:10:55,lb-02,23.0686
2026-01-04T12:10:55,db-02,0.8604
2026-01-04T12:10:57,cache-02,3.0236
2026-01-04T12:11:31,cache-01,0.2623
2026-01-04T12:11:34,lb-01,0.5483
2026-01-04T12:12:36,lb-02,0.5007
2026-01-04T12:12:44,lb-01,5.1003
2026-01-04T12:12:45,db-03,7.5987
2026-01-04T12:13:07,lb-01,1.3347
2026-01-04T12:13:25,web-04,63.6477
2026-01-04T12:13:53,cache-02,37.4690
2026-01-04T12:13:54,web-03,1.5248
2026-01-04T12:13:59,db-02,11.2077
2026-01-04T12:15:17,db-02,0.7790
2026-01-04T12:16:35,web-04,5.0016
2026-01-04T12:16:43,db-01,8.9891
2026-01-04T12:17:11,cache-03,1.5212
2026-01-04T12:17:37,web-04,7.1522
2026-01-04T12:17:42,cache-03,1.8545
2026-01-04T12:18:13,cache-02,0.6756
2026-01-04T12:18:30,hd-01,0.1458
2026-01-04T12:18:42,db-03,2.2170
2026-01-04T12:19:01,lb-02,1.9321
2026-01-04T12:19:09,net-02,3.6432
2026-01-04T12:19:34,cache-03,2.8460
2026-01-04T12:20:55,db-02,0.9547
2026-01-04T12:23:07,cache-02,0.0589
2026-01-04T12:23:23,db-01,4.1525
2026-01-04T12:23:23,db-01,20.4705
2026-01-04T12:23:33,hd-01,1.0196
2026-01-04T12:23:36,cache-03,9.2674
2026-01-04T12:23:53,hd-01,0.1034
2026-01-04T12:23:59,cache-01,7.2333
2026-01-04T12:24:07,cache-02,1.2045
2026-01-04T12:24:31,db-01,1.2582
2026-01-04T12:24:45,hd-02,5.5952
2026-01-04T12:25:34,lb-02,0.8966
2026-01-04T12:25:48,db-03,1.2945
2026-01-04T12:27:39,db-03,10.9091
2026-01-04T12:29:25,lb-02,3.7031
2026-01-04T12:29:53,hd-01,8.5174
2026-01-04T12:29:56,net-03,1.0084
2026-01-04T12:30:48,web-04,3.5511
2026-01-04T12:30:54,hd-01,4.7095
2026-01-04T12:31:23,hd-01,2.3037
2026-01-04T12:31:32,web-01,0.4775
2026-01-04T12:32:58,hd-01,10.7781
2026-01-04T12:33:12,net-03,1.1566
2026-01-04T12:34:07,cache-01,1.0499
2026-01-04T12:34:36,web-03,4.7075
2026-01-04T12:36:33,cache-02,7.5088
2026-01-04T12:38:32,lb-01,1.5655
2026-01-04T12:38:59,db-01,2.4200
2026-01-04T12:39:42,hd-01,16.9137
2026-01-04T12:40:22,web-03,1.4291
2026-01-04T12:40:30,cache-01,5.7203
2026-01-04T12:41:29,db-01,0.7885
2026-01-04T12:41:30,lb-01,9.4521
2026-01-04T12:41:37,net-03,7.0108
2026-01-04T12:41:51,web-03,2.1513
2026-01-04T12:42:53,db-03,1.3362
2026-01-04T12:42:53,lb-02,0.3499
2026-01-04T12:42:58,db-02,1.4757
2026-01-04T12:43:51,cache-02,8.8513
2026-01-04T12:44:00,hd-02,5.1510
2026-01-04T12:45:37,hd-01,1.5325
2026-01-04T12:46:34,db-01,0.4001
2026-01-04T12:46:35,net-01,3.5120
2026-01-04T12:46:38,cache-01,2.4475
2026-01-04T12:46:40,web-04,8.5475
2026-01-04T12:47:08,web-01,4.0519
2026-01-04T12:49:03,net-01,3.0498
2026-01-04T12:49:20,net-02,0.1576
2026-01-04T12:50:04,db-01,0.1338
2026-01-04T12:51:02,cache-02,3.5792
2026-01-04T12:52:08,web-03,0.9517
2026-01-04T12:52:16,db-01,2.8699
2026-01-04T12:52:47,cache-01,0.2527
2026-01-04T12:52:48,net-03,0.9837
2026-01-04T12:53:36,web-01,3.6474
2026-01-04T12:53:54,lb-01,8.9459
2026-01-04T12:54:13,web-02,1.6083
2026-01-04T12:54:13,web-01,0.1621
2026-01-04T12:54:37,cache-02,3.7990
2026-01-04T12:54:49,hd-02,6.9108
2026-01-04T12:54:55,lb-02,0.2896
2026-01-04T12:55:29,cache-02,0.5471
2026-01-04T12:55:43,db-02,2.3536
2026-01-04T12:56:59,net-03,5.3470
2026-01-04T12:58:13,db-02,1.6887
2026-01-04T12:58:59,hd-01,0.7423
2026-01-04T12:59:05,hd-01,48.5495
2026-01-04T12:59:13,hd-02,1.1048
2026-01-04T12:59:20,net-04,4.3766
2026-01-04T12:59:38,lb-02,0.0605
2026-01-04T13:00:17,cache-01,2.1402
2026-01-04T13:00:26,web-02,1.8353
2026-01-04T13:00:42,db-02,3.5116
2026-01-04T13:05:02,net-04,4.8020
2026-01-04T13:06:17,web-02,0.4336
2026-01-04T13:06:54,net-01,0.0092
2026-01-04T13:07:00,db-03,3.8513
2026-01-04T13:07:08,cache-03,51.7714
2026-01-04T13:07:16,net-03,0.7880
2026-01-04T13:07:36,web-01,50.4087
2026-01-04T13:07:59,net-03,0.3150
2026-01-04T13:08:09,lb-02,1.2907
2026-01-04T13:08:23,web-02,1.1346
2026-01-04T13:08:24,lb-01,0.0226
2026-01-04T13:08:29,lb-02,1.3654
2026-01-04T13:09:08,net-02,8.8312
2026-01-04T13:10:01,hd-02,5.9204
2026-01-04T13:10:19,cache-02,1.4277
2026-01-04T13:10:20,cache-03,0.2068
2026-01-04T13:11:14,cache-01,13.1168
2026-01-04T13:11:31,hd-01,0.1364
2026-01-04T13:11:54,hd-02,3.0601
2026-01-04T13:12:06,net-03,14.3257
2026-01-04T13:12:22,web-03,22.3896
2026-01-04T13:12:53,net-03,0.8302
2026-01-04T13:13:04,web-05,1.0621
2026-01-04T13:13:08,web-02,0.2171
2026-01-04T13:13:47,hd-01,0.5451
2026-01-04T13:14:02,web-02,0.8064
2026-01-04T13:14:02,cache-02,1.5961
2026-01-04T13:14:12,lb-01,9.4610
2026-01-04T13:14:31,web-05,0.9243
2026-01-04T13:15:04,lb-02,0.3514
2026-01-04T13:15:35,cache-03,0.2894
2026-01-04T13:16:15,web-04,4.8023
2026-01-04T13:16:19,hd-02,0.0915
2026-01-04T13:16:38,hd-02,0.5412
2026-01-04T13:16:38,web-05,3.5126
2026-01-04T13:16:45,net-03,1.7034
2026-01-04T13:17:00,web-01,7.5610
2026-01-04T13:17:15,lb-01,15.9751
2026-01-04T13:17:23,cache-01,0.8853
2026-01-04T13:17:30,cache-01,2.4783
2026-01-04T13:18:01,hd-01,24.7506
2026-01-04T13:18:23,web-01,8.1054
2026-01-04T13:18:56,hd-01,4.6326
2026-01-04T13:19:09,web-02,4.1676
2026-01-04T13:19:28,cache-02,1.0105
2026-01-04T13:19:38,db-03,10.1974
2026-01-04T13:19:38,db-03,4.2625
2026-01-04T13:20:07,net-02,1.8970
2026-01-04T13:20:40,db-02,5.8328
2026-01-04T13:21:22,net-01,1.0308
2026-01-04T13:21:22,hd-02,0.1117
2026-01-04T13:21:31,db-03,13.9859
2026-01-04T13:22:15,web-04,10.2858
2026-01-04T13:22:36,cache-02,3.8437
2026-01-04T13:26:14,db-02,65.1515
2026-01-04T13:26:33,cache-03,1.1404
2026-01-04T13:26:49,lb-02,0.0321
2026-01-04T13:27:12,lb-01,0.2885
2026-01-04T13:27:30,db-02,0.4984
2026-01-04T13:27:44,db-02,0.8858
2026-01-04T13:29:06,net-04,0.9676
2026-01-04T13:29:50,db-01,1.0026
2026-01-04T13:31:26,lb-02,1.2335
2026-01-04T13:32:10,cache-02,0.2588
2026-01-04T13:32:14,db-01,0.0920
2026-01-04T13:32:17,web-05,3.3509
2026-01-04T13:32:54,lb-02,5.5845
2026-01-04T13:33:10,hd-01,1.6315
2026-01-04T13:33:22,hd-02,2.8933
2026-01-04T13:33:55,web-02,9.0715
2026-01-04T13:34:01,net-01,0.2226
2026-01-04T13:34:22,lb-01,2.7271
2026-01-04T13:34:26,hd-01,0.8467
2026-01-04T13:34:31,cache-01,1.5809
2026-01-04T13:36:14,hd-02,4.8427
2026-01-04T13:37:26,hd-02,0.4974
2026-01-04T13:37:45,lb-01,15.0788
2026-01-04T13:38:07,db-03,4.8095
2026-01-04T13:38:08,net-03,0.5915
2026-01-04T13:38:45,web-02,1.2616
2026-01-04T13:38:55,hd-02,8.2139
2026-01-04T13:39:41,net-02,1.1373
2026-01-04T13:40:10,hd-02,0.6698
2026-01-04T13:41:03,cache-01,0.0977
2026-01-04T13:41:20,lb-02,2.6287
2026-01-04T13:42:11,web-04,5.0953
2026-01-04T13:42:46,cache-02,13.1831
2026-01-04T13:43:02,web-02,1.7675
2026-01-04T13:43:46,db-03,2.1967
2026-01-04T13:43:46,db-03,0.2685
2026-01-04T13:43:49,lb-01,3.6539
2026-01-04T13:43:50,hd-02,0.8798
2026-01-04T13:44:21,db-02,0.4083
2026-01-04T13:44:26,web-03,7.1079
2026-01-04T13:44:29,cache-02,0.7186
2026-01-04T13:45:58,hd-01,6.0628
2026-01-04T13:47:19,web-03,0.3604
2026-01-04T13:47:49,net-02,0.2366
2026-01-04T13:48:13,hd-01,10.3342
2026-01-04T13:48:30,hd-01,0.5374
2026-01-04T13:48:46,db-02,0.4455
2026-01-04T13:48:59,hd-02,0.6222
2026-01-04T13:49:20,lb-02,10.3598
2026-01-04T13:49:29,cache-02,1.0666
2026-01-04T13:50:12,db-01,2.6065
2026-01-04T13:50:16,cache-01,2.2542
2026-01-04T13:50:39,lb-01,0.0047
2026-01-04T13:52:38,cache-01,3.4555
2026-01-04T13:53:03,web-03,9.1500
2026-01-04T13:53:43,cache-01,2.6756
2026-01-04T13:53:44,db-03,2.3318
2026-01-04T13:54:09,web-04,1.1546
2026-01-04T13:55:16,db-02,0.1156
2026-01-04T13:56:05,net-04,0.3437
2026-01-04T13:56:15,cache-02,8.6785
2026-01-04T13:56:18,lb-01,0.5265
2026-01-04T13:57:02,net-01,0.5191
2026-01-04T13:57:47,hd-01,7.9543
2026-01-04T13:58:19,db-02,3.5735
2026-01-04T13:58:40,cache-02,6.9520
2026-01-04T13:58:43,hd-02,3.7450
2026-01-04T13:58:50,hd-02,0.3146
2026-01-04T13:59:34,hd-02,5.2449
2026-01-04T14:00:04,db-02,8.0361
2026-01-04T14:01:29,web-03,5.8670
2026-01-04T14:01:45,web-04,3.6922
2026-01-04T14:02:22,net-03,0.5338
2026-01-04T14:02:29,hd-02,1.9587
2026-01-04T14:04:32,lb-02,1.8109
2026-01-04T14:05:09,web-03,3.4718
2026-01-04T14:05:10,web-02,2.8502
2026-01-04T14:06:03,lb-02,1.3813
2026-01-04T14:07:33,net-03,1.2089
2026-01-04T14:08:09,web-01,1.0893
2026-01-04T14:10:01,lb-02,2.0133
2026-01-04T14:11:15,web-02,6.2113
2026-01-04T14:12:18,hd-01,5.6877
2026-01-04T14:13:41,web-05,14.9313
2026-01-04T14:14:22,cache-02,1.4475
2026-01-04T14:15:32,net-03,2.4231
2026-01-04T14:16:06,db-03,1.4193
2026-01-04T14:16:23,hd-02,2.5437
2026-01-04T14:16:50,hd-02,0.0587
2026-01-04T14:18:21,web-01,2.2662
2026-01-04T14:19:37,cache-02,1.3230
2026-01-04T14:20:17,lb-01,0.9407
2026-01-04T14:20:38,lb-01,0.8778
2026-01-04T14:21:12,cache-03,0.0114
2026-01-04T14:21:52,lb-01,3.8106
2026-01-04T14:22:05,db-03,14.9341
2026-01-04T14:22:30,db-01,0.6774
2026-01-04T14:23:16,lb-02,14.8570
2026-01-04T14:23:22,hd-01,0.2774
2026-01-04T14:24:32,db-02,3.1943
2026-01-04T14:24:37,hd-02,3.1569
2026-01-04T14:24:47,net-02,0.3265
2026-01-04T14:26:54,db-03,0.7259
2026-01-04T14:26:54,hd-01,2.9631
2026-01-04T14:27:16,lb-01,2.5483
2026-01-04T14:29:23,hd-01,0.8804
2026-01-04T14:29:44,hd-02,5.4305
2026-01-04T14:29:53,cache-03,0.6002
2026-01-04T14:30:34,lb-01,4.9603
2026-01-04T14:30:42,hd-02,0.1423
2026-01-04T14:32:49,hd-02,11.3093
2026-01-04T14:33:04,db-03,2.6655
2026-01-04T14:33:25,lb-01,4.1308
2026-01-04T14:34:39,cache-03,3.1686
2026-01-04T14:35:38,hd-01,4.8057
2026-01-04T14:36:13,lb-01,1.0725
2026-01-04T14:36:37,web-02,2.3877
2026-01-04T14:36:42,hd-01,5.7654
2026-01-04T14:36:44,net-04,3.9116
2026-01-04T14:37:12,db-01,8.0408
2026-01-04T14:37:33,net-04,3.2236
2026-01-04T14:38:55,lb-02,0.6574
2026-01-04T14:39:14,hd-01,0.1041
2026-01-04T14:39:18,db-02,3.9688
2026-01-04T14:39:39,net-03,0.6910
2026-01-04T14:39:40,db-02,0.6887
2026-01-04T14:40:59,web-03,0.2309
2026-01-04T14:42:30,hd-01,1.2021
2026-01-04T14:43:19,hd-01,2.7555
2026-01-04T14:45:24,web-04,3.7598
2026-01-04T14:46:06,cache-01,2.5728
2026-01-04T14:46:48,cache-02,2.2997
2026-01-04T14:47:18,web-04,7.2956
2026-01-04T14:47:41,net-04,0.2283
2026-01-04T14:48:14,lb-02,0.6835
2026-01-04T14:48:19,hd-02,0.5719
2026-01-04T14:48:45,db-01,0.4469
2026-01-04T14:48:50,hd-02,1.4804
2026-01-04T14:48:54,hd-01,3.0532
2026-01-04T14:49:49,web-05,0.2551
2026-01-04T14:49:54,cache-01,1.7078
2026-01-04T14:50:09,lb-02,0.0973
2026-01-04T14:50:21,cache-01,7.5759
2026-01-04T14:50:45,web-02,5.6457
2026-01-04T14:50:52,net-03,0.7897
2026-01-04T14:51:01,net-04,3.4906
2026-01-04T14:51:22,db-01,0.1621
2026-01-04T14:51:38,web-05,13.4948
2026-01-04T14:51:39,db-01,0.9057
2026-01-04T14:52:18,db-03,1.1859
2026-01-04T14:52:50,db-03,0.4255
2026-01-04T14:53:08,web-01,2.6748
2026-01-04T14:53:42,lb-02,1.0980
2026-01-04T14:54:21,hd-02,0.9537
2026-01-04T14:54:44,net-04,2.1189
2026-01-04T14:54:55,lb-01,2.0882
2026-01-04T14:54:58,db-02,2.1414
2026-01-04T14:55:50,db-02,1.1670
2026-01-04T14:56:02,cache-02,4.0593
2026-01-04T14:56:43,web-04,0.9995
2026-01-04T14:56:56,cache-01,1.9472
2026-01-04T14:57:19,db-03,15.2044
2026-01-04T14:57:23,cache-01,1.6381
2026-01-04T14:57:42,hd-02,0.0512
2026-01-04T14:57:46,db-02,21.1751
2026-01-04T14:57:50,lb-02,0.3780
2026-01-04T14:58:09,hd-02,3.5913
2026-01-04T14:58:10,db-03,0.4094
2026-01-04T14:58:37,db-03,0.4412
2026-01-04T14:58:51,cache-01,1.6525
2026-01-04T14:59:23,web-05,0.2389
2026-01-04T14:59:32,hd-01,2.9841
2026-01-04T14:59:48,cache-03,7.1075
2026-01-04T15:00:04,net-01,2.7428
2026-01-04T15:00:26,net-02,2.9516
2026-01-04T15:01:44,net-04,2.8830
2026-01-04T15:02:03,lb-01,4.4109
2026-01-04T15:02:46,web-03,0.3239
2026-01-04T15:02:47,cache-01,3.9581
2026-01-04T15:02:51,web-02,1.8284
2026-01-04T15:03:04,lb-02,3.6933
2026-01-04T15:03:11,lb-01,0.7461
2026-01-04T15:04:16,lb-01,0.0456
2026-01-04T15:04:56,cache-01,1.6615
2026-01-04T15:05:38,db-02,8.0861
2026-01-04T15:06:25,db-02,1.2127
2026-01-04T15:06:32,cache-02,3.6001
2026-01-04T15:07:02,web-01,0.9039
2026-01-04T15:07:27,cache-02,0.7307
2026-01-04T15:07:39,lb-02,0.4042
2026-01-04T15:07:47,lb-01,7.7356
2026-01-04T15:09:13,web-05,10.6080
2026-01-04T15:09:20,web-04,2.0810
2026-01-04T15:09:32,cache-02,2.1303
2026-01-04T15:09:35,net-01,1.9375
2026-01-04T15:10:02,db-03,0.3833
2026-01-04T15:10:13,lb-01,4.5867
2026-01-04T15:10:35,net-01,2.7926
2026-01-04T15:10:37,lb-01,1.9693
2026-01-04T15:11:02,web-02,9.7524
2026-01-04T15:11:21,net-03,1.9059
2026-01-04T15:11:27,db-01,0.5519
2026-01-04T15:12:55,db-02,0.9371
2026-01-04T15:13:58,web-02,0.1205
2026-01-04T15:14:07,lb-01,3.0977
2026-01-04T15:14:09,net-01,4.0995
2026-01-04T15:15:02,web-02,8.9031
2026-01-04T15:15:59,cache-03,0.9548
2026-01-04T15:16:36,cache-03,0.1135
2026-01-04T15:16:41,web-01,1.9358
2026-01-04T15:16:49,lb-02,2.9210
2026-01-04T15:18:08,cache-02,1.0949
2026-01-04T15:18:28,net-04,2.6188
2026-01-04T15:18:45,web-03,0.5640
2026-01-04T15:18:51,cache-03,3.2412
2026-01-04T15:19:43,db-03,7.4099
2026-01-04T15:20:09,lb-01,0.5833
2026-01-04T15:20:19,lb-02,4.5447
2026-01-04T15:20:21,net-04,2.6804
2026-01-04T15:20:32,net-03,2.4147
2026-01-04T15:21:05,hd-02,5.2498
2026-01-04T15:21:45,hd-01,14.3793
2026-01-04T15:23:00,lb-02,0.5328
2026-01-04T15:23:32,net-03,3.9117
2026-01-04T15:23:46,lb-02,29.7475
2026-01-04T15:23:59,net-01,0.4655
2026-01-04T15:24:03,db-01,23.6874
2026-01-04T15:24:16,net-01,1.4901
2026-01-04T15:24:38,web-05,1.0645
2026-01-04T15:25:13,lb-01,1.5482
2026-01-04T15:27:52,hd-02,4.6909
2026-01-04T15:28:08,web-05,2.0064
2026-01-04T15:28:42,cache-03,1.0551
2026-01-04T15:29:52,net-04,9.0351
2026-01-04T15:29:54,web-04,0.7354
2026-01-04T15:30:31,lb-01,6.3033
2026-01-04T15:30:39,cache-03,4.6557
2026-01-04T15:30:42,net-04,0.4190
2026-01-04T15:31:10,db-03,2.4134
2026-01-04T15:31:14,lb-02,0.4879
2026-01-04T15:31:23,hd-01,0.1177
2026-01-04T15:31:34,hd-01,1.5501
2026-01-04T15:31:52,hd-02,3.0174
2026-01-04T15:32:21,cache-02,1.6827
2026-01-04T15:32:37,net-02,2.0916
2026-01-04T15:32:48,net-02,0.0426
2026-01-04T15:33:59,db-03,1.4480
2026-01-04T15:34:50,hd-02,1.1183
2026-01-04T15:34:54,lb-02,4.4415
2026-01-04T15:34:56,hd-02,0.9191
2026-01-04T15:36:03,db-02,78.1917
2026-01-04T15:36:04,net-03,1.9071
2026-01-04T15:36:28,web-03,15.2204
2026-01-04T15:37:09,lb-02,0.6327
2026-01-04T15:37:33,web-04,9.7939
2026-01-04T15:37:36,cache-02,4.6161
2026-01-04T15:37:50,net-03,4.0630
2026-01-04T15:38:40,cache-01,1.0010
2026-01-04T15:38:42,hd-02,4.4558
2026-01-04T15:39:03,web-04,1.8656
2026-01-04T15:39:09,lb-02,1.2530
2026-01-04T15:39:34,net-04,0.3863
2026-01-04T15:40:17,cache-01,0.4875
2026-01-04T15:41:00,cache-01,1.0003
2026-01-04T15:41:09,hd-01,5.4506
2026-01-04T15:41:16,hd-02,4.3353
2026-01-04T15:41:52,hd-02,3.7025
2026-01-04T15:42:27,web-04,0.4332
2026-01-04T15:42:44,web-04,1.7781
2026-01-04T15:43:38,web-03,0.3969
2026-01-04T15:44:58,web-01,0.3485
2026-01-04T15:45:12,cache-01,1.8014
2026-01-04T15:45:28,db-01,0.4306
2026-01-04T15:45:37,cache-01,5.9963
2026-01-04T15:46:02,lb-02,0.2162
2026-01-04T15:46:49,web-02,20.0375
2026-01-04T15:47:00,lb-02,2.7738
2026-01-04T15:47:03,lb-02,1.3785
2026-01-04T15:47:56,hd-02,1.2679
2026-01-04T15:47:56,web-01,2.3466
2026-01-04T15:48:37,hd-01,2.1557
2026-01-04T15:49:02,net-02,3.2292
2026-01-04T15:49:12,cache-02,1.2313
2026-01-04T15:49:38,web-03,1.4882
2026-01-04T15:50:23,web-01,8.4887
2026-01-04T15:50:28,lb-01,4.0951
2026-01-04T15:50:36,web-04,2.1209
2026-01-04T15:50:42,web-05,3.3544
2026-01-04T15:50:43,cache-02,2.2157
2026-01-04T15:51:39,hd-01,9.5720
2026-01-04T15:52:18,lb-02,0.7420
2026-01-04T15:53:08,net-04,0.3386
2026-01-04T15:53:11,db-01,4.6288
2026-01-04T15:53:59,hd-01,0.8027
2026-01-04T15:54:06,lb-01,0.5880
2026-01-04T15:54:57,lb-02,0.6841
2026-01-04T15:55:09,cache-01,3.2559
2026-01-04T15:55:49,net-04,4.8523
2026-01-04T15:56:47,hd-01,12.2452
2026-01-04T15:58:06,net-03,6.7002
2026-01-04T16:00:16,net-04,1.5851
2026-01-04T16:00:21,web-01,1.5196
2026-01-04T16:00:38,net-03,0.0746
2026-01-04T16:00:53,hd-02,0.9239
2026-01-04T16:03:05,hd-01,1.1711
2026-01-04T16:03:17,cache-03,2.8503
2026-01-04T16:03:27,lb-01,17.6722
2026-01-04T16:03:39,lb-02,4.6724
2026-01-04T16:04:01,web-02,1.6586
2026-01-04T16:04:39,cache-03,0.3371
2026-01-04T16:04:59,net-04,1.7286
2026-01-04T16:05:08,hd-01,3.3596
2026-01-04T16:05:36,web-05,3.8290
2026-01-04T16:05:38,net-01,0.4487
2026-01-04T16:05:40,web-01,37.9308
2026-01-04T16:05:46,db-01,5.1567
2026-01-04T16:06:46,db-02,11.1804
2026-01-04T16:07:02,db-02,0.0276
2026-01-04T16:07:38,lb-02,2.3893
2026-01-04T16:08:45,db-01,0.2442
2026-01-04T16:10:45,web-05,1.9630
2026-01-04T16:11:19,cache-01,2.0136
2026-01-04T16:11:23,db-03,2.1805
2026-01-04T16:12:23,lb-01,23.9329
2026-01-04T16:12:44,web-02,1.1424
2026-01-04T16:13:00,lb-02,6.7973
2026-01-04T16:14:23,hd-01,1.8161
2026-01-04T16:15:15,web-01,0.5648
2026-01-04T16:16:11,lb-01,0.8937
2026-01-04T16:16:37,net-04,8.5529
2026-01-04T16:16:57,db-03,0.1100
2026-01-04T16:18:10,cache-03,3.9267
2026-01-04T16:18:26,net-02,2.4173
2026-01-04T16:18:27,cache-01,0.1406
2026-01-04T16:19:19,hd-02,5.2948
2026-01-04T16:19:23,cache-03,1.0401
2026-01-04T16:19:24,cache-01,0.7175
2026-01-04T16:19:34,lb-01,0.3722
2026-01-04T16:20:31,db-01,2.4668
2026-01-04T16:20:37,net-03,1.0167
2026-01-04T16:21:15,lb-01,0.5702
2026-01-04T16:22:18,lb-01,2.8112
2026-01-04T16:22:50,web-02,1.0361
2026-01-04T16:23:05,net-03,14.2817
2026-01-04T16:23:11,lb-02,0.1022
2026-01-04T16:23:16,cache-02,0.7534
2026-01-04T16:23:23,net-03,0.5858
2026-01-04T16:24:00,net-03,0.7284
2026-01-04T16:24:01,hd-02,3.3532
2026-01-04T16:25:30,web-02,4.7577
2026-01-04T16:25:51,web-02,1.9693
2026-01-04T16:26:43,net-02,1.4120
2026-01-04T16:26:54,net-03,0.9980
2026-01-04T16:27:18,lb-01,1.1356
2026-01-04T16:27:18,web-02,1.2400
2026-01-04T16:28:13,hd-02,4.4422
2026-01-04T16:29:02,web-04,0.3544
2026-01-04T16:29:31,cache-02,0.7917
2026-01-04T16:30:25,hd-02,1.8788
2026-01-04T16:31:40,web-04,0.0025
2026-01-04T16:31:46,cache-02,9.1310
2026-01-04T16:31:56,lb-02,1.8388
2026-01-04T16:32:31,lb-02,0.0310
2026-01-04T16:32:36,hd-01,0.5394
2026-01-04T16:32:37,lb-01,0.7303
2026-01-04T16:32:43,hd-01,2.1817
2026-01-04T16:33:46,db-02,0.6692
2026-01-04T16:34:43,db-03,1.9178
2026-01-04T16:35:30,hd-01,0.6111
2026-01-04T16:36:26,db-03,3.1181
2026-01-04T16:36:41,web-03,0.6627
2026-01-04T16:36:50,cache-01,0.0858
2026-01-04T16:38:37,cache-02,12.4830
2026-01-04T16:39:35,hd-01,0.1233
2026-01-04T16:41:11,db-02,6.3804
2026-01-04T16:41:19,cache-03,10.0830
2026-01-04T16:41:41,cache-03,4.7803
2026-01-04T16:41:57,lb-02,0.2404
2026-01-04T16:42:30,web-01,0.4346
2026-01-04T16:42:44,db-01,1.3115
2026-01-04T16:42:47,net-04,4.7625
2026-01-04T16:43:29,net-04,0.7348
2026-01-04T16:44:32,cache-01,0.3527
2026-01-04T16:44:37,web-05,6.2347
2026-01-04T16:45:01,cache-03,2.5547
2026-01-04T16:45:04,cache-01,2.7630
2026-01-04T16:45:06,cache-01,11.0004
2026-01-04T16:46:21,web-02,1.2597
2026-01-04T16:46:56,hd-01,6.5894
2026-01-04T16:46:56,hd-02,4.2908
2026-01-04T16:47:41,web-05,0.8960
2026-01-04T16:48:07,lb-02,1.5048
2026-01-04T16:49:35,hd-02,1.2446
2026-01-04T16:49:38,hd-02,0.5081
2026-01-04T16:51:27,hd-01,2.1261
2026-01-04T16:51:33,lb-01,0.4609
2026-01-04T16:51:35,web-05,3.4115
2026-01-04T16:53:26,net-04,0.0738
2026-01-04T16:56:09,web-04,2.2826
2026-01-04T16:56:31,lb-01,3.3915
2026-01-04T16:56:39,cache-02,2.6640
2026-01-04T16:57:38,hd-02,31.6220
2026-01-04T16:57:39,net-02,6.4433
2026-01-04T16:58:40,net-01,4.0914
2026-01-04T16:58:43,web-04,0.2710
2026-01-04T16:58:52,net-02,2.7228
2026-01-04T16:59:18,web-05,2.5900
2026-01-04T17:00:01,lb-02,4.2202
2026-01-04T17:00:45,hd-02,3.5493
2026-01-04T17:01:12,lb-02,0.9279
2026-01-04T17:01:14,hd-02,5.5599
2026-01-04T17:01:46,db-03,2.7844
2026-01-04T17:02:11,web-02,0.0405
2026-01-04T17:02:33,net-03,1.3138
2026-01-04T17:03:03,web-05,2.8218
2026-01-04T17:03:59,db-02,2.1111
2026-01-04T17:04:40,cache-02,6.0957
2026-01-04T17:05:44,net-03,8.7745
2026-01-04T17:06:25,hd-02,0.3996
2026-01-04T17:06:39,lb-02,1.5500
2026-01-04T17:07:44,lb-01,0.7070
2026-01-04T17:08:07,net-02,3.9997
2026-01-04T17:08:13,net-04,6.7901
2026-01-04T17:08:33,lb-02,0.5104
2026-01-04T17:10:12,net-03,4.1955
2026-01-04T17:11:42,hd-01,1.5115
2026-01-04T17:12:42,cache-02,1.3325
2026-01-04T17:13:04,lb-01,1.1786
2026-01-04T17:13:18,hd-02,0.7250
2026-01-04T17:13:44,hd-02,3.9785
2026-01-04T17:14:18,lb-01,3.5248
2026-01-04T17:14:47,db-03,0.2150
2026-01-04T17:14:55,hd-01,2.7320
2026-01-04T17:15:17,net-02,5.3153
2026-01-04T17:15:36,web-01,0.0244
2026-01-04T17:15:58,web-01,1.8630
2026-01-04T17:16:32,db-03,8.4511
2026-01-04T17:16:35,cache-03,8.7413
2026-01-04T17:16:40,lb-02,0.5952
2026-01-04T17:17:54,net-01,0.4220
2026-01-04T17:18:47,cache-02,8.3473
2026-01-04T17:19:30,cache-03,5.3636
2026-01-04T17:19:40,web-04,1.1511
2026-01-04T17:20:32,net-04,0.2698
2026-01-04T17:20:48,net-01,1.2368
2026-01-04T17:21:55,db-02,0.7882
2026-01-04T17:22:44,db-03,8.6998
2026-01-04T17:22:49,db-02,2.6076
2026-01-04T17:22:54,cache-02,1.4332
2026-01-04T17:23:36,db-03,4.5397
2026-01-04T17:24:15,cache-03,2.0973
2026-01-04T17:24:22,db-01,6.0200
2026-01-04T17:24:37,db-03,0.3326
2026-01-04T17:26:14,cache-03,0.1371
2026-01-04T17:26:26,web-02,1.0597
2026-01-04T17:27:01,cache-01,0.1794
2026-01-04T17:27:33,hd-01,1.7022
2026-01-04T17:28:11,db-01,0.8060
2026-01-04T17:28:13,db-01,4.1299
2026-01-04T17:29:37,web-05,3.2038
2026-01-04T17:30:27,hd-01,1.6939
2026-01-04T17:31:35,net-01,1.8368
2026-01-04T17:31:58,hd-01,6.5614
2026-01-04T17:32:09,net-04,0.5266
2026-01-04T17:34:30,hd-01,3.7839
2026-01-04T17:35:45,web-01,1.8615
2026-01-04T17:36:31,lb-01,10.7416
2026-01-04T17:36:55,db-01,0.6502
2026-01-04T17:37:14,cache-01,2.8581
2026-01-04T17:38:18,lb-02,0.5165
2026-01-04T17:38:44,cache-02,9.0735
2026-01-04T17:38:52,web-01,3.9832
2026-01-04T17:39:10,cache-02,6.1540
2026-01-04T17:39:40,hd-02,8.7255
2026-01-04T17:40:01,web-05,1.8540
2026-01-04T17:40:02,web-01,0.3485
2026-01-04T17:40:07,db-03,1.3037
2026-01-04T17:40:07,hd-01,2.3340
2026-01-04T17:41:52,db-01,1.4019
2026-01-04T17:41:52,cache-02,4.6457
2026-01-04T17:41:59,cache-02,4.4799
2026-01-04T17:42:05,lb-01,1.3218
2026-01-04T17:42:17,hd-02,3.0111
2026-01-04T17:42:52,lb-01,0.9438
2026-01-04T17:43:59,web-03,1.7774
2026-01-04T17:44:45,cache-01,6.5975
2026-01-04T17:45:12,db-01,1.2618
2026-01-04T17:45:22,net-04,3.8039
2026-01-04T17:46:51,web-01,9.1238
2026-01-04T17:47:51,net-04,4.5883
2026-01-04T17:47:54,net-04,4.5266
2026-01-04T17:48:25,net-02,2.3764
2026-01-04T17:48:42,db-03,1.2392
2026-01-04T17:49:11,hd-01,4.0472
2026-01-04T17:49:33,cache-03,13.9741
2026-01-04T17:51:12,net-04,2.5076
2026-01-04T17:52:07,db-03,2.2043
2026-01-04T17:52:10,db-01,4.4599
2026-01-04T17:53:23,hd-01,4.1187
2026-01-04T17:53:34,db-03,0.1585
2026-01-04T17:54:24,lb-01,0.3725
2026-01-04T17:54:29,web-04,5.9719
2026-01-04T17:55:12,net-03,6.5360
2026-01-04T17:56:04,cache-03,0.3697
2026-01-04T17:57:15,cache-02,14.0979
2026-01-04T17:57:45,lb-02,0.1091
2026-01-04T17:57:54,hd-01,1.9224
2026-01-04T17:58:03,hd-01,1.7625
2026-01-04T17:59:06,lb-02,3.5371
2026-01-04T17:59:23,cache-03,0.8312
2026-01-04T18:01:48,web-05,24.0977
2026-01-04T18:02:08,db-03,18.4624
2026-01-04T18:02:59,web-03,15.7632
2026-01-04T18:03:05,lb-02,1.7138
2026-01-04T18:03:05,net-03,0.5772
2026-01-04T18:03:30,net-04,1.6315
2026-01-04T18:03:46,db-03,3.8410
2026-01-04T18:03:48,net-01,6.0783
2026-01-04T18:03:57,web-02,2.0684
2026-01-04T18:04:36,lb-01,0.8443
2026-01-04T18:05:26,cache-03,5.3590
2026-01-04T18:05:53,cache-02,0.3219
2026-01-04T18:07:04,db-03,2.2417
2026-01-04T18:07:50,hd-02,4.3657
2026-01-04T18:08:28,hd-02,1.6383
2026-01-04T18:08:40,net-02,0.3872
2026-01-04T18:09:44,cache-03,6.5761
2026-01-04T18:11:04,lb-01,2.2232
2026-01-04T18:11:30,db-03,0.7909
2026-01-04T18:12:35,hd-02,0.5967
2026-01-04T18:12:43,lb-02,1.0642
2026-01-04T18:14:32,db-03,3.1449
2026-01-04T18:14:45,db-02,16.6967
2026-01-04T18:15:00,hd-01,4.9222
2026-01-04T18:16:18,cache-02,0.1132
2026-01-04T18:16:24,cache-01,2.6907
2026-01-04T18:16:32,db-02,2.2276
2026-01-04T18:16:33,hd-02,5.9965
2026-01-04T18:16:34,net-02,0.2041
2026-01-04T18:17:34,cache-03,2.4934
2026-01-04T18:18:00,web-03,3.8496
2026-01-04T18:18:04,net-03,62.8898
2026-01-04T18:18:37,lb-02,1.9568
2026-01-04T18:19:03,lb-01,5.2274
2026-01-04T18:19:29,db-02,4.9438
2026-01-04T18:19:36,hd-02,0.6812
2026-01-04T18:21:29,cache-01,1.8064
2026-01-04T18:21:49,db-02,2.9007
2026-01-04T18:22:42,net-02,0.1425
2026-01-04T18:23:04,cache-01,3.4269
2026-01-04T18:23:33,net-01,6.2713
2026-01-04T18:23:48,hd-01,3.0322
2026-01-04T18:24:58,cache-03,14.0591
2026-01-04T18:25:01,net-02,7.7775
2026-01-04T18:25:04,db-03,1.7819
2026-01-04T18:25:10,lb-02,0.1164
2026-01-04T18:25:40,net-02,13.2114
2026-01-04T18:26:57,net-04,0.3081
2026-01-04T18:26:58,hd-02,0.4352
2026-01-04T18:27:10,db-01,2.4437
2026-01-04T18:27:23,cache-01,1.4046
2026-01-04T18:27:27,lb-01,16.9577
2026-01-04T18:27:30,cache-03,1.0100
2026-01-04T18:27:32,hd-01,4.6751
2026-01-04T18:28:04,hd-01,2.0825
2026-01-04T18:29:35,cache-01,3.3246
2026-01-04T18:31:17,db-01,1.5869
2026-01-04T18:32:40,db-01,10.6961
2026-01-04T18:32:57,web-05,2.7354
2026-01-04T18:33:25,lb-01,2.4494
2026-01-04T18:33:45,lb-02,1.8912
2026-01-04T18:35:54,hd-02,6.0559
2026-01-04T18:36:44,net-03,2.5990
2026-01-04T18:37:15,net-01,1.1441
2026-01-04T18:37:58,cache-02,0.7370
2026-01-04T18:38:26,db-01,0.9431
2026-01-04T18:40:33,cache-02,9.3075
2026-01-04T18:41:31,web-03,0.2707
2026-01-04T18:42:32,lb-01,1.2162
2026-01-04T18:42:39,cache-01,1.3658
2026-01-04T18:43:39,cache-03,0.3997
2026-01-04T18:43:40,lb-01,3.4140
2026-01-04T18:43:55,lb-01,19.6704
2026-01-04T18:44:14,lb-01,3.8299
2026-01-04T18:44:31,db-03,1.2138
2026-01-04T18:45:16,net-02,0.0248
2026-01-04T18:45:20,db-03,35.6276
2026-01-04T18:45:39,hd-01,3.6012
2026-01-04T18:46:11,cache-01,1.8081
2026-01-04T18:46:15,web-05,7.8254
2026-01-04T18:46:42,db-03,1.1314
2026-01-04T18:47:10,web-01,5.9590
2026-01-04T18:47:29,net-02,0.1411
2026-01-04T18:47:45,hd-01,0.6059
2026-01-04T18:48:05,lb-02,1.8270
2026-01-04T18:48:11,cache-01,43.3653
2026-01-04T18:48:21,hd-01,3.4156
2026-01-04T18:48:42,db-03,1.8547
2026-01-04T18:48:59,hd-02,0.1155
2026-01-04T18:50:34,db-01,3.5528
2026-01-04T18:50:47,lb-01,4.3829
2026-01-04T18:51:05,cache-03,1.1119
2026-01-04T18:51:06,lb-02,8.2140
2026-01-04T18:51:11,net-02,6.0530
2026-01-04T18:51:55,cache-03,3.2574
2026-01-04T18:52:46,hd-01,0.7505
2026-01-04T18:53:11,web-02,0.2985
2026-01-04T18:54:48,net-02,3.0096
2026-01-04T18:54:52,lb-02,3.3417
2026-01-04T18:54:55,lb-01,0.1501
2026-01-04T18:55:51,net-01,29.4156
2026-01-04T18:55:54,lb-02,0.4645
2026-01-04T18:56:23,net-01,5.9390
2026-01-04T18:57:10,db-02,9.9070
2026-01-04T18:58:34,net-04,2.3517
2026-01-04T18:58:42,cache-03,2.1666
2026-01-04T18:59:03,net-03,2.2108
2026-01-04T18:59:06,hd-01,11.1356
2026-01-04T18:59:11,net-02,1.0102
2026-01-04T18:59:24,hd-02,0.7976
2026-01-04T18:59:26,hd-02,0.2937
2026-01-04T18:59:27,net-04,1.1937
2026-01-04T18:59:46,lb-02,0.4522
2026-01-04T19:00:33,hd-01,0.1985
2026-01-04T19:01:13,hd-02,9.2051
2026-01-04T19:01:31,web-03,0.9892
2026-01-04T19:02:06,net-04,1.5125
2026-01-04T19:02:26,db-03,0.3953
2026-01-04T19:03:08,cache-03,6.0114
2026-01-04T19:04:12,web-04,2.4137
2026-01-04T19:04:19,web-03,3.0900
2026-01-04T19:05:02,net-04,2.4190
2026-01-04T19:05:30,web-05,7.1013
2026-01-04T19:05:45,db-02,1.0160
2026-01-04T19:06:08,web-04,2.2202
2026-01-04T19:06:36,lb-01,2.5985
2026-01-04T19:06:37,lb-01,7.8389
2026-01-04T19:06:54,hd-02,1.9963
2026-01-04T19:07:09,cache-02,1.3434
2026-01-04T19:07:25,db-02,3.6899
2026-01-04T19:07:43,db-02,4.8147
2026-01-04T19:09:20,net-04,12.8183
2026-01-04T19:09:42,web-01,3.6816
2026-01-04T19:11:54,db-01,3.9031
2026-01-04T19:12:50,web-02,5.0573
2026-01-04T19:13:06,web-01,0.2414
2026-01-04T19:13:25,net-02,3.2625
2026-01-04T19:13:26,hd-01,1.9222
2026-01-04T19:13:36,db-03,2.6959
2026-01-04T19:14:46,lb-02,0.4701
2026-01-04T19:15:53,web-02,2.3532
2026-01-04T19:16:06,web-01,1.2403
2026-01-04T19:17:43,db-02,5.1961
2026-01-04T19:18:05,net-01,5.7021
2026-01-04T19:18:42,hd-02,2.7057
2026-01-04T19:18:46,db-01,3.3492
2026-01-04T19:19:31,web-05,0.4236
2026-01-04T19:19:35,net-01,2.4216
2026-01-04T19:20:15,db-01,1.9187
2026-01-04T19:20:25,lb-02,0.4768
2026-01-04T19:20:28,hd-02,9.2571
2026-01-04T19:20:49,cache-03,10.3605
2026-01-04T19:21:38,db-02,2.4566
2026-01-04T19:21:43,cache-03,0.1096
2026-01-04T19:22:14,net-04,1.2048
2026-01-04T19:22:43,lb-01,2.8386
2026-01-04T19:23:10,db-03,2.8373
2026-01-04T19:23:29,cache-02,2.1733
2026-01-04T19:24:03,net-01,0.1747
2026-01-04T19:25:46,lb-02,0.2765
2026-01-04T19:26:07,lb-01,1.1765
2026-01-04T19:26:31,net-04,0.2082
2026-01-04T19:27:01,cache-01,0.3661
2026-01-04T19:27:37,lb-02,3.2341
2026-01-04T19:27:54,db-02,1.1108
2026-01-04T19:28:14,hd-02,10.1676
2026-01-04T19:29:42,net-04,2.5218
2026-01-04T19:30:23,hd-02,6.3216
2026-01-04T19:31:10,web-02,1.7928
2026-01-04T19:31:49,lb-01,0.0246
2026-01-04T19:32:05,cache-01,0.2003
2026-01-04T19:32:08,web-04,3.5412
2026-01-04T19:33:28,lb-01,0.4928
2026-01-04T19:34:14,cache-01,14.3010
2026-01-04T19:34:16,hd-02,1.5067
2026-01-04T19:36:54,cache-02,6.0165
2026-01-04T19:37:00,net-01,10.4031
2026-01-04T19:37:24,web-02,0.6996
2026-01-04T19:37:32,lb-01,0.8417
2026-01-04T19:38:19,lb-02,9.4604
2026-01-04T19:39:32,lb-01,1.1461
2026-01-04T19:41:01,db-01,1.4729
2026-01-04T19:41:22,net-02,2.5075
2026-01-04T19:42:11,net-02,2.2723
2026-01-04T19:42:46,net-04,10.1637
2026-01-04T19:42:59,hd-02,0.7012
2026-01-04T19:42:59,net-01,0.4976
2026-01-04T19:44:06,hd-01,2.9006
2026-01-04T19:45:00,db-03,0.8124
2026-01-04T19:45:20,web-05,1.5229
2026-01-04T19:45:49,lb-01,3.8992
2026-01-04T19:47:08,net-04,0.9440
2026-01-04T19:47:21,cache-03,2.7825
2026-01-04T19:47:26,lb-01,0.2990
2026-01-04T19:48:27,net-01,7.9911
2026-01-04T19:48:32,db-01,32.4391
2026-01-04T19:48:49,lb-02,0.2395
2026-01-04T19:49:08,db-02,11.8417
2026-01-04T19:49:40,web-02,1.5731
2026-01-04T19:49:53,net-01,1.3911
2026-01-04T19:49:55,web-03,0.9606
2026-01-04T19:52:04,cache-01,3.3746
2026-01-04T19:52:15,hd-01,0.6937
2026-01-04T19:53:09,db-01,1.3199
2026-01-04T19:53:19,hd-01,1.3662
2026-01-04T19:53:30,db-03,54.8335
2026-01-04T19:53:31,hd-01,16.7621
2026-01-04T19:53:55,hd-02,1.0763
2026-01-04T19:55:18,cache-03,0.5500
2026-01-04T19:55:33,net-04,0.2234
2026-01-04T19:56:45,web-03,0.6886
2026-01-04T19:56:53,db-03,7.3056
2026-01-04T19:57:09,db-02,0.0544
2026-01-04T19:57:17,cache-03,0.4675
2026-01-04T19:57:21,net-02,0.3447
2026-01-04T19:57:48,net-04,1.8822
2026-01-04T19:57:49,cache-03,2.5392
2026-01-04T19:58:10,cache-01,1.6842
2026-01-04T19:58:55,net-03,0.2804
2026-01-04T20:00:16,hd-02,0.6579
2026-01-04T20:03:08,net-04,0.8833
2026-01-04T20:03:19,net-04,6.1548
2026-01-04T20:03:29,hd-01,2.3016
2026-01-04T20:04:12,db-01,5.9353
2026-01-04T20:05:08,net-01,0.1161
2026-01-04T20:05:27,web-05,3.2781
2026-01-04T20:07:07,hd-02,2.8293
2026-01-04T20:07:30,web-04,4.0172
2026-01-04T20:07:56,hd-02,11.8414
2026-01-04T20:08:31,hd-02,7.9552
2026-01-04T20:09:22,hd-01,0.5221
2026-01-04T20:10:15,net-02,0.5144
2026-01-04T20:11:11,db-01,1.0539
2026-01-04T20:11:42,cache-02,10.3767
2026-01-04T20:12:06,hd-02,3.6081
2026-01-04T20:12:17,hd-02,3.0226
2026-01-04T20:12:33,lb-01,0.8232
2026-01-04T20:13:04,web-05,0.7940
2026-01-04T20:13:23,lb-01,1.4807
2026-01-04T20:14:09,cache-03,1.5714
2026-01-04T20:14:34,lb-01,1.3337
2026-01-04T20:14:50,hd-01,0.8834
2026-01-04T20:14:58,web-03,0.0609
2026-01-04T20:15:04,hd-01,0.2603
2026-01-04T20:15:26,net-04,5.8610
2026-01-04T20:15:57,web-01,1.7000
2026-01-04T20:16:11,cache-03,4.0304
2026-01-04T20:16:44,cache-02,0.0483
2026-01-04T20:17:35,net-01,16.2254
2026-01-04T20:17:38,net-04,5.2494
2026-01-04T20:18:02,web-05,0.9685
2026-01-04T20:18:19,db-01,1.3747
2026-01-04T20:19:23,web-04,0.1542
2026-01-04T20:19:51,lb-02,3.3552
2026-01-04T20:19:51,lb-01,0.5838
2026-01-04T20:20:25,db-01,7.7197
2026-01-04T20:21:23,db-01,0.6845
2026-01-04T20:21:48,db-01,5.6660
2026-01-04T20:22:37,db-02,5.4959
2026-01-04T20:22:39,web-05,4.6276
2026-01-04T20:22:44,hd-01,1.9071
2026-01-04T20:23:54,db-02,0.4665
2026-01-04T20:24:39,db-01,3.0449
2026-01-04T20:24:53,net-02,1.6849
2026-01-04T20:25:00,web-03,0.6565
2026-01-04T20:25:12,web-03,0.7258
2026-01-04T20:26:03,hd-02,5.9682
2026-01-04T20:26:27,cache-01,2.1307
2026-01-04T20:26:28,db-02,0.3430
2026-01-04T20:27:00,net-03,0.5274
2026-01-04T20:27:29,cache-03,0.8933
2026-01-04T20:27:36,cache-02,0.3343
2026-01-04T20:28:01,web-03,0.7104
2026-01-04T20:28:13,db-01,1.9114
2026-01-04T20:28:25,cache-01,1.8959
2026-01-04T20:29:23,hd-01,0.8170
2026-01-04T20:29:29,web-01,1.1426
2026-01-04T20:29:50,db-03,0.1362
2026-01-04T20:30:00,net-04,1.9666
2026-01-04T20:30:46,hd-02,1.7137
2026-01-04T20:32:08,cache-02,7.5919
2026-01-04T20:32:46,hd-01,1.2593
2026-01-04T20:33:31,db-01,4.9521
2026-01-04T20:34:07,db-01,0.0775
2026-01-04T20:34:08,web-05,9.2289
2026-01-04T20:34:39,db-02,5.4704
2026-01-04T20:34:56,net-01,3.8092
2026-01-04T20:36:16,net-02,2.9641
2026-01-04T20:38:13,hd-02,0.2933
2026-01-04T20:38:13,hd-01,0.3904
2026-01-04T20:38:16,hd-01,5.5414
2026-01-04T20:38:53,cache-02,0.9007
2026-01-04T20:39:08,net-01,15.6094
2026-01-04T20:39:51,web-02,1.2905
2026-01-04T20:40:09,hd-01,0.0382
2026-01-04T20:41:17,net-04,5.9137
2026-01-04T20:41:59,lb-02,11.7931
2026-01-04T20:42:02,cache-02,3.9572
2026-01-04T20:42:41,web-01,0.6609
2026-01-04T20:42:55,web-03,1.5218
2026-01-04T20:43:34,cache-01,0.7479
2026-01-04T20:44:05,net-04,0.8519
2026-01-04T20:45:44,net-01,6.7253
2026-01-04T20:46:00,lb-01,5.3794
2026-01-04T20:46:26,hd-01,5.8395
2026-01-04T20:47:34,web-02,0.0362
2026-01-04T20:48:33,cache-02,1.4896
2026-01-04T20:49:02,net-01,7.2855
2026-01-04T20:49:23,lb-02,4.1975
2026-01-04T20:49:46,hd-02,2.2749
2026-01-04T20:49:55,lb-01,5.1943
2026-01-04T20:50:15,web-04,2.9429
2026-01-04T20:50:22,hd-02,9.5704
2026-01-04T20:51:02,web-04,1.7815
2026-01-04T20:51:21,cache-01,4.8719
2026-01-04T20:52:18,cache-01,3.3905
2026-01-04T20:52:34,db-03,12.8303
2026-01-04T20:53:04,db-03,5.4321
2026-01-04T20:53:08,web-03,0.3238
2026-01-04T20:53:25,cache-01,6.1256
2026-01-04T20:53:29,db-02,4.4442
2026-01-04T20:53:30,web-01,4.6992
2026-01-04T20:53:33,net-02,1.1312
2026-01-04T20:54:01,db-03,5.6351
2026-01-04T20:54:23,db-01,5.6394
2026-01-04T20:54:52,hd-01,6.9023
2026-01-04T20:55:47,db-03,0.2491
2026-01-04T20:56:59,db-03,12.1843
2026-01-04T20:57:50,web-02,10.5953
2026-01-04T20:57:57,cache-03,2.9576
2026-01-04T20:58:03,hd-02,1.6605
2026-01-04T20:59:12,cache-03,0.8041
2026-01-04T20:59:19,db-02,3.4255
2026-01-04T20:59:34,db-02,6.5266
2026-01-04T21:00:23,hd-02,0.5660
2026-01-04T21:00:48,cache-02,5.6472
2026-01-04T21:01:14,hd-01,3.6797
2026-01-04T21:01:54,hd-01,14.3068
2026-01-04T21:02:33,hd-02,0.9173
2026-01-04T21:03:20,web-04,1.4974
2026-01-04T21:04:12,cache-02,4.2367
2026-01-04T21:04:31,hd-01,10.3930
2026-01-04T21:04:36,cache-03,1.8746
2026-01-04T21:04:44,lb-01,1.2531
2026-01-04T21:05:29,web-03,0.6814
2026-01-04T21:05:54,cache-01,0.1359
2026-01-04T21:06:28,lb-02,2.1390
2026-01-04T21:09:06,web-01,0.6507
2026-01-04T21:09:57,hd-02,0.7152
2026-01-04T21:11:23,web-03,0.8172
2026-01-04T21:11:28,cache-01,7.9027
2026-01-04T21:11:35,hd-01,9.2426
2026-01-04T21:12:05,net-04,6.8487
2026-01-04T21:12:09,hd-02,1.5237
2026-01-04T21:12:18,hd-01,1.6555
2026-01-04T21:12:34,web-04,3.5539
2026-01-04T21:13:39,net-03,3.7319
2026-01-04T21:14:18,web-01,16.3249
2026-01-04T21:14:21,db-03,9.4644
2026-01-04T21:14:29,web-04,1.4187
2026-01-04T21:14:55,lb-01,0.1602
2026-01-04T21:15:40,hd-01,3.4979
2026-01-04T21:15:47,cache-03,1.1800
2026-01-04T21:16:07,db-01,3.3754
2026-01-04T21:17:56,cache-01,3.2153
2026-01-04T21:17:57,web-04,1.3376
2026-01-04T21:18:21,db-02,1.1241
2026-01-04T21:19:37,hd-01,28.6166
2026-01-04T21:19:39,lb-01,1.2564
2026-01-04T21:20:51,db-01,2.7547
2026-01-04T21:20:55,cache-01,1.9793
2026-01-04T21:21:44,web-04,5.0332
2026-01-04T21:22:07,hd-01,0.3900
2026-01-04T21:22:55,db-02,0.3342
2026-01-04T21:23:05,cache-02,2.6710
2026-01-04T21:23:34,hd-01,1.6817
2026-01-04T21:23:38,net-03,13.2079
2026-01-04T21:24:59,hd-02,2.8300
2026-01-04T21:25:33,hd-02,6.8751
2026-01-04T21:25:56,lb-02,0.1269
2026-01-04T21:26:20,web-05,0.0674
2026-01-04T21:26:56,cache-03,18.6265
2026-01-04T21:27:37,cache-03,3.5480
2026-01-04T21:27:56,hd-01,4.5243
2026-01-04T21:27:58,net-01,8.2761
2026-01-04T21:29:19,lb-01,1.2511
2026-01-04T21:29:29,lb-01,0.2927
2026-01-04T21:30:24,lb-02,3.4009
2026-01-04T21:30:28,web-04,1.1953
2026-01-04T21:30:36,net-04,1.9637
2026-01-04T21:31:25,hd-02,11.5989
2026-01-04T21:32:37,web-01,0.6743
2026-01-04T21:33:36,lb-02,13.2630
2026-01-04T21:33:45,hd-02,1.4472
2026-01-04T21:34:41,hd-01,4.2964
2026-01-04T21:37:58,db-01,1.3430
2026-01-04T21:38:44,web-02,2.9346
2026-01-04T21:39:25,web-02,0.7898
2026-01-04T21:39:49,db-03,0.1769
2026-01-04T21:39:54,web-03,5.6199
2026-01-04T21:40:27,web-05,0.9090
2026-01-04T21:40:29,net-04,2.1507
2026-01-04T21:41:05,net-02,3.5997
2026-01-04T21:41:18,net-02,5.0194
2026-01-04T21:41:36,hd-01,4.3694
2026-01-04T21:42:23,db-03,3.4239
2026-01-04T21:42:43,lb-01,0.9005
2026-01-04T21:43:22,hd-01,5.6028
2026-01-04T21:43:53,cache-01,0.1030
2026-01-04T21:45:52,cache-01,1.7061
2026-01-04T21:45:54,net-03,14.7358
2026-01-04T21:46:46,web-05,6.6303
2026-01-04T21:46:48,hd-02,1.0545
2026-01-04T21:47:38,hd-01,0.5050
2026-01-04T21:47:53,net-03,0.9337
2026-01-04T21:48:34,web-05,2.9367
2026-01-04T21:48:58,lb-01,0.0787
2026-01-04T21:49:01,net-01,1.7700
2026-01-04T21:49:57,lb-01,3.0264
2026-01-04T21:50:04,lb-01,0.6752
2026-01-04T21:50:47,hd-02,0.9027
2026-01-04T21:51:17,hd-02,2.3325
2026-01-04T21:51:27,db-02,0.5090
2026-01-04T21:51:35,net-03,0.5461
2026-01-04T21:52:10,cache-03,0.0888
2026-01-04T21:52:37,hd-01,0.2597
2026-01-04T21:52:58,net-04,5.1491
2026-01-04T21:53:33,hd-02,1.5804
2026-01-04T21:53:49,db-02,1.0187
2026-01-04T21:53:50,cache-02,12.4456
2026-01-04T21:53:57,hd-01,6.0606
2026-01-04T21:54:01,web-04,4.3995
2026-01-04T21:54:29,net-03,1.7188
2026-01-04T21:54:56,hd-01,8.3264
2026-01-04T21:55:29,web-02,0.0636
2026-01-04T21:57:20,db-02,1.4097
2026-01-04T21:58:53,lb-02,0.1613
2026-01-04T21:59:17,cache-03,0.8519
2026-01-04T21:59:28,db-03,0.3767
2026-01-04T21:59:45,web-04,3.7669
2026-01-04T21:59:48,web-02,32.1217
2026-01-04T21:59:50,cache-03,2.0225
2026-01-04T22:00:05,lb-02,11.3507
2026-01-04T22:00:07,cache-03,3.3155
2026-01-04T22:00:12,web-04,3.6617
2026-01-04T22:01:56,hd-01,0.7550
2026-01-04T22:02:12,net-04,10.3157
2026-01-04T22:04:18,hd-01,1.7410
2026-01-04T22:04:23,net-03,27.3644
2026-01-04T22:04:39,lb-02,3.1987
2026-01-04T22:05:22,web-04,0.3955
2026-01-04T22:05:36,hd-01,4.3947
2026-01-04T22:05:48,hd-02,14.2794
2026-01-04T22:05:50,net-01,0.1496
2026-01-04T22:05:59,db-01,4.4858
2026-01-04T22:06:21,hd-02,1.1990
2026-01-04T22:06:24,hd-01,7.2365
2026-01-04T22:06:43,web-02,1.3707
2026-01-04T22:06:46,cache-03,0.7880
2026-01-04T22:07:11,hd-02,1.5092
2026-01-04T22:07:30,db-01,2.5398
2026-01-04T22:07:36,lb-02,5.4895
2026-01-04T22:08:01,hd-02,1.6385
2026-01-04T22:08:20,net-02,1.4508
2026-01-04T22:08:36,db-03,7.1248
2026-01-04T22:08:46,lb-01,2.8479
2026-01-04T22:09:08,hd-01,3.0360
2026-01-04T22:10:09,web-01,0.3270
2026-01-04T22:11:11,db-01,1.8974
2026-01-04T22:12:27,web-02,6.4830
2026-01-04T22:12:32,db-01,0.6966
2026-01-04T22:12:55,hd-02,2.7256
2026-01-04T22:13:18,lb-01,0.4041
2026-01-04T22:13:36,web-03,9.9896
2026-01-04T22:14:08,web-01,0.3879
2026-01-04T22:14:21,db-03,13.9472
2026-01-04T22:15:22,lb-02,1.1162
2026-01-04T22:15:31,hd-02,2.1814
2026-01-04T22:15:48,hd-02,0.9867
2026-01-04T22:16:02,cache-01,0.8201
2026-01-04T22:16:23,net-01,5.0050
2026-01-04T22:16:56,hd-02,1.8051
2026-01-04T22:17:47,net-02,2.8190
2026-01-04T22:18:16,net-03,3.1643
2026-01-04T22:18:21,cache-03,4.2554
2026-01-04T22:18:24,lb-01,4.6093
2026-01-04T22:18:27,lb-01,1.5191
2026-01-04T22:19:58,lb-02,9.6512
2026-01-04T22:20:18,cache-03,0.7956
2026-01-04T22:20:27,web-01,8.7963
2026-01-04T22:21:20,net-04,0.6793
2026-01-04T22:21:40,net-02,1.6730
2026-01-04T22:21:47,cache-01,4.5651
2026-01-04T22:22:20,net-02,0.8616
2026-01-04T22:22:21,cache-03,0.3830
2026-01-04T22:22:30,web-05,0.0592
2026-01-04T22:22:59,lb-01,1.7613
2026-01-04T22:23:41,web-01,1.7234
2026-01-04T22:24:18,web-03,3.2766
2026-01-04T22:24:36,lb-02,1.6814
2026-01-04T22:24:48,hd-01,2.2491
2026-01-04T22:25:02,lb-02,1.6226
2026-01-04T22:25:49,hd-02,0.0762
2026-01-04T22:26:35,cache-01,1.2927
2026-01-04T22:26:37,web-01,1.6087
2026-01-04T22:26:38,lb-02,1.4350
2026-01-04T22:27:20,web-05,0.1255
2026-01-04T22:27:24,net-04,16.7538
2026-01-04T22:27:26,lb-01,3.3290
2026-01-04T22:27:51,net-04,0.4393
2026-01-04T22:28:06,cache-03,0.2291
2026-01-04T22:28:17,cache-01,22.5304
2026-01-04T22:28:21,lb-02,6.1565
2026-01-04T22:28:31,net-03,2.0715
2026-01-04T22:28:43,net-04,2.2619
2026-01-04T22:29:00,net-01,0.6160
2026-01-04T22:29:51,cache-01,25.6311
2026-01-04T22:30:17,cache-03,6.2579
2026-01-04T22:30:46,net-01,2.5243
2026-01-04T22:31:48,hd-02,0.9819
2026-01-04T22:33:05,db-01,5.4114
2026-01-04T22:33:37,lb-02,0.4136
2026-01-04T22:34:39,lb-01,0.1697
2026-01-04T22:35:29,lb-02,0.7447
2026-01-04T22:35:43,cache-01,5.6189
2026-01-04T22:37:49,cache-02,3.2895
2026-01-04T22:38:17,cache-01,23.7569
2026-01-04T22:38:50,cache-03,9.2386
2026-01-04T22:39:27,net-03,3.0366
2026-01-04T22:39:35,net-01,1.2648
2026-01-04T22:39:40,lb-02,1.2921
2026-01-04T22:41:26,cache-01,0.0308
2026-01-04T22:41:41,hd-01,0.2473
2026-01-04T22:42:10,lb-02,3.9715
2026-01-04T22:42:15,net-03,1.8070
2026-01-04T22:42:19,lb-02,1.4389
2026-01-04T22:42:21,web-01,1.1370
2026-01-04T22:42:29,hd-02,1.6594
2026-01-04T22:42:33,net-02,0.3319
2026-01-04T22:42:37,net-03,4.8301
2026-01-04T22:42:58,web-03,6.2645
2026-01-04T22:43:12,lb-01,2.3944
2026-01-04T22:43:28,hd-02,7.6922
2026-01-04T22:43:53,hd-01,68.5287
2026-01-04T22:44:13,cache-03,0.1633
2026-01-04T22:44:28,net-03,2.0237
2026-01-04T22:44:46,cache-01,1.7561
2026-01-04T22:45:15,db-02,1.4678
2026-01-04T22:45:35,web-05,3.6797
2026-01-04T22:45:50,web-04,0.4475
2026-01-04T22:46:43,net-02,0.3732
2026-01-04T22:47:19,web-05,3.1400
2026-01-04T22:47:19,web-04,5.5957
2026-01-04T22:47:52,web-03,8.7801
2026-01-04T22:50:22,hd-02,1.8715
2026-01-04T22:50:24,db-03,4.4365
2026-01-04T22:50:35,cache-01,1.5115
2026-01-04T22:51:43,db-01,0.3042
2026-01-04T22:51:48,lb-01,2.1687
2026-01-04T22:53:24,web-02,3.0793
2026-01-04T22:53:35,hd-02,2.4133
2026-01-04T22:53:44,db-02,4.8360
2026-01-04T22:53:51,hd-01,2.8377
2026-01-04T22:54:33,cache-03,2.2632
2026-01-04T22:54:37,db-02,1.3473
2026-01-04T22:55:12,hd-01,2.9399
2026-01-04T22:55:30,cache-02,4.0430
2026-01-04T22:55:36,cache-01,0.7292
2026-01-04T22:56:22,web-05,1.6442
2026-01-04T22:57:12,db-01,1.1172
2026-01-04T22:57:16,db-03,3.6061
2026-01-04T22:57:56,db-01,0.9291
2026-01-04T22:58:15,cache-02,2.7884
2026-01-04T22:58:26,db-01,23.6103
2026-01-04T22:58:53,lb-02,0.8864
2026-01-04T22:59:00,web-01,1.7863
2026-01-04T22:59:51,cache-01,8.8693
2026-01-04T23:01:37,hd-02,0.7930
2026-01-04T23:02:01,db-01,0.6136
2026-01-04T23:02:36,db-03,0.4944
2026-01-04T23:02:50,db-02,1.1794
2026-01-04T23:02:57,web-03,2.5329
2026-01-04T23:03:35,lb-02,4.0102
2026-01-04T23:03:53,web-05,1.2479
2026-01-04T23:03:54,lb-02,31.7490
2026-01-04T23:04:18,web-04,1.8331
2026-01-04T23:04:40,db-01,0.4990
2026-01-04T23:05:06,web-05,1.0023
2026-01-04T23:05:52,web-05,2.3194
2026-01-04T23:06:01,db-01,0.3957
2026-01-04T23:06:13,lb-02,0.8577
2026-01-04T23:06:27,hd-02,0.0425
2026-01-04T23:06:31,web-02,0.0369
2026-01-04T23:06:34,db-01,0.7593
2026-01-04T23:06:52,cache-01,1.4502
2026-01-04T23:06:57,hd-01,14.1470
2026-01-04T23:07:32,hd-02,16.4219
2026-01-04T23:08:47,cache-01,0.0882
2026-01-04T23:09:06,net-02,2.2573
2026-01-04T23:09:21,db-03,0.9598
2026-01-04T23:09:32,hd-02,8.8476
2026-01-04T23:09:56,web-04,1.4669
2026-01-04T23:10:29,lb-01,1.2921
2026-01-04T23:10:45,web-02,7.1888
2026-01-04T23:11:10,lb-01,0.8459
2026-01-04T23:11:13,db-01,0.2123
2026-01-04T23:12:04,net-04,25.1426
2026-01-04T23:12:04,net-02,0.0485
2026-01-04T23:12:44,cache-02,4.5014
2026-01-04T23:13:01,lb-01,6.8390
2026-01-04T23:14:15,net-03,0.0996
2026-01-04T23:14:43,web-01,1.5000
2026-01-04T23:14:56,web-04,1.7954
2026-01-04T23:15:09,hd-01,2.3904
2026-01-04T23:16:45,lb-02,5.7804
2026-01-04T23:16:47,web-03,10.7440
2026-01-04T23:17:31,net-02,3.7578
2026-01-04T23:17:47,web-01,6.5400
2026-01-04T23:18:05,db-01,9.3998
2026-01-04T23:18:18,hd-02,8.0346
2026-01-04T23:18:35,lb-02,1.3242
2026-01-04T23:19:57,lb-01,2.3488
2026-01-04T23:20:14,hd-01,4.2826
2026-01-04T23:20:19,lb-02,26.1188
2026-01-04T23:20:41,net-02,1.3426
2026-01-04T23:21:25,net-01,0.9367
2026-01-04T23:21:43,net-04,0.5138
2026-01-04T23:21:59,lb-01,12.4738
2026-01-04T23:22:53,lb-01,7.1973
2026-01-04T23:23:02,cache-02,0.7447
2026-01-04T23:23:38,cache-02,3.2545
2026-01-04T23:24:44,net-03,20.5929
2026-01-04T23:24:51,db-01,1.0682
2026-01-04T23:28:17,web-05,2.5217
2026-01-04T23:28:28,lb-01,0.2499
2026-01-04T23:28:36,lb-01,1.5237
2026-01-04T23:28:52,lb-01,0.8728
2026-01-04T23:29:26,lb-02,2.8619
2026-01-04T23:29:52,cache-01,0.5295
2026-01-04T23:29:53,hd-02,8.5613
2026-01-04T23:30:57,hd-01,1.1212
2026-01-04T23:31:22,net-03,0.7632
2026-01-04T23:31:27,net-02,2.4109
2026-01-04T23:31:28,hd-01,27.9933
2026-01-04T23:31:30,cache-01,1.9087
2026-01-04T23:32:16,lb-02,100.0000
2026-01-04T23:33:06,lb-01,0.0244
2026-01-04T23:33:15,hd-02,0.6712
2026-01-04T23:34:08,lb-01,5.4828
2026-01-04T23:35:06,net-01,3.5038
2026-01-04T23:36:00,cache-01,3.0076
2026-01-04T23:36:04,net-01,0.0267
2026-01-04T23:36:06,lb-01,0.3287
2026-01-04T23:36:15,lb-02,0.2929
2026-01-04T23:36:16,hd-01,6.0817
2026-01-04T23:36:45,hd-01,0.7789
2026-01-04T23:37:31,db-03,3.6583
2026-01-04T23:37:35,hd-01,4.7283
2026-01-04T23:37:51,lb-01,1.9171
2026-01-04T23:39:14,web-01,0.1015
2026-01-04T23:39:56,lb-02,0.1095
2026-01-04T23:40:14,db-01,3.2903
2026-01-04T23:41:26,web-05,0.7962
2026-01-04T23:41:46,net-02,7.5557
2026-01-04T23:41:51,hd-02,0.8358
2026-01-04T23:41:59,db-02,9.8239
2026-01-04T23:42:03,cache-02,19.7822
2026-01-04T23:42:25,hd-02,10.2355
2026-01-04T23:42:51,net-02,0.6097
2026-01-04T23:43:19,lb-01,0.0323
2026-01-04T23:43:33,cache-02,0.2023
2026-01-04T23:43:58,lb-01,2.0683
2026-01-04T23:44:52,cache-03,3.4973
2026-01-04T23:45:13,cache-02,4.0887
2026-01-04T23:45:24,hd-01,8.2062
2026-01-04T23:45:46,lb-01,2.4176
2026-01-04T23:46:00,hd-02,1.0770
2026-01-04T23:46:06,web-05,3.6861
2026-01-04T23:46:54,cache-02,3.9851
2026-01-04T23:46:55,web-04,2.4742
2026-01-04T23:47:25,hd-02,0.6454
2026-01-04T23:47:57,hd-02,2.2322
2026-01-04T23:48:29,net-04,0.9127
2026-01-04T23:49:17,web-03,0.7649
2026-01-04T23:50:40,net-04,10.3012
2026-01-04T23:52:07,hd-01,0.6538
2026-01-04T23:53:36,lb-01,0.2406
2026-01-04T23:54:27,web-05,11.6896
2026-01-04T23:55:22,hd-01,13.7764
2026-01-04T23:55:34,net-03,6.9443
2026-01-04T23:56:33,cache-03,0.6403
2026-01-04T23:56:45,db-01,3.8443
2026-01-04T23:56:52,hd-02,2.9022
2026-01-04T23:57:44,lb-02,17.5053
2026-01-04T23:58:19,lb-02,0.7130
2026-01-04T23:58:23,net-04,3.8897
2026-01-04T23:58:49,db-01,0.5937
2026-01-04T23:58:51,db-02,16.6568
2026-01-04T23:59:30,hd-02,1.7897
2026-01-04T23:59:31,lb-02,5.6031
2026-01-04T23:59:38,db-01,1.0471
2026-01-04T23:59:48,cache-03,23.2675
2026-01-05T00:00:13,db-01,2.8536
2026-01-05T00:00:34,db-01,1.9447
2026-01-05T00:01:20,web-01,4.2947
2026-01-05T00:02:45,lb-01,0.2857
2026-01-05T00:03:18,db-01,0.2727
2026-01-05T00:03:30,cache-02,0.4050
2026-01-05T00:03:39,hd-01,0.7129
2026-01-05T00:03:47,cache-03,4.6727
2026-01-05T00:03:54,db-02,1.6851
2026-01-05T00:04:18,cache-02,7.0414
2026-01-05T00:04:26,net-02,11.6515
2026-01-05T00:04:30,web-05,8.3142
2026-01-05T00:05:23,net-02,4.8349
2026-01-05T00:05:30,net-01,5.2526
2026-01-05T00:05:34,hd-02,0.2429
2026-01-05T00:06:22,lb-01,2.1535
2026-01-05T00:06:43,cache-02,8.2778
2026-01-05T00:07:08,web-05,3.3524
2026-01-05T00:07:14,web-03,0.7035
2026-01-05T00:07:37,hd-02,5.8927
2026-01-05T00:07:42,net-01,2.0073
2026-01-05T00:07:51,cache-02,1.4451
2026-01-05T00:08:30,db-01,1.9897
2026-01-05T00:08:35,cache-01,3.7212
2026-01-05T00:10:07,cache-03,6.0677
2026-01-05T00:10:20,web-02,0.2484
2026-01-05T00:10:20,net-02,10.1598
2026-01-05T00:10:30,lb-01,9.8322
2026-01-05T00:10:38,cache-01,4.8376
2026-01-05T00:11:15,web-02,0.9256
2026-01-05T00:12:25,lb-02,3.2069
2026-01-05T00:13:31,cache-01,0.9361
2026-01-05T00:13:41,net-03,13.1838
2026-01-05T00:14:25,net-04,4.2723
2026-01-05T00:15:17,lb-02,0.1473
2026-01-05T00:15:33,lb-02,28.3365
2026-01-05T00:16:28,lb-02,1.4283
2026-01-05T00:16:48,lb-02,0.8032
2026-01-05T00:17:29,web-05,15.3552
2026-01-05T00:18:38,lb-02,0.6261
2026-01-05T00:19:31,cache-03,2.3723
2026-01-05T00:19:32,lb-02,1.9998
2026-01-05T00:19:40,web-04,21.3382
2026-01-05T00:19:49,cache-02,5.0913
2026-01-05T00:19:55,net-03,8.9317
2026-01-05T00:20:09,web-05,0.9324
2026-01-05T00:20:19,db-01,1.2455
2026-01-05T00:20:33,hd-01,6.6199
2026-01-05T00:20:35,db-01,5.5675
2026-01-05T00:21:45,cache-01,2.5311
2026-01-05T00:22:00,net-04,0.6245
2026-01-05T00:22:13,cache-03,0.0220
2026-01-05T00:23:03,hd-02,2.2191
2026-01-05T00:23:14,web-04,17.6045
2026-01-05T00:24:13,cache-02,0.7988
2026-01-05T00:24:57,web-04,0.7838
2026-01-05T00:25:07,hd-02,0.1462
2026-01-05T00:25:18,lb-02,3.4815
2026-01-05T00:25:52,hd-02,0.4553
2026-01-05T00:26:03,net-03,1.7461
2026-01-05T00:26:26,db-03,3.9939
2026-01-05T00:27:57,web-03,2.7505
2026-01-05T00:28:36,net-03,1.7974
2026-01-05T00:29:05,net-02,1.1667
2026-01-05T00:29:08,cache-02,1.1099
2026-01-05T00:29:33,net-02,2.2480
2026-01-05T00:30:22,db-03,1.2874
2026-01-05T00:30:41,lb-02,5.1013
2026-01-05T00:30:49,cache-03,2.2223
2026-01-05T00:32:23,web-04,1.7309
2026-01-05T00:33:34,net-03,0.8862
2026-01-05T00:33:45,hd-01,20.4814
2026-01-05T00:33:57,cache-01,9.9463
2026-01-05T00:34:30,hd-02,2.6374
2026-01-05T00:35:03,web-04,0.7323
2026-01-05T00:35:10,net-04,1.0522
2026-01-05T00:36:02,net-02,0.9229
2026-01-05T00:36:07,hd-01,0.4768
2026-01-05T00:36:07,net-04,1.7036
2026-01-05T00:36:43,db-03,0.8452
2026-01-05T00:36:53,web-04,1.6483
2026-01-05T00:37:31,web-05,1.0784
2026-01-05T00:37:39,db-01,0.2993
2026-01-05T00:38:09,db-02,2.2427
2026-01-05T00:38:18,lb-02,0.5531
2026-01-05T00:38:39,db-02,8.4235
2026-01-05T00:38:40,web-02,3.8602
2026-01-05T00:39:22,net-02,0.0600
2026-01-05T00:39:41,hd-02,7.6845
2026-01-05T00:41:43,net-04,0.2973
2026-01-05T00:42:12,db-02,0.7828
2026-01-05T00:42:39,hd-01,2.6981
2026-01-05T00:42:47,hd-01,0.6621
2026-01-05T00:43:55,cache-03,2.2282
2026-01-05T00:43:57,lb-01,0.6758
2026-01-05T00:44:11,net-01,16.2927
2026-01-05T00:44:57,hd-01,0.3855
2026-01-05T00:44:57,hd-01,0.3245
2026-01-05T00:45:28,cache-01,0.5248
2026-01-05T00:45:51,web-02,2.5987
2026-01-05T00:46:23,net-01,1.3822
2026-01-05T00:47:08,hd-01,2.0813
2026-01-05T00:47:12,hd-01,25.3617
2026-01-05T00:47:28,db-03,1.3784
2026-01-05T00:47:44,db-02,0.4174
2026-01-05T00:48:03,web-05,7.6729
2026-01-05T00:48:13,hd-02,1.5044
2026-01-05T00:50:30,cache-01,2.1135
2026-01-05T00:52:43,cache-03,1.7892
2026-01-05T00:54:03,hd-02,4.9581
2026-01-05T00:54:15,net-02,0.0599
2026-01-05T00:54:17,web-02,6.3974
2026-01-05T00:54:42,db-03,3.3364
2026-01-05T00:55:16,db-01,6.1431
2026-01-05T00:56:08,hd-01,1.2095
2026-01-05T00:57:10,db-02,0.5042
2026-01-05T00:57:12,lb-02,0.1512
2026-01-05T00:57:56,web-03,2.4085
2026-01-05T00:58:10,hd-02,14.5871
2026-01-05T00:58:36,lb-02,3.0559
2026-01-05T00:58:40,hd-01,4.2098
2026-01-05T00:58:40,net-01,0.3090
2026-01-05T00:59:26,web-02,0.6611
2026-01-05T00:59:28,db-02,19.0119
2026-01-05T01:00:03,net-04,3.8984
2026-01-05T01:00:14,net-04,3.1454
2026-01-05T01:00:55,db-01,2.0404
2026-01-05T01:01:24,web-03,1.1842
2026-01-05T01:01:50,net-01,5.6021
2026-01-05T01:02:00,db-01,3.1911
2026-01-05T01:02:02,lb-02,6.5686
2026-01-05T01:02:02,web-04,0.8707
2026-01-05T01:03:04,hd-01,13.9598
2026-01-05T01:03:05,cache-01,0.9818
2026-01-05T01:03:08,lb-02,1.7656
2026-01-05T01:03:41,lb-01,0.6099
2026-01-05T01:03:51,cache-01,0.9561
2026-01-05T01:04:04,web-05,11.5669
2026-01-05T01:04:11,db-01,1.2977
2026-01-05T01:04:23,cache-01,1.7265
2026-01-05T01:04:41,cache-02,0.0959
2026-01-05T01:04:54,net-02,3.4916
2026-01-05T01:05:08,db-03,1.3815
2026-01-05T01:05:18,db-01,1.1422
2026-01-05T01:05:32,net-01,17.0314
2026-01-05T01:05:44,net-02,5.6418
2026-01-05T01:05:44,web-01,1.9805
2026-01-05T01:05:53,lb-01,1.0313
2026-01-05T01:06:35,web-05,9.5717
2026-01-05T01:06:52,hd-01,13.4583
2026-01-05T01:08:34,cache-03,5.1793
2026-01-05T01:09:21,cache-02,74.4419
2026-01-05T01:10:50,cache-03,1.4401
2026-01-05T01:10:51,web-04,0.1764
2026-01-05T01:10:59,hd-01,3.2719
2026-01-05T01:11:36,net-03,8.2982
2026-01-05T01:11:40,db-03,0.2712
2026-01-05T01:12:23,db-02,1.2075
2026-01-05T01:13:05,cache-03,1.2351
2026-01-05T01:13:05,cache-03,0.8759
2026-01-05T01:13:11,lb-02,0.6236
2026-01-05T01:13:24,net-04,21.5275
2026-01-05T01:13:37,net-04,0.4032
2026-01-05T01:13:42,web-01,0.4699
2026-01-05T01:13:54,web-03,2.3458
2026-01-05T01:15:01,lb-02,0.0263
2026-01-05T01:15:27,cache-02,0.2748
2026-01-05T01:15:30,net-01,2.8448
2026-01-05T01:16:07,cache-03,6.2155
2026-01-05T01:16:09,lb-01,5.4902
2026-01-05T01:16:48,db-01,0.1098
2026-01-05T01:17:03,net-03,5.3219
2026-01-05T01:17:09,db-02,2.4639
2026-01-05T01:17:41,hd-01,1.0473
2026-01-05T01:18:04,hd-01,2.4735
2026-01-05T01:18:27,net-01,0.3069
2026-01-05T01:19:25,db-02,1.8737
2026-01-05T01:19:37,net-04,0.3977
2026-01-05T01:19:41,lb-02,1.1172
2026-01-05T01:20:23,web-05,3.8111
2026-01-05T01:20:51,lb-01,0.1683
2026-01-05T01:20:56,lb-01,12.5212
2026-01-05T01:21:30,hd-02,5.4408
2026-01-05T01:21:44,lb-02,0.7658
2026-01-05T01:21:52,web-04,5.5708
2026-01-05T01:23:49,cache-03,0.1631
2026-01-05T01:24:40,cache-02,9.1305
2026-01-05T01:24:42,lb-02,4.0725
2026-01-05T01:26:51,cache-02,0.5355
2026-01-05T01:27:40,net-03,1.7872
2026-01-05T01:28:02,net-03,1.3742
2026-01-05T01:28:28,db-01,0.4166
2026-01-05T01:28:45,hd-02,4.6042
2026-01-05T01:29:26,net-01,5.0331
2026-01-05T01:30:06,web-04,2.9576
2026-01-05T01:30:48,net-02,6.9152
2026-01-05T01:31:12,db-02,2.3498
2026-01-05T01:32:20,db-02,0.9407
2026-01-05T01:32:23,hd-01,1.8211
2026-01-05T01:33:34,web-03,0.1231
2026-01-05T01:34:06,lb-02,1.8025
2026-01-05T01:35:12,hd-01,2.7635
2026-01-05T01:35:14,hd-02,23.7232
2026-01-05T01:36:02,hd-02,10.5899
2026-01-05T01:36:21,hd-01,4.3781
2026-01-05T01:36:42,net-04,1.7258
2026-01-05T01:36:52,hd-01,0.6002
2026-01-05T01:37:09,cache-03,3.8363
2026-01-05T01:38:14,web-02,1.4772
2026-01-05T01:38:24,hd-02,1.8297
2026-01-05T01:38:51,cache-03,3.5390
2026-01-05T01:39:06,cache-01,0.3313
2026-01-05T01:39:07,cache-03,3.2889
2026-01-05T01:39:13,cache-03,2.5993
2026-01-05T01:39:43,hd-02,1.4020
2026-01-05T01:39:49,cache-01,1.7220
2026-01-05T01:40:47,hd-01,1.0014
2026-01-05T01:41:02,hd-02,0.7611
2026-01-05T01:41:17,net-02,0.2428
2026-01-05T01:41:38,db-02,1.0512
2026-01-05T01:41:44,hd-02,0.2501
2026-01-05T01:42:56,cache-03,5.0081
2026-01-05T01:43:02,hd-02,1.1087
2026-01-05T01:43:02,hd-02,7.3501
2026-01-05T01:43:14,hd-02,1.9120
2026-01-05T01:43:52,lb-01,0.5379
2026-01-05T01:44:08,db-03,0.6557
2026-01-05T01:44:15,cache-02,0.1897
2026-01-05T01:44:49,db-03,0.1609
2026-01-05T01:46:03,hd-02,2.6892
2026-01-05T01:46:16,lb-02,0.1084
2026-01-05T01:46:57,net-03,1.7044
2026-01-05T01:47:32,hd-01,2.0144
2026-01-05T01:47:53,lb-02,1.8974
2026-01-05T01:48:36,net-04,0.5801
2026-01-05T01:48:50,hd-02,9.2314
2026-01-05T01:48:56,cache-02,0.8146
2026-01-05T01:49:23,cache-02,5.9099
2026-01-05T01:49:39,web-04,1.5061
2026-01-05T01:49:48,net-02,0.4996
2026-01-05T01:51:03,lb-02,7.3302
2026-01-05T01:51:32,db-01,8.2101
2026-01-05T01:52:19,lb-02,7.4012
2026-01-05T01:54:33,cache-03,2.7018
2026-01-05T01:54:54,db-01,2.7232
2026-01-05T01:55:32,web-01,0.1957
2026-01-05T01:55:40,db-03,2.5312
2026-01-05T01:58:07,db-01,27.4861
2026-01-05T01:58:17,cache-02,4.4702
2026-01-05T01:58:22,db-03,0.5424
2026-01-05T01:58:53,web-05,0.6661
2026-01-05T01:58:53,net-03,0.6588
2026-01-05T01:59:31,net-04,3.0931
2026-01-05T02:00:00,net-04,1.7197
2026-01-05T02:00:26,hd-01,2.3913
2026-01-05T02:00:26,lb-01,0.6616
2026-01-05T02:01:22,lb-01,2.1085
2026-01-05T02:01:40,hd-02,1.0322
2026-01-05T02:01:44,db-01,1.7909
2026-01-05T02:02:05,lb-01,1.9200
2026-01-05T02:03:52,hd-02,0.6186
2026-01-05T02:03:59,web-05,2.6000
2026-01-05T02:04:23,hd-01,0.2636
2026-01-05T02:04:41,net-02,0.0538
2026-01-05T02:05:06,hd-02,0.5556
2026-01-05T02:05:15,hd-02,0.0236
2026-01-05T02:05:29,web-03,5.8743
2026-01-05T02:06:32,lb-02,0.4219
2026-01-05T02:06:37,db-01,9.3110
2026-01-05T02:07:12,web-05,2.4688
2026-01-05T02:07:19,db-03,3.5632
2026-01-05T02:07:22,cache-03,0.9862
2026-01-05T02:07:23,net-01,1.3427
2026-01-05T02:07:39,db-03,2.6562
2026-01-05T02:08:43,cache-02,1.4367
2026-01-05T02:08:43,hd-02,2.3992
2026-01-05T02:09:20,hd-02,0.0083
2026-01-05T02:09:24,db-02,2.2221
2026-01-05T02:09:27,cache-01,0.9707
2026-01-05T02:09:35,lb-02,0.0702
2026-01-05T02:09:38,net-02,1.3845
2026-01-05T02:10:13,hd-02,17.5917
2026-01-05T02:10:33,cache-02,13.0701
2026-01-05T02:11:47,web-05,1.7602
2026-01-05T02:12:50,cache-01,3.2843
2026-01-05T02:12:57,web-03,4.0847
2026-01-05T02:14:07,web-05,0.6827
2026-01-05T02:14:42,net-03,0.0180
2026-01-05T02:14:44,db-03,2.3294
2026-01-05T02:15:39,web-03,0.5522
2026-01-05T02:16:34,lb-01,10.3141
2026-01-05T02:16:46,net-01,2.7351
2026-01-05T02:17:11,hd-02,2.2107
2026-01-05T02:17:43,hd-02,0.2355
2026-01-05T02:18:10,web-03,3.5073
2026-01-05T02:18:57,web-01,0.2963
2026-01-05T02:19:41,net-03,1.7168
2026-01-05T02:20:11,web-03,1.1938
2026-01-05T02:20:30,db-01,17.2518
2026-01-05T02:20:34,net-02,0.9536
2026-01-05T02:21:11,hd-01,1.8761
2026-01-05T02:21:49,hd-02,2.5259
2026-01-05T02:22:53,web-05,4.7558
2026-01-05T02:23:09,web-03,1.1590
2026-01-05T02:23:15,cache-01,2.7092
2026-01-05T02:23:42,web-02,0.2864
2026-01-05T02:24:15,web-03,33.7199
2026-01-05T02:24:27,lb-02,12.3856
2026-01-05T02:24:57,web-02,45.9746
2026-01-05T02:25:11,db-01,1.4969
2026-01-05T02:25:27,cache-02,0.0386
2026-01-05T02:25:31,hd-02,1.4151
2026-01-05T02:25:40,lb-01,2.2585
2026-01-05T02:26:03,lb-02,3.6104
2026-01-05T02:26:03,net-04,0.4773
2026-01-05T02:27:04,lb-01,1.1701
2026-01-05T02:27:07,db-03,0.8297
2026-01-05T02:27:56,lb-02,0.9221
2026-01-05T02:28:44,web-03,11.0759
2026-01-05T02:28:50,db-01,1.7908
2026-01-05T02:30:08,db-02,1.3411
2026-01-05T02:32:46,cache-03,8.3635
2026-01-05T02:33:10,hd-01,3.6696
2026-01-05T02:34:43,db-03,0.7879
2026-01-05T02:34:50,lb-01,1.4689
2026-01-05T02:34:56,web-04,1.9679
2026-01-05T02:35:53,web-05,7.2334
2026-01-05T02:36:01,net-03,1.5457
2026-01-05T02:36:32,web-05,0.1138
2026-01-05T02:37:21,net-01,0.0121
2026-01-05T02:38:50,lb-01,4.9395
2026-01-05T02:39:07,web-04,9.4097
2026-01-05T02:39:45,cache-02,6.5442
2026-01-05T02:39:57,net-03,4.2516
2026-01-05T02:40:04,cache-01,1.0120
2026-01-05T02:40:33,lb-02,0.4202
2026-01-05T02:40:46,net-01,0.6324
2026-01-05T02:40:53,db-01,0.5670
2026-01-05T02:42:21,net-04,13.1669
2026-01-05T02:42:33,lb-02,0.0100
2026-01-05T02:42:48,net-02,6.2020
2026-01-05T02:42:58,lb-02,0.3759
2026-01-05T02:43:13,cache-01,4.6067
2026-01-05T02:43:51,db-01,1.5456
2026-01-05T02:44:21,net-03,3.3003
2026-01-05T02:47:40,cache-01,0.8971
2026-01-05T02:47:43,web-01,5.0389
2026-01-05T02:48:49,net-04,0.6873
2026-01-05T02:49:22,cache-02,5.5929
2026-01-05T02:50:25,lb-01,4.1478
2026-01-05T02:50:29,hd-02,3.5660
2026-01-05T02:50:38,cache-03,2.5471
2026-01-05T02:50:55,cache-01,0.5465
2026-01-05T02:51:21,net-02,5.6814
2026-01-05T02:52:38,web-04,6.1824
2026-01-05T02:52:44,web-05,0.2532
2026-01-05T02:52:54,lb-02,11.1261
2026-01-05T02:53:41,db-02,1.6316
2026-01-05T02:53:41,hd-01,8.0750
2026-01-05T02:53:56,hd-02,0.5814
2026-01-05T02:54:18,hd-01,4.2691
2026-01-05T02:54:46,cache-01,3.2790
2026-01-05T02:55:20,hd-01,1.5134
2026-01-05T02:56:51,db-01,23.5562
2026-01-05T02:59:05,db-01,0.5294
2026-01-05T02:59:35,hd-01,10.3408
2026-01-05T02:59:52,cache-01,23.1688
2026-01-05T03:00:10,lb-02,16.5601
2026-01-05T03:00:40,db-03,0.5567
2026-01-05T03:01:11,hd-02,8.7500
2026-01-05T03:01:18,lb-02,1.8225
2026-01-05T03:01:22,net-03,13.5863
2026-01-05T03:01:53,cache-03,7.7253
2026-01-05T03:02:22,db-02,5.4156
2026-01-05T03:02:57,hd-01,10.6463
2026-01-05T03:03:12,net-01,3.3587
2026-01-05T03:03:37,lb-02,5.6997
2026-01-05T03:03:45,net-02,0.2215
2026-01-05T03:04:45,hd-01,0.1711
2026-01-05T03:05:02,db-02,2.3424
2026-01-05T03:06:13,db-02,0.9449
2026-01-05T03:06:14,net-04,4.8595
2026-01-05T03:07:03,lb-01,1.7277
2026-01-05T03:08:26,net-04,1.1181
2026-01-05T03:08:32,net-04,2.5906
2026-01-05T03:09:29,cache-03,5.9518
2026-01-05T03:09:47,hd-02,21.8804
2026-01-05T03:10:00,web-03,2.4512
2026-01-05T03:10:03,lb-01,100.0000
2026-01-05T03:10:42,lb-01,1.7793
2026-01-05T03:11:01,net-03,3.9110
2026-01-05T03:12:28,hd-02,0.4226
2026-01-05T03:13:41,hd-02,0.8978
2026-01-05T03:14:28,net-02,1.3251
2026-01-05T03:14:36,web-05,4.0535
2026-01-05T03:15:01,web-01,2.2496
2026-01-05T03:16:16,lb-02,0.1322
2026-01-05T03:16:19,web-02,0.0737
2026-01-05T03:16:49,cache-03,1.7608
2026-01-05T03:16:59,db-01,31.8071
2026-01-05T03:18:14,db-02,26.2477
2026-01-05T03:18:15,web-03,0.2924
2026-01-05T03:18:32,web-01,0.6473
2026-01-05T03:18:44,net-03,0.2867
2026-01-05T03:19:19,cache-03,20.8513
2026-01-05T03:19:41,net-01,0.0308
2026-01-05T03:19:48,cache-03,2.1537
2026-01-05T03:20:30,cache-01,0.4417
2026-01-05T03:20:43,db-01,6.5872
2026-01-05T03:20:53,hd-01,0.0546
2026-01-05T03:21:11,hd-02,6.3576
2026-01-05T03:22:05,net-01,0.2215
2026-01-05T03:22:36,cache-03,0.0838
2026-01-05T03:22:50,cache-02,16.4831
2026-01-05T03:22:52,db-03,1.1977
2026-01-05T03:22:57,cache-02,0.1438
2026-01-05T03:23:01,db-03,3.5460
2026-01-05T03:23:15,web-03,7.0953
2026-01-05T03:23:24,net-03,2.0617
2026-01-05T03:23:29,db-03,10.8577
2026-01-05T03:23:52,cache-03,1.7345
2026-01-05T03:24:05,db-03,1.3511
2026-01-05T03:24:12,web-01,2.5449
2026-01-05T03:24:50,web-02,5.6369
2026-01-05T03:24:56,web-05,5.7416
2026-01-05T03:24:59,db-03,10.9587
2026-01-05T03:25:13,net-01,1.9119
2026-01-05T03:25:35,lb-01,4.6502
2026-01-05T03:27:43,cache-03,1.7266
2026-01-05T03:28:12,lb-02,0.1228
2026-01-05T03:28:35,web-02,1.7076
2026-01-05T03:28:38,lb-01,5.2029
2026-01-05T03:28:58,hd-02,12.9968
2026-01-05T03:29:04,net-04,16.1455
2026-01-05T03:29:19,hd-02,5.5332
2026-01-05T03:30:31,net-02,2.6513
2026-01-05T03:30:37,hd-02,6.5921
2026-01-05T03:31:37,hd-02,0.1301
2026-01-05T03:32:02,db-01,0.7462
2026-01-05T03:32:08,web-02,5.1899
2026-01-05T03:32:30,hd-01,4.6731
2026-01-05T03:33:16,hd-01,1.9641
2026-01-05T03:33:39,lb-02,0.5493
2026-01-05T03:34:23,net-01,7.0063
2026-01-05T03:37:23,web-02,0.1975
2026-01-05T03:37:37,db-02,6.4550
2026-01-05T03:39:15,web-04,10.9005
2026-01-05T03:39:47,db-02,1.8968
2026-01-05T03:40:06,lb-01,2.4265
2026-01-05T03:40:31,lb-01,1.0893
2026-01-05T03:40:39,hd-01,0.0992
2026-01-05T03:41:12,net-01,0.6147
2026-01-05T03:41:27,cache-02,1.1366
2026-01-05T03:41:41,db-02,13.1451
2026-01-05T03:42:32,lb-02,7.1157
2026-01-05T03:42:35,hd-01,0.4996
2026-01-05T03:42:49,db-03,1.1295
2026-01-05T03:43:22,net-01,9.4599
2026-01-05T03:43:24,web-02,0.6349
2026-01-05T03:43:30,lb-01,3.2273
2026-01-05T03:43:59,lb-01,1.2274
2026-01-05T03:44:14,net-03,0.8617
2026-01-05T03:44:16,web-04,1.7990
2026-01-05T03:44:25,web-02,0.5410
2026-01-05T03:44:27,db-03,11.3147
2026-01-05T03:45:56,web-04,1.6363
2026-01-05T03:46:30,db-02,0.5630
2026-01-05T03:46:38,cache-01,11.3188
2026-01-05T03:46:49,hd-01,7.0608
2026-01-05T03:47:59,cache-03,2.3827
2026-01-05T03:48:09,net-04,0.4740
2026-01-05T03:48:39,db-02,1.7719
2026-01-05T03:48:43,lb-01,0.5287
2026-01-05T03:49:08,cache-03,8.5119
2026-01-05T03:49:44,hd-02,4.6930
2026-01-05T03:49:55,net-04,8.7863
2026-01-05T03:50:29,web-04,0.7438
2026-01-05T03:50:46,web-01,1.2018
2026-01-05T03:50:48,cache-01,0.3958
2026-01-05T03:51:14,hd-01,0.8123
2026-01-05T03:52:03,cache-03,0.8439
2026-01-05T03:52:06,cache-01,0.4563
2026-01-05T03:52:12,lb-02,3.0855
2026-01-05T03:52:22,db-01,0.2064
2026-01-05T03:52:33,web-01,3.1206
2026-01-05T03:52:42,lb-01,10.7695
2026-01-05T03:53:23,net-04,0.3088
2026-01-05T03:53:48,cache-03,1.8149
2026-01-05T03:54:01,net-02,13.6394
2026-01-05T03:54:20,web-02,11.2733
2026-01-05T03:54:44,lb-01,3.2366
2026-01-05T03:55:06,cache-01,1.7177
2026-01-05T03:55:08,web-04,1.3997
2026-01-05T03:55:14,web-02,0.2961
2026-01-05T03:55:36,hd-02,1.7132
2026-01-05T03:56:05,hd-02,5.7581
2026-01-05T03:56:43,net-04,5.5965
2026-01-05T03:56:48,net-03,3.8726
2026-01-05T03:56:51,web-05,16.0820
2026-01-05T03:57:05,lb-02,2.8466
2026-01-05T03:57:08,cache-02,1.8822
2026-01-05T03:57:18,db-02,3.3655
2026-01-05T03:57:56,db-03,5.1628
2026-01-05T03:58:16,net-03,2.2796
2026-01-05T03:58:33,net-02,0.0956
2026-01-05T03:59:18,lb-02,0.7466
2026-01-05T03:59:57,cache-01,1.4509
2026-01-05T04:01:11,web-04,1.0075
2026-01-05T04:01:31,cache-01,39.6598
2026-01-05T04:02:05,db-02,2.9596
2026-01-05T04:02:52,web-02,13.8637
2026-01-05T04:03:08,db-01,0.6098
2026-01-05T04:03:27,web-04,28.3829
2026-01-05T04:03:31,web-02,6.0268
2026-01-05T04:03:32,cache-03,3.9993
2026-01-05T04:03:35,db-03,1.2115
2026-01-05T04:04:04,web-03,0.7401
2026-01-05T04:04:30,web-01,2.1222
2026-01-05T04:04:54,hd-01,1.4038
2026-01-05T04:05:27,db-02,0.8753
2026-01-05T04:06:46,web-04,10.1119
2026-01-05T04:06:52,web-02,3.9647
2026-01-05T04:08:01,db-02,0.7842
2026-01-05T04:08:36,net-01,22.5423
2026-01-05T04:08:44,net-01,1.1772
2026-01-05T04:09:52,cache-03,0.1163
2026-01-05T04:10:11,cache-03,2.4740
2026-01-05T04:10:34,net-04,3.3208
2026-01-05T04:11:24,db-03,0.0499
2026-01-05T04:12:18,net-04,0.4999
2026-01-05T04:12:32,cache-02,4.8087
2026-01-05T04:12:42,hd-01,0.7772
2026-01-05T04:13:20,cache-03,4.6845
2026-01-05T04:15:37,web-02,10.9061
2026-01-05T04:15:54,lb-01,4.0134
2026-01-05T04:17:08,db-02,1.8340
2026-01-05T04:18:07,db-03,4.9042
2026-01-05T04:20:37,lb-01,0.0557
2026-01-05T04:21:05,db-03,0.4082
2026-01-05T04:21:30,web-01,0.3994
2026-01-05T04:21:58,net-01,1.1099
2026-01-05T04:21:59,web-02,0.2896
2026-01-05T04:22:04,cache-03,4.1453
2026-01-05T04:22:51,net-02,1.8221
2026-01-05T04:23:31,lb-01,7.7504
2026-01-05T04:24:20,hd-02,11.2233
2026-01-05T04:24:56,lb-02,9.9435
2026-01-05T04:26:06,lb-01,9.8942
2026-01-05T04:26:22,hd-02,1.9186
2026-01-05T04:27:32,cache-02,3.8230
2026-01-05T04:27:41,web-04,2.8332
2026-01-05T04:27:50,net-02,1.2771
2026-01-05T04:28:08,cache-02,1.4009
2026-01-05T04:28:08,lb-02,5.2525
2026-01-05T04:29:12,hd-02,0.8830
2026-01-05T04:29:13,cache-01,0.0888
2026-01-05T04:29:49,cache-01,0.1358
2026-01-05T04:30:29,net-03,2.6828
2026-01-05T04:31:01,hd-01,0.4947
2026-01-05T04:34:24,net-03,3.8948
2026-01-05T04:35:55,cache-03,3.6093
2026-01-05T04:35:57,cache-02,2.9827
2026-01-05T04:36:00,net-03,0.7940
2026-01-05T04:36:28,hd-02,0.1803
2026-01-05T04:37:13,lb-01,0.5915
2026-01-05T04:38:40,web-03,4.6967
2026-01-05T04:39:03,lb-01,16.1457
2026-01-05T04:39:19,web-04,0.5894
2026-01-05T04:39:49,lb-02,5.0158
2026-01-05T04:40:40,lb-02,0.9166
2026-01-05T04:40:46,db-02,1.4164
2026-01-05T04:41:03,db-03,3.8754
2026-01-05T04:41:09,lb-02,12.2325
2026-01-05T04:42:48,web-02,1.0272
2026-01-05T04:43:06,cache-01,2.4769
2026-01-05T04:44:07,net-02,1.6834
2026-01-05T04:45:22,web-03,7.5740
2026-01-05T04:45:45,lb-02,0.2296
2026-01-05T04:46:04,lb-01,0.5309
2026-01-05T04:47:05,web-04,7.8360
2026-01-05T04:48:07,db-03,0.4867
2026-01-05T04:48:31,web-04,1.5433
2026-01-05T04:48:49,hd-01,0.7439
2026-01-05T04:49:02,db-01,2.2319
2026-01-05T04:49:06,cache-02,0.0364
2026-01-05T04:49:23,web-04,1.4191
2026-01-05T04:50:13,net-01,0.7063
2026-01-05T04:50:20,lb-02,6.8390
2026-01-05T04:50:24,hd-02,0.7380
2026-01-05T04:50:32,db-03,2.3100
2026-01-05T04:50:36,net-03,2.5181
2026-01-05T04:51:00,hd-02,0.3499
2026-01-05T04:51:04,db-01,0.1516
2026-01-05T04:51:04,cache-03,0.5312
2026-01-05T04:52:09,lb-01,3.8926
2026-01-05T04:53:58,net-02,5.0991
2026-01-05T04:54:54,hd-02,2.2322
2026-01-05T04:54:57,net-04,5.0767
2026-01-05T04:55:33,cache-02,0.7950
2026-01-05T04:55:36,web-01,0.9298
2026-01-05T04:55:43,lb-01,15.2541
2026-01-05T04:55:47,cache-01,1.0724
2026-01-05T04:55:48,lb-01,0.4893
2026-01-05T04:56:05,web-01,72.8073
2026-01-05T04:56:43,hd-01,2.7653
2026-01-05T04:56:59,db-02,1.6653
2026-01-05T04:57:11,cache-02,3.2402
2026-01-05T04:58:11,web-05,1.7316
2026-01-05T04:58:45,lb-02,7.7141
2026-01-05T04:59:07,db-01,2.2970
2026-01-05T05:00:26,net-01,3.8225
2026-01-05T05:00:27,db-01,1.8513
2026-01-05T05:00:31,lb-01,12.1549
2026-01-05T05:01:21,web-04,2.3046
2026-01-05T05:01:50,cache-01,8.1889
2026-01-05T05:01:52,db-03,1.3167
2026-01-05T05:02:22,net-01,0.3908
2026-01-05T05:02:50,net-02,0.8349
2026-01-05T05:02:56,hd-01,6.5794
2026-01-05T05:03:22,lb-02,1.3840
2026-01-05T05:04:08,lb-01,11.7800
2026-01-05T05:04:49,cache-01,9.3390
2026-01-05T05:04:56,db-03,1.0689
2026-01-05T05:05:58,web-05,0.6515
2026-01-05T05:06:08,net-01,6.3904
2026-01-05T05:06:23,cache-02,2.5550
2026-01-05T05:06:55,net-03,0.5307
2026-01-05T05:07:05,net-01,0.0163
2026-01-05T05:07:12,lb-01,2.0400
2026-01-05T05:07:13,db-01,0.7843
2026-01-05T05:07:22,web-05,0.7756
2026-01-05T05:09:18,db-03,0.7819
2026-01-05T05:09:29,net-04,0.1849
2026-01-05T05:09:38,db-03,3.7587
2026-01-05T05:10:45,net-03,3.4950
2026-01-05T05:12:16,lb-01,5.6083
2026-01-05T05:12:19,cache-03,4.9357
2026-01-05T05:12:20,cache-03,5.3929
2026-01-05T05:13:29,db-02,3.4715
2026-01-05T05:13:34,net-02,1.6488
2026-01-05T05:13:57,web-04,36.6503
2026-01-05T05:14:17,cache-02,2.9200
2026-01-05T05:14:33,lb-01,2.4543
2026-01-05T05:16:29,db-01,1.4290
2026-01-05T05:17:14,net-04,8.4265
2026-01-05T05:17:34,db-03,0.3377
2026-01-05T05:17:35,web-05,0.5447
2026-01-05T05:18:15,net-01,5.3683
2026-01-05T05:18:24,hd-02,15.8188
2026-01-05T05:18:29,web-03,2.2296
2026-01-05T05:19:07,cache-01,1.6991
2026-01-05T05:19:39,web-03,0.6155
2026-01-05T05:20:24,db-03,0.0710
2026-01-05T05:22:02,hd-02,5.6045
2026-01-05T05:22:27,web-05,4.5249
2026-01-05T05:22:34,web-03,6.6868
2026-01-05T05:22:40,web-03,0.1936
2026-01-05T05:23:36,lb-01,1.8447
2026-01-05T05:23:38,net-01,2.1320
2026-01-05T05:23:43,web-05,0.5766
2026-01-05T05:24:49,web-04,1.1834
2026-01-05T05:25:02,lb-01,9.4413
2026-01-05T05:26:06,lb-01,2.5219
2026-01-05T05:28:01,db-01,2.6497
2026-01-05T05:29:32,db-03,2.3350
2026-01-05T05:29:42,hd-01,5.7709
2026-01-05T05:31:00,hd-01,0.3944
2026-01-05T05:31:42,net-02,7.8679
2026-01-05T05:31:46,web-02,18.3197
2026-01-05T05:32:16,web-04,8.1425
2026-01-05T05:32:29,web-05,4.0584
2026-01-05T05:32:50,db-03,5.7836
2026-01-05T05:33:17,net-02,9.4725
2026-01-05T05:33:34,hd-02,7.1202
2026-01-05T05:34:16,web-04,0.6152
2026-01-05T05:35:06,cache-03,3.5911
2026-01-05T05:35:10,db-03,0.8701
2026-01-05T05:35:11,db-02,2.0699
2026-01-05T05:35:26,db-01,0.6693
2026-01-05T05:35:32,db-01,1.3102
2026-01-05T05:35:45,hd-02,0.2486
2026-01-05T05:36:00,lb-02,6.2316
2026-01-05T05:36:19,lb-01,4.8418
2026-01-05T05:36:24,lb-01,4.4901
2026-01-05T05:36:46,db-03,0.4831
2026-01-05T05:38:12,hd-01,8.1189
2026-01-05T05:40:11,hd-02,18.8281
2026-01-05T05:40:47,db-02,0.2359
2026-01-05T05:41:11,net-04,12.6584
2026-01-05T05:41:16,web-04,1.6748
2026-01-05T05:41:17,lb-01,0.7105
2026-01-05T05:41:52,cache-02,2.3232
2026-01-05T05:42:49,web-03,1.2773
2026-01-05T05:43:11,hd-02,4.8301
2026-01-05T05:44:24,hd-02,23.7039
2026-01-05T05:44:26,net-02,7.2254
2026-01-05T05:45:10,web-04,1.4204
2026-01-05T05:45:53,cache-03,0.4056
2026-01-05T05:46:59,web-02,36.0454
2026-01-05T05:48:45,db-02,30.2360
2026-01-05T05:49:28,hd-01,2.1336
2026-01-05T05:49:55,web-01,1.1622
2026-01-05T05:50:00,net-01,4.5035
2026-01-05T05:50:41,db-01,2.0118
2026-01-05T05:50:50,db-01,1.5551
2026-01-05T05:52:02,hd-02,2.4974
2026-01-05T05:52:12,lb-02,12.1112
2026-01-05T05:52:35,hd-01,0.9782
2026-01-05T05:52:44,cache-02,3.1743
2026-01-05T05:54:58,cache-02,0.5172
2026-01-05T05:55:36,web-03,6.2802
2026-01-05T05:55:40,cache-01,2.7827
2026-01-05T05:55:43,net-01,4.4162
2026-01-05T05:56:56,web-01,0.2203
2026-01-05T05:57:05,cache-01,2.3017
2026-01-05T05:58:37,net-03,33.7368
2026-01-05T05:59:48,cache-02,0.8179
2026-01-05T06:00:16,hd-01,2.1627
2026-01-05T06:00:49,lb-02,5.4126
2026-01-05T06:00:54,lb-02,0.6667
2026-01-05T06:01:02,net-01,5.1344
2026-01-05T06:01:13,hd-02,0.7469
2026-01-05T06:02:07,cache-02,13.6589
2026-01-05T06:02:38,web-01,15.3079
2026-01-05T06:03:13,web-03,0.6207
2026-01-05T06:03:18,db-01,0.2587
2026-01-05T06:03:59,web-01,5.1693
2026-01-05T06:04:35,web-01,1.1545
2026-01-05T06:05:15,lb-02,4.8866
2026-01-05T06:05:27,web-02,2.9391
2026-01-05T06:05:32,hd-02,2.4292
2026-01-05T06:06:02,lb-01,1.2805
2026-01-05T06:06:21,hd-02,8.3741
2026-01-05T06:06:26,cache-02,1.0294
2026-01-05T06:06:27,db-01,0.0739
2026-01-05T06:06:39,lb-01,4.2466
2026-01-05T06:06:49,net-02,1.8418
2026-01-05T06:07:22,web-02,2.8150
2026-01-05T06:07:34,hd-01,2.9751
2026-01-05T06:07:37,net-03,2.7264
2026-01-05T06:08:06,lb-02,21.5342
2026-01-05T06:08:10,db-02,4.7140
2026-01-05T06:09:08,lb-01,0.3505
2026-01-05T06:09:25,web-05,1.2781
2026-01-05T06:10:31,cache-02,0.0903
2026-01-05T06:10:37,net-02,2.8845
2026-01-05T06:11:35,web-01,0.4443
2026-01-05T06:11:46,hd-01,0.8104
2026-01-05T06:12:04,web-01,1.0020
2026-01-05T06:12:08,hd-01,0.4752
2026-01-05T06:12:32,lb-02,0.3183
2026-01-05T06:12:55,hd-02,10.1311
2026-01-05T06:13:13,cache-01,0.7291
2026-01-05T06:13:14,lb-01,5.9897
2026-01-05T06:13:15,lb-01,0.6030
2026-01-05T06:13:29,lb-02,28.5931
2026-01-05T06:13:31,web-04,2.7439
2026-01-05T06:14:10,cache-01,3.9548
2026-01-05T06:14:50,lb-01,15.0118
2026-01-05T06:15:07,hd-01,0.9824
2026-01-05T06:15:13,hd-01,15.4185
2026-01-05T06:15:16,lb-01,1.7565
2026-01-05T06:16:05,cache-01,1.7562
2026-01-05T06:16:13,net-02,0.7981
2026-01-05T06:16:21,db-03,6.2948
2026-01-05T06:16:41,cache-03,0.4580
2026-01-05T06:16:50,web-05,1.0027
2026-01-05T06:17:15,cache-01,2.6861
2026-01-05T06:19:39,db-03,3.0007
2026-01-05T06:20:04,lb-02,10.0412
2026-01-05T06:21:13,db-03,0.9381
2026-01-05T06:21:20,net-04,0.2337
2026-01-05T06:22:25,web-02,0.3517
2026-01-05T06:22:26,hd-02,3.8821
2026-01-05T06:23:35,cache-01,2.4540
2026-01-05T06:24:36,db-01,0.3211
2026-01-05T06:25:14,db-01,0.2807
2026-01-05T06:25:18,net-04,0.6437
2026-01-05T06:25:31,hd-01,1.2392
2026-01-05T06:25:55,web-04,0.5152
2026-01-05T06:26:14,lb-01,0.1705
2026-01-05T06:26:39,lb-02,2.8653
2026-01-05T06:26:59,lb-02,3.3162
2026-01-05T06:27:05,db-03,1.5071
2026-01-05T06:27:52,cache-03,5.7676
2026-01-05T06:28:05,web-05,0.3197
2026-01-05T06:29:17,db-02,1.2107
2026-01-05T06:29:26,hd-01,0.1508
2026-01-05T06:29:33,cache-01,0.3881
2026-01-05T06:29:41,db-02,4.5789
2026-01-05T06:30:06,hd-01,1.9344
2026-01-05T06:30:24,cache-01,2.2351
2026-01-05T06:31:38,cache-02,10.7946
2026-01-05T06:31:40,lb-02,0.4086
2026-01-05T06:31:49,cache-01,0.5364
2026-01-05T06:32:04,db-02,3.6351
2026-01-05T06:32:10,net-04,16.1302
2026-01-05T06:32:40,lb-01,34.2220
2026-01-05T06:32:43,db-02,0.9887
2026-01-05T06:33:07,hd-01,1.5495
2026-01-05T06:33:07,web-03,24.3158
2026-01-05T06:35:33,cache-03,1.2828
2026-01-05T06:35:39,web-05,3.0040
2026-01-05T06:36:05,lb-01,3.9476
2026-01-05T06:36:58,net-01,1.3388
2026-01-05T06:37:33,web-05,1.3742
2026-01-05T06:38:58,lb-01,4.3044
2026-01-05T06:39:41,lb-01,0.7931
2026-01-05T06:40:19,db-01,0.3780
2026-01-05T06:41:08,cache-01,4.5434
2026-01-05T06:41:10,net-04,8.0821
2026-01-05T06:41:29,cache-02,1.3854
2026-01-05T06:41:49,lb-01,0.6527
2026-01-05T06:42:19,hd-01,0.6357
2026-01-05T06:42:28,hd-02,0.8251
2026-01-05T06:42:50,web-05,12.4674
2026-01-05T06:43:00,net-04,6.9204
2026-01-05T06:43:23,net-04,4.3226
2026-01-05T06:45:54,db-03,0.8986
2026-01-05T06:45:56,lb-02,0.5522
2026-01-05T06:45:58,web-04,0.6515
2026-01-05T06:46:01,cache-02,0.5991
2026-01-05T06:46:30,db-03,8.0243
2026-01-05T06:46:35,cache-02,2.9000
2026-01-05T06:46:43,lb-01,3.5195
2026-01-05T06:46:45,net-04,0.2177
2026-01-05T06:47:39,cache-02,0.8072
2026-01-05T06:48:27,net-01,1.2571
2026-01-05T06:48:31,net-01,0.7405
2026-01-05T06:49:01,db-02,0.3324
2026-01-05T06:49:03,hd-01,23.8883
2026-01-05T06:49:17,cache-03,0.7632
2026-01-05T06:49:30,cache-02,6.1591
2026-01-05T06:50:31,hd-02,8.5269
2026-01-05T06:50:46,cache-02,0.9621
2026-01-05T06:50:56,hd-02,20.2081
2026-01-05T06:51:03,db-01,7.9988
2026-01-05T06:51:14,net-02,1.2626
2026-01-05T06:51:28,net-01,1.5792
2026-01-05T06:51:57,hd-01,11.7177
2026-01-05T06:52:18,hd-01,4.2697
2026-01-05T06:52:37,db-01,3.7576
2026-01-05T06:53:15,net-01,1.5392
2026-01-05T06:53:17,lb-01,0.1463
2026-01-05T06:53:17,db-01,0.6814
2026-01-05T06:54:50,net-02,2.3849
2026-01-05T06:55:22,cache-03,16.8839
2026-01-05T06:56:04,net-03,10.6323
2026-01-05T06:56:12,lb-01,0.7680
2026-01-05T06:56:17,db-01,2.0109
2026-01-05T06:56:40,hd-02,0.9717
2026-01-05T06:58:09,hd-01,3.6260
2026-01-05T06:58:20,cache-02,1.3097
2026-01-05T06:58:23,net-04,0.6266
2026-01-05T06:58:33,net-04,0.3115
2026-01-05T06:58:50,web-01,2.1000
2026-01-05T06:59:05,net-04,7.7290
2026-01-05T06:59:34,cache-01,2.5811
2026-01-05T06:59:54,hd-01,2.2792
2026-01-05T07:01:28,lb-01,0.7773
2026-01-05T07:01:48,lb-02,8.3685
2026-01-05T07:02:15,web-01,0.9625
2026-01-05T07:02:46,net-03,3.5497
2026-01-05T07:02:46,db-03,0.2285
2026-01-05T07:03:26,net-04,32.3506
2026-01-05T07:03:30,cache-03,2.7112
2026-01-05T07:03:51,db-02,9.9377
2026-01-05T07:05:15,web-03,1.5482
2026-01-05T07:05:18,cache-01,14.6792
2026-01-05T07:05:55,db-01,1.2668
2026-01-05T07:06:30,lb-02,3.2931
2026-01-05T07:06:32,lb-02,0.8893
2026-01-05T07:06:43,cache-02,4.5827
2026-01-05T07:06:46,db-01,14.2046
2026-01-05T07:07:27,net-02,2.4323
2026-01-05T07:08:02,db-01,1.8166
2026-01-05T07:08:14,lb-01,2.9779
2026-01-05T07:09:12,lb-02,1.9523
2026-01-05T07:09:54,hd-01,4.4834
2026-01-05T07:10:37,web-04,4.8158
2026-01-05T07:10:55,net-03,2.1639
2026-01-05T07:11:25,lb-02,0.2361
2026-01-05T07:12:11,hd-02,0.1168
2026-01-05T07:12:20,hd-02,5.4906
2026-01-05T07:12:37,db-01,1.6535
2026-01-05T07:12:49,cache-03,1.7565
2026-01-05T07:12:55,db-02,0.2230
2026-01-05T07:13:36,lb-02,0.7166
2026-01-05T07:13:43,net-02,1.3826
2026-01-05T07:14:08,hd-02,7.7057
2026-01-05T07:14:17,web-04,0.9796
2026-01-05T07:16:08,db-03,8.0064
2026-01-05T07:16:25,net-04,0.1359
2026-01-05T07:16:48,cache-03,0.7350
2026-01-05T07:17:09,hd-02,0.9080
2026-01-05T07:17:11,hd-01,0.2524
2026-01-05T07:19:05,web-01,0.2730
2026-01-05T07:19:24,hd-01,3.1875
2026-01-05T07:19:48,lb-02,3.1598
2026-01-05T07:19:50,cache-02,10.3803
2026-01-05T07:20:18,cache-01,2.5146
2026-01-05T07:21:01,cache-01,1.5632
2026-01-05T07:21:07,hd-01,2.8674
2026-01-05T07:21:11,lb-02,3.1112
2026-01-05T07:22:29,hd-01,3.6323
2026-01-05T07:22:57,web-01,1.5647
2026-01-05T07:23:26,net-01,3.1955
2026-01-05T07:23:54,db-03,4.9037
2026-01-05T07:24:03,cache-02,0.5365
2026-01-05T07:24:39,lb-01,2.9132
2026-01-05T07:25:00,db-01,1.4740
2026-01-05T07:26:06,db-02,1.1726
2026-01-05T07:28:25,net-02,1.5952
2026-01-05T07:29:20,db-01,2.3430
2026-01-05T07:29:44,net-04,2.1991
2026-01-05T07:30:31,cache-03,0.2587
2026-01-05T07:30:42,net-04,0.5147
2026-01-05T07:31:13,lb-01,1.0624
2026-01-05T07:31:17,db-01,8.5699
2026-01-05T07:31:29,web-05,0.0893
2026-01-05T07:31:57,hd-02,1.4687
2026-01-05T07:32:36,db-02,0.0549
2026-01-05T07:32:58,hd-01,0.1452
2026-01-05T07:33:18,db-01,5.8630
2026-01-05T07:34:14,lb-02,1.0310
2026-01-05T07:34:48,lb-01,4.1268
2026-01-05T07:34:49,hd-02,0.9030
2026-01-05T07:36:39,hd-02,0.4256
2026-01-05T07:37:13,db-03,0.8619
2026-01-05T07:38:08,net-03,3.2136
2026-01-05T07:38:08,cache-01,10.4799
2026-01-05T07:38:53,hd-02,2.8072
2026-01-05T07:39:46,net-01,4.3226
2026-01-05T07:40:06,web-05,1.8283
2026-01-05T07:40:54,hd-01,0.7144
2026-01-05T07:41:06,cache-02,1.2866
2026-01-05T07:42:17,net-02,0.1516
2026-01-05T07:42:30,cache-02,2.6790
2026-01-05T07:43:18,hd-01,1.0088
2026-01-05T07:43:44,lb-02,1.8401
2026-01-05T07:44:54,lb-02,1.3328
2026-01-05T07:45:50,web-05,1.6659
2026-01-05T07:46:01,cache-03,0.6964
2026-01-05T07:46:15,db-02,0.9075
2026-01-05T07:47:02,lb-01,5.6937
2026-01-05T07:47:41,lb-01,0.5421
2026-01-05T07:47:48,net-03,1.8460
2026-01-05T07:48:28,lb-02,2.1681
2026-01-05T07:48:58,hd-02,0.8523
2026-01-05T07:49:28,db-02,2.7016
2026-01-05T07:49:49,db-02,2.7638
2026-01-05T07:50:20,web-02,2.3741
2026-01-05T07:50:23,cache-03,1.4902
2026-01-05T07:50:40,lb-01,0.8045
2026-01-05T07:50:54,hd-01,0.3176
2026-01-05T07:51:07,web-03,4.6923
2026-01-05T07:51:24,web-05,9.7807
2026-01-05T07:51:40,db-03,0.3636
2026-01-05T07:51:46,net-02,0.4151
2026-01-05T07:52:47,web-01,3.8891
2026-01-05T07:53:38,hd-02,0.9937
2026-01-05T07:53:39,hd-02,14.9365
2026-01-05T07:53:48,cache-02,5.6419
2026-01-05T07:54:33,hd-02,11.2916
2026-01-05T07:54:45,db-01,2.1570
2026-01-05T07:55:08,lb-01,0.3031
2026-01-05T07:55:29,db-01,0.8828
2026-01-05T07:55:56,db-02,0.0921
2026-01-05T07:56:00,web-03,1.5664
2026-01-05T07:56:00,hd-01,1.2133
2026-01-05T07:56:17,lb-02,0.7172
2026-01-05T07:56:30,web-02,0.3172
2026-01-05T07:56:32,cache-03,3.7371
2026-01-05T07:57:58,net-03,2.8849
2026-01-05T08:00:11,net-02,0.5061
2026-01-05T08:00:18,net-04,11.2792
2026-01-05T08:02:32,cache-03,2.1668
2026-01-05T08:03:10,hd-01,5.9517
2026-01-05T08:03:48,net-01,1.4951
2026-01-05T08:04:37,lb-01,1.7381
2026-01-05T08:04:39,cache-03,0.0287
2026-01-05T08:07:18,lb-02,2.2553
2026-01-05T08:07:43,cache-01,0.6986
2026-01-05T08:09:05,web-01,2.6037
2026-01-05T08:10:01,hd-02,3.8686
2026-01-05T08:10:16,cache-03,8.2756
2026-01-05T08:10:20,net-03,1.1403
2026-01-05T08:10:34,cache-03,0.1888
2026-01-05T08:10:50,cache-01,0.2474
2026-01-05T08:11:00,web-02,5.0900
2026-01-05T08:11:11,lb-02,0.4700
2026-01-05T08:11:19,lb-01,3.0471
2026-01-05T08:12:36,net-02,1.0323
2026-01-05T08:12:48,cache-02,0.6302
2026-01-05T08:12:52,db-03,1.6431
2026-01-05T08:13:09,cache-01,0.4715
2026-01-05T08:14:06,hd-01,0.3736
2026-01-05T08:14:39,cache-03,0.0389
2026-01-05T08:14:44,hd-01,3.3731
2026-01-05T08:14:46,lb-01,0.7789
2026-01-05T08:15:24,cache-03,1.3083
2026-01-05T08:17:06,net-02,20.5790
2026-01-05T08:17:18,db-01,0.4722
2026-01-05T08:18:13,net-04,0.1806
2026-01-05T08:18:30,db-03,1.5648
2026-01-05T08:19:11,db-01,2.9236
2026-01-05T08:19:19,web-01,3.5409
2026-01-05T08:19:35,db-03,9.2756
2026-01-05T08:19:56,cache-01,10.3215
2026-01-05T08:20:50,web-05,1.1333
2026-01-05T08:21:53,net-01,0.0508
2026-01-05T08:22:36,cache-03,4.2659
2026-01-05T08:24:29,db-01,0.3230
2026-01-05T08:25:56,cache-01,3.1757
2026-01-05T08:26:01,db-02,1.3509
2026-01-05T08:27:52,web-05,1.5396
2026-01-05T08:28:26,lb-01,0.5258
2026-01-05T08:28:40,web-05,100.0000
2026-01-05T08:28:47,db-03,0.2396
2026-01-05T08:29:43,cache-03,8.4447
2026-01-05T08:30:49,net-04,4.4448
2026-01-05T08:31:45,web-05,2.3704
2026-01-05T08:32:11,db-03,5.9740
2026-01-05T08:32:25,hd-01,1.5151
2026-01-05T08:32:48,net-04,0.4440
2026-01-05T08:32:54,hd-01,5.1892
2026-01-05T08:34:28,net-02,4.8308
2026-01-05T08:34:41,cache-03,0.5981
2026-01-05T08:35:35,cache-02,2.8718
2026-01-05T08:36:40,hd-02,5.0440
2026-01-05T08:37:06,web-05,0.3999
2026-01-05T08:37:31,lb-01,2.5708
2026-01-05T08:37:44,hd-01,33.3051
2026-01-05T08:38:28,hd-01,3.0206
2026-01-05T08:38:53,net-03,1.4317
2026-01-05T08:39:26,web-03,8.7417
2026-01-05T08:39:57,lb-01,0.6398
2026-01-05T08:40:01,web-03,7.6823
2026-01-05T08:40:08,lb-01,0.1761
2026-01-05T08:40:54,lb-01,2.9734
2026-01-05T08:42:25,web-02,3.6715
2026-01-05T08:43:02,lb-02,1.0715
2026-01-05T08:43:27,db-03,0.4429
2026-01-05T08:43:48,hd-01,0.3206
2026-01-05T08:43:57,net-04,1.4624
2026-01-05T08:44:25,cache-01,6.6151
2026-01-05T08:44:33,db-03,1.2128
2026-01-05T08:44:40,lb-01,2.2743
2026-01-05T08:44:49,cache-03,2.6488
2026-01-05T08:44:56,hd-01,0.2871
2026-01-05T08:45:20,cache-02,1.4473
2026-01-05T08:45:49,lb-01,0.3833
2026-01-05T08:46:04,cache-02,4.2189
2026-01-05T08:47:18,db-01,3.4006
2026-01-05T08:47:45,web-02,0.8557
2026-01-05T08:48:16,hd-01,0.8805
2026-01-05T08:48:28,db-01,3.0113
2026-01-05T08:48:52,web-02,0.9776
2026-01-05T08:49:08,web-05,1.4524
2026-01-05T08:49:18,web-02,2.7241
2026-01-05T08:49:21,net-02,22.2096
2026-01-05T08:49:41,db-02,0.2280
2026-01-05T08:50:21,web-04,5.4543
2026-01-05T08:51:02,web-03,0.1400
2026-01-05T08:51:13,lb-02,4.8764
2026-01-05T08:52:01,net-04,4.4655
2026-01-05T08:52:14,web-03,9.0626
2026-01-05T08:52:48,db-03,6.6705
2026-01-05T08:52:58,db-02,4.2736
2026-01-05T08:53:12,db-01,11.6915
2026-01-05T08:53:23,cache-01,4.7258
2026-01-05T08:54:00,lb-02,0.5393
2026-01-05T08:54:14,db-02,1.2441
2026-01-05T08:54:20,hd-01,1.3263
2026-01-05T08:54:32,lb-01,6.1702
2026-01-05T08:55:03,cache-02,0.0471
2026-01-05T08:56:24,hd-01,0.5271
2026-01-05T08:57:06,cache-01,0.5298
2026-01-05T08:57:51,net-02,12.8082
2026-01-05T08:57:54,web-01,0.8768
2026-01-05T08:58:00,db-03,0.1469
2026-01-05T08:58:57,lb-02,2.9635
2026-01-05T08:59:14,lb-01,2.9754
2026-01-05T08:59:19,web-05,3.6828
2026-01-05T08:59:30,web-02,0.0686
2026-01-05T09:00:05,db-02,0.8160
2026-01-05T09:00:22,net-04,1.0829
2026-01-05T09:00:35,hd-02,1.8227
2026-01-05T09:01:13,lb-01,5.2028
2026-01-05T09:01:33,hd-01,0.0971
2026-01-05T09:01:37,web-02,2.8214
2026-01-05T09:02:46,db-02,1.2445
2026-01-05T09:02:47,cache-02,11.8704
2026-01-05T09:03:02,hd-01,1.3586
2026-01-05T09:03:26,lb-02,0.2756
2026-01-05T09:03:31,net-03,0.7971
2026-01-05T09:05:13,net-02,1.3711
2026-01-05T09:05:14,hd-01,2.1509
2026-01-05T09:05:22,net-01,0.2216
2026-01-05T09:05:41,db-01,0.4859
2026-01-05T09:07:10,net-01,2.3266
2026-01-05T09:07:10,hd-02,4.6334
2026-01-05T09:07:36,lb-01,0.4915
2026-01-05T09:08:22,cache-01,0.4081
2026-01-05T09:08:22,cache-02,3.5041
2026-01-05T09:08:22,cache-01,0.8366
2026-01-05T09:09:01,net-03,12.0150
2026-01-05T09:09:39,lb-01,5.2505
2026-01-05T09:11:09,net-03,0.4184
2026-01-05T09:11:35,web-05,4.9555
2026-01-05T09:11:51,net-01,3.0608
2026-01-05T09:12:24,hd-01,3.6455
2026-01-05T09:12:25,cache-02,9.6001
2026-01-05T09:12:43,lb-02,1.3795
2026-01-05T09:12:45,lb-02,6.0453
2026-01-05T09:12:58,web-03,47.2575
2026-01-05T09:12:59,web-01,0.4830
2026-01-05T09:13:21,cache-01,4.3386
2026-01-05T09:13:21,hd-01,0.5086
2026-01-05T09:13:25,net-01,14.4318
2026-01-05T09:13:58,db-01,15.9286
2026-01-05T09:14:32,lb-01,3.3414
2026-01-05T09:14:53,lb-02,5.3099
2026-01-05T09:15:39,db-03,0.6651
2026-01-05T09:15:54,lb-01,15.4935
2026-01-05T09:16:19,net-02,5.4320
2026-01-05T09:16:35,db-03,0.7774
2026-01-05T09:16:42,net-02,0.5672
2026-01-05T09:16:45,cache-03,4.2154
2026-01-05T09:17:45,lb-01,0.0419
2026-01-05T09:19:15,cache-01,3.4892
2026-01-05T09:20:37,hd-01,0.5762
2026-01-05T09:20:45,cache-03,13.1512
2026-01-05T09:21:03,net-04,8.1118
2026-01-05T09:21:12,net-02,1.7397
2026-01-05T09:21:27,web-03,0.8013
2026-01-05T09:21:37,lb-02,3.6842
2026-01-05T09:21:53,web-02,6.0585
2026-01-05T09:22:17,lb-01,22.3954
2026-01-05T09:22:35,net-04,2.4979
2026-01-05T09:22:40,net-04,3.0123
2026-01-05T09:22:40,lb-02,0.7163
2026-01-05T09:23:22,db-03,4.7468
2026-01-05T09:24:09,lb-01,15.8162
2026-01-05T09:24:46,hd-02,0.7711
2026-01-05T09:25:41,db-01,6.8922
2026-01-05T09:25:59,net-01,2.8516
2026-01-05T09:27:09,hd-01,0.2556
2026-01-05T09:27:25,net-01,7.0949
2026-01-05T09:27:59,cache-02,0.8751
2026-01-05T09:28:01,web-03,2.6856
2026-01-05T09:28:30,hd-02,1.1996
2026-01-05T09:28:57,db-02,0.4620
2026-01-05T09:29:34,cache-01,0.1825
2026-01-05T09:30:15,web-04,8.4182
2026-01-05T09:30:16,web-02,1.8687
2026-01-05T09:30:21,web-02,27.5272
2026-01-05T09:31:05,web-01,4.7328
2026-01-05T09:31:15,web-05,6.3237
2026-01-05T09:31:46,hd-02,0.6806
2026-01-05T09:32:09,web-03,0.2566
2026-01-05T09:33:56,net-03,4.5510
2026-01-05T09:34:36,lb-02,0.1914
2026-01-05T09:34:49,db-01,0.1738
2026-01-05T09:35:03,lb-02,3.1902
2026-01-05T09:35:36,web-02,0.6824
2026-01-05T09:35:43,lb-01,0.1865
2026-01-05T09:36:10,cache-03,2.5215
2026-01-05T09:37:21,db-02,2.4702
2026-01-05T09:38:22,web-03,0.3803
2026-01-05T09:39:14,lb-01,9.3358
2026-01-05T09:40:35,lb-02,0.7105
2026-01-05T09:41:02,db-01,2.5199
2026-01-05T09:41:25,net-04,0.8611
2026-01-05T09:42:15,lb-01,1.6629
2026-01-05T09:42:24,lb-01,1.4920
2026-01-05T09:42:57,cache-01,29.3163
2026-01-05T09:43:19,lb-01,1.5582
2026-01-05T09:43:50,cache-02,2.5041
2026-01-05T09:43:58,net-04,2.3154
2026-01-05T09:44:08,hd-01,0.7859
2026-01-05T09:45:20,web-05,2.9384
2026-01-05T09:46:01,net-01,1.2651
2026-01-05T09:46:22,net-01,7.7264
2026-01-05T09:47:19,net-01,0.7694
2026-01-05T09:47:24,web-03,0.6152
2026-01-05T09:48:13,web-01,8.0025
2026-01-05T09:48:40,lb-02,1.7147
2026-01-05T09:48:42,net-01,1.0236
2026-01-05T09:48:48,cache-03,2.2112
2026-01-05T09:48:58,cache-01,4.0207
2026-01-05T09:49:32,cache-03,4.2366
2026-01-05T09:50:29,lb-02,1.7600
2026-01-05T09:51:09,hd-02,2.0286
2026-01-05T09:51:34,lb-02,19.2707
2026-01-05T09:51:39,cache-03,0.3883
2026-01-05T09:52:29,net-01,0.2653
2026-01-05T09:52:50,lb-02,2.6888
2026-01-05T09:52:57,db-01,0.2414
2026-01-05T09:54:03,lb-01,4.5961
2026-01-05T09:54:58,db-01,0.3643
2026-01-05T09:56:24,hd-01,2.2040
2026-01-05T09:56:55,lb-01,1.6640
2026-01-05T09:56:57,cache-02,2.2412
2026-01-05T09:57:41,db-03,1.6216
2026-01-05T09:57:48,cache-03,0.5021
2026-01-05T09:57:58,web-01,0.2915
2026-01-05T09:58:14,db-03,5.8249
2026-01-05T09:58:46,db-01,2.3342
2026-01-05T09:59:16,hd-01,0.6260
2026-01-05T09:59:17,lb-01,1.1757
2026-01-05T09:59:32,net-03,1.4386
2026-01-05T10:00:11,web-02,8.9249
2026-01-05T10:00:15,net-01,0.1238
2026-01-05T10:01:02,hd-01,0.6991
2026-01-05T10:01:35,cache-03,1.8270
2026-01-05T10:01:47,db-01,3.1355
2026-01-05T10:01:56,lb-02,0.1995
2026-01-05T10:02:08,net-03,0.1356
2026-01-05T10:02:21,db-02,2.2224
2026-01-05T10:03:59,hd-01,0.4410
2026-01-05T10:04:01,cache-01,12.1346
2026-01-05T10:04:03,cache-03,3.8764
2026-01-05T10:04:31,db-03,1.4931
2026-01-05T10:05:13,db-02,1.8939
2026-01-05T10:05:37,cache-02,11.1488
2026-01-05T10:06:09,hd-02,0.3146
2026-01-05T10:07:03,net-01,10.8678
2026-01-05T10:07:51,net-01,2.8174
2026-01-05T10:07:54,web-01,5.7644
2026-01-05T10:09:26,db-03,24.3122
2026-01-05T10:09:32,db-03,2.2117
2026-01-05T10:09:43,cache-01,0.4165
2026-01-05T10:10:46,web-01,6.0332
2026-01-05T10:11:00,db-03,0.6254
2026-01-05T10:11:10,web-01,3.2639
2026-01-05T10:11:42,cache-03,10.7851
2026-01-05T10:12:00,net-02,4.3841
2026-01-05T10:12:31,lb-01,0.0989
2026-01-05T10:12:36,lb-02,3.9257
2026-01-05T10:12:44,web-04,4.0755
2026-01-05T10:14:21,db-02,0.1440
2026-01-05T10:14:43,net-03,1.2462
2026-01-05T10:15:39,lb-01,4.7809
2026-01-05T10:17:40,cache-02,42.0663
2026-01-05T10:18:20,cache-02,1.8872
2026-01-05T10:18:25,net-02,4.8628
2026-01-05T10:19:02,cache-02,9.2311
2026-01-05T10:19:14,net-03,0.3460
2026-01-05T10:19:15,cache-01,3.3307
2026-01-05T10:19:26,lb-01,3.8416
2026-01-05T10:19:35,hd-01,0.0765
2026-01-05T10:20:49,db-01,1.6531
2026-01-05T10:20:51,lb-02,34.7192
2026-01-05T10:21:19,cache-02,1.8574
2026-01-05T10:24:21,lb-02,0.0892
2026-01-05T10:24:33,web-02,0.7852
2026-01-05T10:24:40,lb-01,1.6907
2026-01-05T10:25:13,db-03,0.7282
2026-01-05T10:25:47,cache-02,6.8050
2026-01-05T10:26:00,db-02,1.8963
2026-01-05T10:26:45,cache-03,9.5009
2026-01-05T10:26:59,net-02,3.6328
2026-01-05T10:28:08,net-03,1.5578
2026-01-05T10:28:24,net-01,6.4232
2026-01-05T10:28:31,hd-01,1.9383
2026-01-05T10:28:56,cache-03,2.3791
2026-01-05T10:29:16,hd-01,2.9047
2026-01-05T10:29:50,lb-01,8.4064
2026-01-05T10:30:15,hd-02,7.2644
2026-01-05T10:30:23,web-02,0.8725
2026-01-05T10:31:14,db-01,0.6241
2026-01-05T10:32:46,lb-01,3.4273
2026-01-05T10:33:23,hd-02,0.1832
2026-01-05T10:33:48,net-02,0.7040
2026-01-05T10:33:49,db-01,0.5062
2026-01-05T10:34:09,web-05,1.3812
2026-01-05T10:34:21,hd-02,0.4365
2026-01-05T10:35:06,cache-01,2.2828
2026-01-05T10:35:33,net-01,1.0059
2026-01-05T10:35:38,cache-03,2.6965
2026-01-05T10:35:38,cache-01,0.5905
2026-01-05T10:36:38,hd-02,1.7672
2026-01-05T10:36:39,lb-01,0.9260
2026-01-05T10:37:05,web-02,1.8542
2026-01-05T10:37:06,lb-02,0.5319
2026-01-05T10:37:28,db-02,0.1279
2026-01-05T10:37:43,lb-01,0.2378
2026-01-05T10:38:27,lb-01,1.8055
2026-01-05T10:39:16,hd-01,4.9168
2026-01-05T10:39:16,db-02,3.6610
2026-01-05T10:40:25,cache-03,1.3141
2026-01-05T10:40:41,hd-01,0.5530
2026-01-05T10:41:04,cache-02,26.8167
2026-01-05T10:42:36,hd-02,7.4141
2026-01-05T10:42:51,cache-02,0.7387
2026-01-05T10:44:07,web-01,6.1123
2026-01-05T10:45:25,web-04,46.7577
2026-01-05T10:45:28,db-02,3.7275
2026-01-05T10:45:43,net-03,0.3930
2026-01-05T10:46:33,net-03,3.5661
2026-01-05T10:46:45,web-02,2.5692
2026-01-05T10:47:38,net-02,1.2769
2026-01-05T10:48:14,lb-01,0.4333
2026-01-05T10:48:31,db-01,2.7211
2026-01-05T10:49:49,db-03,2.3284
2026-01-05T10:49:59,net-02,0.8554
2026-01-05T10:49:59,web-05,0.2907
2026-01-05T10:50:16,net-04,1.5792
2026-01-05T10:50:20,hd-02,0.2629
2026-01-05T10:50:23,web-01,8.1341
2026-01-05T10:51:04,cache-02,2.0429
2026-01-05T10:51:53,hd-02,0.0825
2026-01-05T10:52:47,cache-03,0.7895
2026-01-05T10:53:30,cache-03,0.2046
2026-01-05T10:54:29,cache-03,24.0127
2026-01-05T10:54:35,cache-03,1.5962
2026-01-05T10:54:53,lb-02,2.7295
2026-01-05T10:54:59,hd-02,2.6837
2026-01-05T10:54:59,net-04,1.4943
2026-01-05T10:57:39,web-05,3.9369
2026-01-05T10:58:05,cache-01,0.9734
2026-01-05T10:58:53,lb-01,1.6888
2026-01-05T10:59:01,net-01,9.2833
2026-01-05T10:59:32,hd-02,1.2411
2026-01-05T10:59:37,web-02,6.5981
2026-01-05T11:00:02,db-01,8.5181
2026-01-05T11:00:03,hd-02,0.7405
2026-01-05T11:00:36,web-05,13.6448
2026-01-05T11:01:28,net-04,1.3285
2026-01-05T11:01:55,cache-03,2.5513
2026-01-05T11:03:12,db-02,15.9768
2026-01-05T11:03:18,web-04,8.3407
2026-01-05T11:03:53,cache-02,1.0544
2026-01-05T11:04:06,lb-02,6.4689
2026-01-05T11:04:18,lb-01,1.3461
2026-01-05T11:04:20,cache-02,7.4126
2026-01-05T11:04:40,web-02,1.2967
2026-01-05T11:05:15,net-02,0.9662
2026-01-05T11:05:28,lb-01,0.5090
2026-01-05T11:05:55,lb-02,0.7014
2026-01-05T11:06:13,lb-01,3.4106
2026-01-05T11:07:05,lb-02,1.5354
2026-01-05T11:07:37,web-02,2.4153
2026-01-05T11:07:37,hd-01,4.9308
2026-01-05T11:07:51,web-03,2.1959
2026-01-05T11:08:57,lb-01,2.0828
2026-01-05T11:09:22,db-03,1.7947
2026-01-05T11:09:54,db-03,1.1573
2026-01-05T11:09:57,lb-01,0.3776
2026-01-05T11:10:25,db-01,0.1021
2026-01-05T11:11:43,web-01,1.6057
2026-01-05T11:12:30,lb-01,1.6653
2026-01-05T11:12:56,cache-01,3.7097
2026-01-05T11:13:06,hd-01,10.7356
2026-01-05T11:13:12,cache-01,0.1229
2026-01-05T11:13:17,net-02,0.0781
2026-01-05T11:13:36,cache-02,0.3676
2026-01-05T11:13:48,lb-02,2.9624
2026-01-05T11:14:18,web-05,1.8306
2026-01-05T11:14:43,lb-02,1.8226
2026-01-05T11:14:46,hd-01,0.6094
2026-01-05T11:15:13,web-02,1.8908
2026-01-05T11:15:18,hd-01,2.5733
2026-01-05T11:15:23,lb-02,0.9467
2026-01-05T11:15:55,cache-02,1.9710
2026-01-05T11:16:28,web-01,2.2701
2026-01-05T11:16:38,lb-01,3.3798
2026-01-05T11:17:51,lb-02,4.6677
2026-01-05T11:18:07,cache-03,4.4250
2026-01-05T11:18:33,cache-02,6.3421
2026-01-05T11:18:59,hd-02,0.8297
2026-01-05T11:20:50,cache-02,0.5834
2026-01-05T11:21:09,hd-02,0.5747
2026-01-05T11:21:11,web-03,0.7206
2026-01-05T11:21:17,db-01,4.7408
2026-01-05T11:21:31,net-04,5.4169
2026-01-05T11:21:31,hd-01,2.8163
2026-01-05T11:21:59,hd-02,0.7507
2026-01-05T11:22:18,lb-02,5.9343
2026-01-05T11:23:07,db-02,0.0319
2026-01-05T11:23:31,web-05,0.2014
2026-01-05T11:24:21,web-02,4.4348
2026-01-05T11:24:40,db-01,2.2220
2026-01-05T11:25:35,cache-03,0.1160
2026-01-05T11:25:42,hd-02,4.7681
2026-01-05T11:25:59,cache-02,2.9051
2026-01-05T11:27:49,web-03,8.1629
2026-01-05T11:28:07,net-02,0.5115
2026-01-05T11:28:37,hd-02,3.3898
2026-01-05T11:30:16,web-03,2.3870
2026-01-05T11:30:38,web-05,0.1244
2026-01-05T11:32:17,db-03,10.9469
2026-01-05T11:33:57,lb-01,1.9823
2026-01-05T11:34:46,cache-02,1.3578
2026-01-05T11:35:21,web-05,4.5597
2026-01-05T11:36:00,web-03,0.8882
2026-01-05T11:36:16,db-01,4.4323
2026-01-05T11:36:39,net-01,4.4580
2026-01-05T11:37:01,web-03,3.9550
2026-01-05T11:37:09,lb-02,1.6649
2026-01-05T11:37:25,web-01,0.7712
2026-01-05T11:37:55,db-03,2.6849
2026-01-05T11:38:22,cache-01,16.7135
2026-01-05T11:38:51,lb-01,0.2618
2026-01-05T11:39:15,web-03,13.3561
2026-01-05T11:39:23,net-03,5.6595
2026-01-05T11:39:57,lb-01,0.2553
2026-01-05T11:40:04,cache-03,1.7451
2026-01-05T11:40:27,db-03,3.1109
2026-01-05T11:40:36,db-03,1.3224
2026-01-05T11:41:37,lb-01,7.3094
2026-01-05T11:42:00,web-04,3.2621
2026-01-05T11:42:05,cache-02,0.9835
2026-01-05T11:42:45,web-02,5.8196
2026-01-05T11:43:45,net-04,9.3773
2026-01-05T11:44:53,db-01,1.1826
2026-01-05T11:45:09,lb-02,3.6851
2026-01-05T11:45:14,cache-01,3.4244
2026-01-05T11:45:14,web-02,1.2747
2026-01-05T11:46:33,cache-03,2.1149
2026-01-05T11:46:39,web-05,1.0541
2026-01-05T11:46:46,db-02,1.5478
2026-01-05T11:46:53,db-02,6.5674
2026-01-05T11:47:14,web-04,2.2828
2026-01-05T11:47:50,web-01,1.8894
2026-01-05T11:47:54,cache-02,2.2547
2026-01-05T11:48:55,cache-01,0.2688
2026-01-05T11:49:57,hd-01,1.5970
2026-01-05T11:52:19,db-01,14.0683
2026-01-05T11:52:30,web-03,1.2788
2026-01-05T11:53:16,db-03,3.0402
2026-01-05T11:53:47,net-02,2.3937
2026-01-05T11:54:13,cache-02,0.3333
2026-01-05T11:54:19,db-01,3.2784
2026-01-05T11:55:04,hd-01,6.9244
2026-01-05T11:57:10,lb-02,0.0573
2026-01-05T11:57:32,net-04,3.3127
2026-01-05T11:57:41,web-01,0.4744
2026-01-05T11:57:45,net-03,18.6503
2026-01-05T11:58:21,cache-03,0.0612
2026-01-05T11:58:31,cache-01,13.5431
2026-01-05T11:59:13,net-01,8.4102
2026-01-05T11:59:23,db-02,3.8154
2026-01-05T11:59:35,lb-01,0.0054
2026-01-05T11:59:39,net-03,3.5000
2026-01-05T11:59:49,db-03,0.4321
2026-01-05T12:00:19,lb-02,0.5396
2026-01-05T12:00:20,hd-02,4.0752
2026-01-05T12:01:13,web-02,1.5728
2026-01-05T12:01:17,net-04,0.3512
2026-01-05T12:01:24,lb-02,1.5425
2026-01-05T12:02:38,cache-03,0.3477
2026-01-05T12:02:46,cache-02,2.6224
2026-01-05T12:03:22,lb-02,0.2631
2026-01-05T12:03:42,cache-02,1.0668
2026-01-05T12:04:02,cache-02,7.9403
2026-01-05T12:04:23,web-05,0.7902
2026-01-05T12:05:32,db-02,2.3714
2026-01-05T12:06:01,db-03,0.0835
2026-01-05T12:06:07,net-04,0.7990
2026-01-05T12:06:27,cache-02,7.2182
2026-01-05T12:07:25,web-01,5.5602
2026-01-05T12:09:29,web-01,5.2678
2026-01-05T12:09:52,cache-03,1.8467
2026-01-05T12:10:24,net-04,3.4239
2026-01-05T12:10:37,lb-02,0.1521
2026-01-05T12:10:56,hd-01,1.8823
2026-01-05T12:13:27,hd-01,0.6834
2026-01-05T12:13:50,net-04,13.0318
2026-01-05T12:13:56,net-01,0.6493
2026-01-05T12:14:19,web-03,10.1873
2026-01-05T12:14:22,web-04,5.0925
2026-01-05T12:14:51,web-01,0.5219
2026-01-05T12:14:58,net-02,19.1981
2026-01-05T12:14:58,net-04,2.7452
2026-01-05T12:15:23,net-04,0.6375
2026-01-05T12:16:11,web-01,0.5904
2026-01-05T12:16:28,cache-02,1.1397
2026-01-05T12:16:37,web-02,2.2738
2026-01-05T12:17:29,net-01,0.2653
2026-01-05T12:18:14,db-02,0.8225
2026-01-05T12:18:27,web-04,1.5550
2026-01-05T12:18:35,web-01,6.9024
2026-01-05T12:19:02,cache-01,0.1336
2026-01-05T12:19:03,lb-02,0.6301
2026-01-05T12:19:19,web-02,3.2602
2026-01-05T12:19:43,lb-02,4.2345
2026-01-05T12:20:09,net-04,18.1004
2026-01-05T12:20:22,net-01,0.0654
2026-01-05T12:20:52,web-02,1.0369
2026-01-05T12:20:54,hd-01,6.9054
2026-01-05T12:20:55,web-03,5.4863
2026-01-05T12:21:06,cache-01,0.4653
2026-01-05T12:21:10,net-04,0.1612
2026-01-05T12:21:35,lb-02,0.2896
2026-01-05T12:21:49,cache-01,10.5381
2026-01-05T12:22:01,web-03,1.6988
2026-01-05T12:22:42,db-02,0.6035
2026-01-05T12:23:04,net-02,3.4207
2026-01-05T12:23:31,db-01,3.2847
2026-01-05T12:24:03,web-05,1.1084
2026-01-05T12:25:04,hd-02,2.6455
2026-01-05T12:25:31,net-02,0.6274
2026-01-05T12:25:53,db-02,0.4594
2026-01-05T12:26:15,db-01,0.1469
2026-01-05T12:26:44,db-01,1.5553
2026-01-05T12:27:06,net-01,1.3072
2026-01-05T12:27:16,web-03,3.0805
2026-01-05T12:27:43,lb-01,0.0210
2026-01-05T12:28:05,lb-02,1.1108
2026-01-05T12:28:14,net-02,0.1086
2026-01-05T12:28:26,lb-01,0.9581
2026-01-05T12:28:34,lb-01,10.9353
2026-01-05T12:28:47,hd-02,2.6468
2026-01-05T12:29:01,lb-01,0.5166
2026-01-05T12:30:34,hd-02,16.8593
2026-01-05T12:31:20,cache-02,0.6834
2026-01-05T12:34:00,hd-02,1.3654
2026-01-05T12:34:23,hd-01,0.8516
2026-01-05T12:34:42,lb-02,2.2124
2026-01-05T12:34:42,cache-01,1.1136
2026-01-05T12:34:51,cache-03,4.2294
2026-01-05T12:34:53,cache-02,3.1500
2026-01-05T12:34:59,net-02,20.5841
2026-01-05T12:35:50,hd-01,0.8616
2026-01-05T12:36:15,cache-01,4.0568
2026-01-05T12:37:12,lb-02,1.7889
2026-01-05T12:37:43,hd-02,0.3062
2026-01-05T12:37:50,lb-02,3.2982
2026-01-05T12:37:53,cache-03,0.9866
2026-01-05T12:38:08,hd-01,3.2837
2026-01-05T12:38:26,hd-02,0.6621
2026-01-05T12:38:43,hd-01,2.2540
2026-01-05T12:38:48,net-04,3.4373
2026-01-05T12:38:52,cache-02,11.8704
2026-01-05T12:39:34,db-01,7.5986
2026-01-05T12:39:37,lb-01,0.4350
2026-01-05T12:39:54,cache-03,2.9264
2026-01-05T12:40:21,net-03,0.1210
2026-01-05T12:41:23,hd-02,0.8802
2026-01-05T12:41:31,net-04,4.7610
2026-01-05T12:41:34,net-01,0.4454
2026-01-05T12:42:04,net-02,3.5007
2026-01-05T12:43:20,lb-01,0.7878
2026-01-05T12:43:25,db-01,1.2016
2026-01-05T12:44:36,lb-02,1.4298
2026-01-05T12:46:27,net-03,0.1476
2026-01-05T12:46:45,net-02,1.7600
2026-01-05T12:46:55,cache-01,0.6331
2026-01-05T12:49:02,hd-02,0.5368
2026-01-05T12:49:05,web-05,0.0263
2026-01-05T12:49:40,lb-01,1.9367
2026-01-05T12:50:05,db-03,0.7744
2026-01-05T12:50:05,db-02,1.7767
2026-01-05T12:50:36,hd-01,0.6502
2026-01-05T12:51:13,cache-03,3.4075
2026-01-05T12:51:24,hd-01,1.0409
2026-01-05T12:51:49,hd-02,0.9082
2026-01-05T12:51:54,lb-02,0.9598
2026-01-05T12:52:27,net-04,0.9878
2026-01-05T12:52:36,hd-02,1.0200
2026-01-05T12:53:08,hd-02,0.7990
2026-01-05T12:53:29,net-02,2.0258
2026-01-05T12:53:47,web-02,0.8422
2026-01-05T12:54:26,db-01,1.0889
2026-01-05T12:54:37,web-02,1.0651
2026-01-05T12:54:56,web-03,3.7217
2026-01-05T12:56:11,lb-02,0.9014
2026-01-05T12:56:46,web-01,14.5151
2026-01-05T12:57:19,web-01,1.0907
2026-01-05T12:57:23,cache-03,9.3493
2026-01-05T12:58:42,web-03,0.4499
2026-01-05T12:58:48,lb-02,16.2838
2026-01-05T12:59:25,cache-01,2.9599
2026-01-05T12:59:39,hd-02,5.6686
2026-01-05T13:00:19,net-02,1.5075
2026-01-05T13:01:15,web-01,0.7311
2026-01-05T13:03:45,cache-02,0.6797
2026-01-05T13:03:55,lb-01,0.1531
2026-01-05T13:04:41,web-03,0.8025
2026-01-05T13:04:52,web-04,1.2650
2026-01-05T13:05:30,db-02,8.4655
2026-01-05T13:05:37,db-03,0.8563
2026-01-05T13:05:59,hd-02,0.2626
2026-01-05T13:06:21,net-01,3.7558
2026-01-05T13:06:45,db-03,3.8950
2026-01-05T13:07:11,lb-01,1.2795
2026-01-05T13:07:12,web-03,13.6531
2026-01-05T13:07:34,net-03,16.4096
2026-01-05T13:07:34,cache-02,5.7044
2026-01-05T13:07:53,lb-01,5.3788
2026-01-05T13:08:20,lb-02,0.3334
2026-01-05T13:09:04,lb-01,1.5582
2026-01-05T13:09:30,cache-01,3.5774
2026-01-05T13:09:53,web-02,0.3372
2026-01-05T13:09:59,db-02,6.8860
2026-01-05T13:10:12,lb-02,0.0557
2026-01-05T13:10:48,cache-02,4.7904
2026-01-05T13:11:01,hd-02,4.7588
2026-01-05T13:11:55,lb-01,1.3456
2026-01-05T13:12:41,lb-01,10.8170
2026-01-05T13:12:52,hd-01,0.3829
2026-01-05T13:12:54,db-03,1.2113
2026-01-05T13:13:08,lb-01,1.8247
2026-01-05T13:13:22,hd-02,3.2399
2026-01-05T13:13:29,cache-02,1.9412
2026-01-05T13:13:59,hd-02,1.2784
2026-01-05T13:14:00,cache-02,22.2819
2026-01-05T13:15:51,db-01,6.6332
2026-01-05T13:16:45,net-02,1.5126
2026-01-05T13:17:10,lb-02,7.9507
2026-01-05T13:17:14,net-03,0.4575
2026-01-05T13:17:21,hd-02,0.5862
2026-01-05T13:17:55,net-02,15.7809
2026-01-05T13:18:46,db-02,0.2572
2026-01-05T13:18:51,lb-01,0.3832
2026-01-05T13:18:59,db-03,1.6477
2026-01-05T13:19:47,web-01,0.3622
2026-01-05T13:20:09,net-03,1.5815
2026-01-05T13:20:29,cache-01,11.9587
2026-01-05T13:20:53,net-01,1.3961
2026-01-05T13:20:55,lb-02,2.2473
2026-01-05T13:21:04,lb-02,1.7839
2026-01-05T13:21:08,cache-03,0.4156
2026-01-05T13:21:38,db-01,1.8116
2026-01-05T13:21:59,web-01,0.5569
2026-01-05T13:22:27,lb-01,2.1682
2026-01-05T13:22:49,web-02,1.8096
2026-01-05T13:23:18,net-04,0.0711
2026-01-05T13:23:27,net-01,1.9539
2026-01-05T13:23:47,net-03,0.2979
2026-01-05T13:24:51,db-01,14.5996
2026-01-05T13:24:53,net-01,1.5500
2026-01-05T13:25:18,cache-02,2.0267
2026-01-05T13:25:39,lb-02,6.8617
2026-01-05T13:26:01,lb-02,2.5055
2026-01-05T13:26:03,lb-02,2.8482
2026-01-05T13:26:03,web-03,6.6684
2026-01-05T13:26:08,net-02,9.6812
2026-01-05T13:27:04,web-05,0.6704
2026-01-05T13:27:05,web-05,5.9657
2026-01-05T13:27:16,db-02,1.2937
2026-01-05T13:27:59,net-03,1.9756
2026-01-05T13:28:02,web-05,0.7835
2026-01-05T13:28:48,db-01,7.1229
2026-01-05T13:28:53,web-05,1.6569
2026-01-05T13:29:12,hd-02,9.9583
2026-01-05T13:29:53,net-01,1.4267
2026-01-05T13:30:34,hd-02,1.8585
2026-01-05T13:30:50,hd-02,4.3786
2026-01-05T13:31:22,lb-01,6.7071
2026-01-05T13:32:02,cache-03,4.3044
2026-01-05T13:32:11,net-01,0.2480
2026-01-05T13:32:16,lb-01,5.6446
2026-01-05T13:32:47,hd-02,0.2711
2026-01-05T13:32:53,cache-03,0.5947
2026-01-05T13:33:50,cache-02,0.2244
2026-01-05T13:33:58,hd-02,5.9069
2026-01-05T13:34:09,web-01,10.5706
2026-01-05T13:34:35,hd-02,9.2505
2026-01-05T13:34:44,cache-01,0.0856
2026-01-05T13:34:54,web-05,1.7488
2026-01-05T13:35:45,cache-03,2.4840
2026-01-05T13:35:58,web-03,0.8830
2026-01-05T13:36:22,web-03,10.5658
2026-01-05T13:36:47,lb-01,7.9550
2026-01-05T13:37:20,db-03,4.0328
2026-01-05T13:37:33,cache-03,6.6400
2026-01-05T13:38:05,hd-02,7.2756
2026-01-05T13:39:05,db-03,3.8690
2026-01-05T13:39:27,hd-02,1.4435
2026-01-05T13:39:40,cache-02,4.3376
2026-01-05T13:40:56,cache-01,3.9599
2026-01-05T13:41:06,db-02,2.1610
2026-01-05T13:41:36,net-03,0.9288
2026-01-05T13:41:42,db-03,7.6958
2026-01-05T13:43:18,hd-02,0.0130
2026-01-05T13:43:33,lb-01,2.8734
2026-01-05T13:44:05,hd-02,0.4625
2026-01-05T13:44:48,lb-02,3.7255
2026-01-05T13:45:46,web-02,0.0273
2026-01-05T13:46:17,cache-03,2.8945
2026-01-05T13:46:36,net-03,3.2605
2026-01-05T13:46:52,lb-01,2.4549
2026-01-05T13:47:40,web-05,1.0767
2026-01-05T13:48:26,web-04,0.3024
2026-01-05T13:48:33,cache-02,0.1311
2026-01-05T13:48:59,hd-01,34.5285
2026-01-05T13:49:13,net-02,0.3985
2026-01-05T13:50:24,web-02,4.9437
2026-01-05T13:50:34,lb-02,4.8566
2026-01-05T13:50:47,cache-01,2.1224
2026-01-05T13:50:58,db-02,0.9302
2026-01-05T13:51:11,net-04,5.5448
2026-01-05T13:51:57,hd-02,3.9055
2026-01-05T13:51:58,lb-02,0.1333
2026-01-05T13:53:44,lb-01,2.1950
2026-01-05T13:54:04,cache-01,3.2814
2026-01-05T13:54:10,lb-02,2.8833
2026-01-05T13:54:23,web-03,3.1174
2026-01-05T13:54:58,net-03,0.8853
2026-01-05T13:55:05,lb-02,30.9042
2026-01-05T13:55:26,web-01,3.4676
2026-01-05T13:55:46,lb-02,2.7485
2026-01-05T13:57:48,web-05,0.3415
2026-01-05T13:58:54,hd-02,0.3886
2026-01-05T13:59:10,web-02,2.5130
2026-01-05T13:59:38,lb-02,0.0380
2026-01-05T13:59:44,cache-03,2.8188
2026-01-05T13:59:45,hd-02,1.4472
2026-01-05T13:59:55,web-04,9.3687
2026-01-05T13:59:56,cache-01,0.1474
2026-01-05T14:00:11,hd-02,0.1091
2026-01-05T14:00:54,hd-02,5.9578
2026-01-05T14:01:34,lb-01,81.3852
2026-01-05T14:01:48,web-01,1.9893
2026-01-05T14:01:56,cache-02,1.2218
2026-01-05T14:02:12,hd-02,3.2159
2026-01-05T14:02:36,net-02,4.6041
2026-01-05T14:02:38,lb-02,2.4684
2026-01-05T14:03:19,hd-02,0.5861
2026-01-05T14:03:50,lb-02,0.0527
2026-01-05T14:04:09,cache-01,1.3871
2026-01-05T14:04:28,cache-02,0.3846
2026-01-05T14:05:33,hd-01,0.1854
2026-01-05T14:05:34,cache-02,0.7629
2026-01-05T14:06:01,cache-03,0.8797
2026-01-05T14:06:32,cache-03,5.6827
2026-01-05T14:06:52,hd-01,0.2607
2026-01-05T14:07:02,web-05,0.8834
2026-01-05T14:07:15,lb-01,47.0234
2026-01-05T14:07:21,cache-01,0.2802
2026-01-05T14:07:47,web-03,2.6094
2026-01-05T14:08:25,cache-03,1.4067
2026-01-05T14:08:50,net-04,4.1251
2026-01-05T14:09:06,db-01,1.4310
2026-01-05T14:09:17,hd-01,4.8208
2026-01-05T14:09:22,net-02,0.4963
2026-01-05T14:09:45,web-04,8.0602
2026-01-05T14:09:48,hd-01,0.4655
2026-01-05T14:10:35,hd-01,1.3996
2026-01-05T14:11:10,db-03,0.8547
2026-01-05T14:11:48,db-01,0.9503
2026-01-05T14:11:53,hd-01,2.5275
2026-01-05T14:13:19,lb-02,0.0951
2026-01-05T14:14:15,cache-03,0.0430
2026-01-05T14:14:15,cache-02,5.0523
2026-01-05T14:14:27,hd-01,0.3566
2026-01-05T14:14:34,web-03,0.3421
2026-01-05T14:14:44,hd-01,0.7138
2026-01-05T14:15:01,web-01,1.3850
2026-01-05T14:15:17,web-02,0.4530
2026-01-05T14:15:39,web-02,2.6549
2026-01-05T14:15:58,hd-01,0.3186
2026-01-05T14:16:16,lb-02,7.3064
2026-01-05T14:16:24,hd-02,2.9192
2026-01-05T14:17:00,db-02,7.0982
2026-01-05T14:17:35,cache-03,2.7823
2026-01-05T14:17:48,net-01,0.9650
2026-01-05T14:18:40,hd-01,7.3827
2026-01-05T14:19:55,hd-02,0.9104
2026-01-05T14:20:03,web-02,0.6056
2026-01-05T14:20:51,cache-01,0.7316
2026-01-05T14:21:02,cache-01,5.2946
2026-01-05T14:21:18,db-01,0.2163
2026-01-05T14:21:23,db-01,10.8545
2026-01-05T14:21:36,lb-01,0.8222
2026-01-05T14:21:36,web-02,0.8948
2026-01-05T14:21:37,db-01,11.7311
2026-01-05T14:21:53,net-01,2.4008
2026-01-05T14:22:11,db-02,0.4953
2026-01-05T14:22:55,hd-01,4.2735
2026-01-05T14:22:58,db-03,2.5965
2026-01-05T14:23:19,db-03,0.0038
2026-01-05T14:23:33,lb-02,0.6046
2026-01-05T14:25:26,lb-02,0.0772
2026-01-05T14:25:33,net-04,2.5478
2026-01-05T14:26:20,db-03,11.6360
2026-01-05T14:26:32,hd-01,7.8820
2026-01-05T14:27:31,net-01,4.7070
2026-01-05T14:28:42,cache-03,3.1854
2026-01-05T14:30:06,lb-02,2.8360
2026-01-05T14:30:12,lb-01,13.6364
2026-01-05T14:30:35,db-01,2.3720
2026-01-05T14:31:06,net-04,29.9767
2026-01-05T14:31:18,db-01,2.8200
2026-01-05T14:31:43,net-02,2.7153
2026-01-05T14:32:04,hd-02,5.2794
2026-01-05T14:33:30,web-04,0.2258
2026-01-05T14:35:01,hd-02,11.7924
2026-01-05T14:35:07,lb-02,0.2876
2026-01-05T14:35:10,hd-02,1.1054
2026-01-05T14:35:34,cache-03,1.9786
2026-01-05T14:36:17,lb-01,2.7076
2026-01-05T14:36:46,web-02,0.1622
2026-01-05T14:36:55,hd-02,2.8843
2026-01-05T14:37:29,hd-01,0.4441
2026-01-05T14:37:52,cache-03,0.7306
2026-01-05T14:38:17,db-01,0.4933
2026-01-05T14:38:38,lb-01,0.2439
2026-01-05T14:38:49,db-03,0.2498
2026-01-05T14:39:33,web-03,1.7158
2026-01-05T14:40:00,cache-02,3.5657
2026-01-05T14:40:04,cache-02,6.0439
2026-01-05T14:40:21,lb-02,0.9421
2026-01-05T14:41:08,net-01,11.7723
2026-01-05T14:41:18,web-02,0.3844
2026-01-05T14:41:52,web-01,5.4700
2026-01-05T14:42:32,net-02,2.1090
2026-01-05T14:42:39,web-04,13.4377
2026-01-05T14:42:54,lb-01,12.8954
2026-01-05T14:43:01,web-04,1.6627
2026-01-05T14:43:09,hd-02,14.1967
2026-01-05T14:43:18,db-01,0.5254
2026-01-05T14:43:24,hd-01,1.0504
2026-01-05T14:43:37,lb-02,5.5927
2026-01-05T14:45:08,lb-02,0.6493
2026-01-05T14:45:51,web-04,10.8470
2026-01-05T14:46:59,web-04,4.7351
2026-01-05T14:47:33,net-03,0.8110
2026-01-05T14:47:40,net-02,47.3829
2026-01-05T14:48:12,lb-01,0.6906
2026-01-05T14:48:30,hd-01,0.0355
2026-01-05T14:48:44,web-04,0.0942
2026-01-05T14:48:44,net-02,2.6258
2026-01-05T14:50:12,db-03,2.3192
2026-01-05T14:50:25,db-02,2.6859
2026-01-05T14:50:49,hd-02,6.2540
2026-01-05T14:51:05,net-03,0.5665
2026-01-05T14:51:40,db-01,0.3985
2026-01-05T14:51:45,cache-03,0.7341
2026-01-05T14:52:02,db-02,1.2278
2026-01-05T14:52:17,db-01,0.5351
2026-01-05T14:52:40,net-03,1.9203
2026-01-05T14:52:47,cache-03,0.2804
2026-01-05T14:53:36,hd-01,0.8923
2026-01-05T14:54:41,web-01,0.6669
2026-01-05T14:56:11,lb-02,2.3513
2026-01-05T14:56:15,db-03,0.6529
2026-01-05T14:56:24,db-03,0.4085
2026-01-05T14:56:28,hd-01,3.1483
2026-01-05T14:57:30,web-01,1.1235
2026-01-05T14:57:40,lb-01,1.3061
2026-01-05T14:57:47,lb-02,4.5802
2026-01-05T14:58:44,db-01,0.2760
2026-01-05T15:00:30,web-03,11.9685
2026-01-05T15:00:39,db-03,10.8043
2026-01-05T15:01:10,db-02,4.1804
2026-01-05T15:01:43,db-01,1.3427
2026-01-05T15:02:00,net-03,0.6445
2026-01-05T15:02:14,net-03,6.6119
2026-01-05T15:02:35,db-01,2.3194
2026-01-05T15:02:42,hd-02,2.8791
2026-01-05T15:03:07,net-01,4.5035
2026-01-05T15:03:12,cache-03,1.4049
2026-01-05T15:03:47,web-04,1.3579
2026-01-05T15:03:49,lb-01,7.1597
2026-01-05T15:04:33,cache-03,2.4223
2026-01-05T15:04:55,lb-01,0.7896
2026-01-05T15:06:03,cache-02,2.8930
2026-01-05T15:06:34,net-04,7.0972
2026-01-05T15:07:10,web-02,0.0621
2026-01-05T15:07:21,hd-01,1.0423
2026-01-05T15:07:36,lb-01,2.1253
2026-01-05T15:07:39,hd-01,4.6406
2026-01-05T15:07:49,db-03,3.0623
2026-01-05T15:07:58,web-04,1.9133
2026-01-05T15:08:01,lb-02,2.0024
2026-01-05T15:09:07,hd-01,1.7310
2026-01-05T15:09:38,hd-02,3.3747
2026-01-05T15:09:40,net-02,0.1473
2026-01-05T15:10:28,net-01,2.4760
2026-01-05T15:10:43,lb-02,3.1061
2026-01-05T15:11:00,hd-02,1.7782
2026-01-05T15:11:18,lb-01,0.0236
2026-01-05T15:13:13,cache-02,9.5571
2026-01-05T15:13:17,lb-01,3.4392
2026-01-05T15:13:35,db-03,1.2788
2026-01-05T15:13:49,web-05,1.7329
2026-01-05T15:14:17,hd-02,3.5657
2026-01-05T15:14:50,web-03,0.4736
2026-01-05T15:15:06,cache-03,0.3447
2026-01-05T15:15:18,web-01,0.1611
2026-01-05T15:16:22,net-02,0.1474
2026-01-05T15:16:25,db-03,0.6571
2026-01-05T15:16:53,cache-01,3.7976
2026-01-05T15:17:44,hd-02,0.9730
2026-01-05T15:17:56,net-03,5.0083
2026-01-05T15:18:08,web-04,1.8970
2026-01-05T15:19:18,web-02,2.1167
2026-01-05T15:20:52,db-01,2.2051
2026-01-05T15:21:23,hd-01,8.2707
2026-01-05T15:21:28,lb-01,1.3049
2026-01-05T15:21:51,net-03,1.1291
2026-01-05T15:21:56,db-03,3.9100
2026-01-05T15:23:17,lb-01,2.5571
2026-01-05T15:25:18,net-04,0.1681
2026-01-05T15:25:24,db-01,1.5312
2026-01-05T15:26:06,cache-03,2.5500
2026-01-05T15:26:12,lb-01,1.3197
2026-01-05T15:26:45,cache-01,1.5863
2026-01-05T15:26:47,net-02,1.2460
2026-01-05T15:27:20,hd-01,1.4757
2026-01-05T15:27:30,cache-03,12.4675
2026-01-05T15:27:53,db-01,3.7364
2026-01-05T15:29:43,net-01,1.2754
2026-01-05T15:29:47,net-04,14.4769
2026-01-05T15:30:06,web-03,18.8388
2026-01-05T15:30:24,lb-01,1.2783
2026-01-05T15:31:00,lb-02,1.5462
2026-01-05T15:31:01,cache-03,9.2461
2026-01-05T15:31:27,web-03,1.3706
2026-01-05T15:32:41,db-03,2.1894
2026-01-05T15:32:52,cache-03,1.2542
2026-01-05T15:32:58,db-02,1.0054
2026-01-05T15:33:01,web-04,5.9894
2026-01-05T15:33:11,net-01,9.1727
2026-01-05T15:33:12,cache-02,0.3446
2026-01-05T15:33:54,hd-02,15.9561
2026-01-05T15:35:12,db-03,5.5863
2026-01-05T15:35:12,web-01,0.3301
2026-01-05T15:37:05,lb-01,14.5683
2026-01-05T15:37:06,hd-01,2.2497
2026-01-05T15:37:56,db-03,4.8335
2026-01-05T15:37:59,db-03,13.9278
2026-01-05T15:39:45,lb-01,1.8382
2026-01-05T15:39:49,net-02,0.4521
2026-01-05T15:40:08,cache-02,0.4839
2026-01-05T15:40:27,db-01,1.0029
2026-01-05T15:40:56,lb-01,6.0762
2026-01-05T15:41:17,net-02,1.1481
2026-01-05T15:41:21,hd-02,0.2060
2026-01-05T15:41:37,net-04,0.8767
2026-01-05T15:41:52,net-04,1.4939
2026-01-05T15:42:17,net-04,2.5364
2026-01-05T15:42:20,web-02,0.4400
2026-01-05T15:42:22,cache-02,15.8308
2026-01-05T15:42:36,web-04,2.1878
2026-01-05T15:43:55,net-02,1.1271
2026-01-05T15:44:04,net-03,3.1971
2026-01-05T15:44:14,net-03,0.4549
2026-01-05T15:44:16,web-01,1.2781
2026-01-05T15:45:10,cache-03,1.4362
2026-01-05T15:46:00,db-02,0.5997
2026-01-05T15:46:45,web-02,5.4701
2026-01-05T15:47:15,net-03,1.1480
2026-01-05T15:47:44,net-02,14.0078
2026-01-05T15:47:49,web-04,0.2654
2026-01-05T15:47:53,db-01,9.7656
2026-01-05T15:48:11,cache-01,0.4010
2026-01-05T15:49:10,cache-03,6.0981
2026-01-05T15:49:10,lb-01,0.1108
2026-01-05T15:49:38,net-02,1.0929
2026-01-05T15:50:12,hd-01,6.5367
2026-01-05T15:50:26,web-01,2.1739
2026-01-05T15:50:43,net-04,1.3747
2026-01-05T15:51:06,lb-02,3.3190
2026-01-05T15:51:12,cache-02,1.0787
2026-01-05T15:51:33,db-03,4.1454
2026-01-05T15:51:37,web-02,12.2290
2026-01-05T15:51:48,hd-01,0.6439
2026-01-05T15:52:29,hd-02,1.7119
2026-01-05T15:52:39,hd-01,0.0995
2026-01-05T15:53:23,db-03,2.6250
2026-01-05T15:53:41,cache-03,1.4911
2026-01-05T15:54:06,db-03,4.6573
2026-01-05T15:54:12,db-02,3.3089
2026-01-05T15:54:38,db-02,3.1398
2026-01-05T15:54:42,hd-02,0.9469
2026-01-05T15:55:02,web-04,0.3211
2026-01-05T15:55:36,db-01,3.0482
2026-01-05T15:56:33,lb-01,3.2263
2026-01-05T15:56:42,cache-01,0.5860
2026-01-05T15:57:02,cache-03,6.2943
2026-01-05T15:57:16,db-01,5.7467
2026-01-05T15:57:29,net-04,1.4958
2026-01-05T15:58:42,web-03,0.2483
2026-01-05T15:58:42,db-01,2.4988
2026-01-05T15:59:03,hd-01,0.2260
2026-01-05T15:59:04,lb-02,6.3471
2026-01-05T15:59:08,net-03,0.1237
2026-01-05T15:59:20,cache-03,1.3861
2026-01-05T15:59:26,cache-01,18.9887
2026-01-05T15:59:28,hd-02,6.8523
2026-01-05T16:02:24,net-03,0.9848
2026-01-05T16:02:51,web-02,1.7308
2026-01-05T16:04:10,hd-02,1.5974
2026-01-05T16:06:46,cache-02,6.6389
2026-01-05T16:07:42,cache-02,0.5446
2026-01-05T16:08:31,net-01,8.1889
2026-01-05T16:09:18,net-01,1.1779
2026-01-05T16:09:20,lb-02,3.1478
2026-01-05T16:09:50,net-01,4.4140
2026-01-05T16:10:20,hd-01,1.8817
2026-01-05T16:10:57,db-03,1.5546
2026-01-05T16:11:09,web-02,4.4460
2026-01-05T16:11:13,lb-01,1.5642
2026-01-05T16:11:36,web-03,0.8885
2026-01-05T16:11:59,lb-01,0.4747
2026-01-05T16:13:48,hd-02,2.9666
2026-01-05T16:14:24,db-01,4.5574
2026-01-05T16:14:46,db-02,1.3198
2026-01-05T16:15:06,db-01,0.1001
2026-01-05T16:15:11,db-03,4.3561
2026-01-05T16:17:17,db-03,94.6105
2026-01-05T16:19:41,lb-01,0.6729
2026-01-05T16:19:55,net-03,0.9662
2026-01-05T16:20:17,lb-02,7.9983
2026-01-05T16:20:40,cache-03,0.1915
2026-01-05T16:21:44,db-01,0.6942
2026-01-05T16:22:18,lb-01,5.0643
2026-01-05T16:22:19,web-04,0.0837
2026-01-05T16:22:39,hd-02,1.4065
2026-01-05T16:23:30,hd-02,5.5937
2026-01-05T16:23:41,cache-03,9.6917
2026-01-05T16:23:52,db-03,0.2882
2026-01-05T16:24:05,hd-01,5.0444
2026-01-05T16:24:58,web-02,1.2459
2026-01-05T16:25:11,db-01,0.1430
2026-01-05T16:26:01,web-02,7.4632
2026-01-05T16:26:35,net-04,9.2058
2026-01-05T16:27:01,lb-02,15.6629
2026-01-05T16:27:08,db-01,0.6919
2026-01-05T16:27:34,hd-02,0.2352
2026-01-05T16:28:13,web-01,7.6399
2026-01-05T16:28:13,hd-02,0.8487
2026-01-05T16:28:26,lb-02,0.4704
2026-01-05T16:28:54,lb-02,7.7276
2026-01-05T16:29:45,db-01,5.2307
2026-01-05T16:30:11,hd-01,4.3629
2026-01-05T16:30:15,web-02,64.1871
2026-01-05T16:30:29,web-04,0.6590
2026-01-05T16:31:53,web-05,1.4957
2026-01-05T16:31:58,web-03,0.8156
2026-01-05T16:32:25,lb-02,0.6109
2026-01-05T16:32:50,web-02,2.6171
2026-01-05T16:32:52,db-02,1.9334
2026-01-05T16:33:03,web-01,0.9409
2026-01-05T16:33:05,db-03,6.9879
2026-01-05T16:33:57,hd-02,9.0828
2026-01-05T16:34:21,cache-01,1.0131
2026-01-05T16:34:50,lb-01,0.5681
2026-01-05T16:35:05,web-04,0.0811
2026-01-05T16:35:34,cache-01,1.1855
2026-01-05T16:35:46,net-01,9.5205
2026-01-05T16:35:55,net-04,0.8402
2026-01-05T16:36:26,cache-01,1.0719
2026-01-05T16:37:12,net-03,3.1498
2026-01-05T16:37:26,web-05,5.2275
2026-01-05T16:37:45,cache-02,0.6695
2026-01-05T16:37:52,cache-02,11.2005
2026-01-05T16:38:18,db-01,7.2630
2026-01-05T16:38:37,web-04,6.7297
2026-01-05T16:38:37,cache-01,2.2876
2026-01-05T16:38:38,net-03,3.5498
2026-01-05T16:38:45,cache-03,2.4391
2026-01-05T16:39:27,lb-02,1.4877
2026-01-05T16:39:51,cache-02,20.5827
2026-01-05T16:40:19,web-03,0.6781
2026-01-05T16:40:21,db-03,9.2532
2026-01-05T16:41:00,lb-01,1.1427
2026-01-05T16:41:21,web-02,0.0382
2026-01-05T16:41:22,web-04,3.1373
2026-01-05T16:43:18,hd-02,0.8876
2026-01-05T16:44:36,lb-02,4.1507
2026-01-05T16:44:44,net-03,0.3196
2026-01-05T16:44:59,lb-02,0.7596
2026-01-05T16:48:07,cache-02,2.1319
2026-01-05T16:48:12,lb-02,0.4738
2026-01-05T16:48:36,cache-01,10.1421
2026-01-05T16:49:33,net-02,1.2735
2026-01-05T16:50:08,web-02,4.1316
2026-01-05T16:50:13,web-04,0.7150
2026-01-05T16:50:56,lb-02,2.6810
2026-01-05T16:51:45,net-03,1.2837
2026-01-05T16:53:44,cache-01,1.2989
2026-01-05T16:53:54,net-01,0.9860
2026-01-05T16:54:01,hd-01,4.1858
2026-01-05T16:54:11,db-03,7.7360
2026-01-05T16:55:37,web-02,2.2527
2026-01-05T16:55:46,lb-01,1.1864
2026-01-05T16:55:47,db-02,2.0167
2026-01-05T16:56:14,net-04,4.6574
2026-01-05T16:56:28,lb-02,13.8399
2026-01-05T16:56:31,db-03,1.9565
2026-01-05T16:58:17,web-05,0.3255
2026-01-05T16:58:38,net-01,20.0900
2026-01-05T16:59:22,net-04,4.2159
2026-01-05T16:59:45,db-03,1.2820
2026-01-05T17:00:18,web-05,0.0123
2026-01-05T17:01:09,cache-03,0.0364
2026-01-05T17:01:42,db-02,2.3458
2026-01-05T17:02:21,web-01,0.2867
2026-01-05T17:02:22,cache-02,9.4109
2026-01-05T17:02:33,lb-02,0.0248
2026-01-05T17:03:43,net-04,1.0581
2026-01-05T17:03:50,net-04,3.5362
2026-01-05T17:04:08,lb-01,3.0602
2026-01-05T17:05:19,net-03,13.1789
2026-01-05T17:06:33,db-01,1.8204
2026-01-05T17:07:17,cache-03,0.6399
2026-01-05T17:07:49,hd-01,5.9555
2026-01-05T17:08:08,lb-01,3.7540
2026-01-05T17:08:56,db-02,0.5904
2026-01-05T17:09:28,hd-02,1.3169
2026-01-05T17:09:39,net-01,2.3138
2026-01-05T17:10:31,web-02,0.2544
2026-01-05T17:11:12,cache-02,2.2681
2026-01-05T17:11:28,lb-02,0.1019
2026-01-05T17:11:45,cache-02,1.5626
2026-01-05T17:11:53,lb-01,1.3793
2026-01-05T17:12:08,db-02,0.1385
2026-01-05T17:12:24,lb-02,3.0791
2026-01-05T17:12:40,cache-02,0.6251
2026-01-05T17:13:06,web-02,3.6898
2026-01-05T17:15:14,cache-01,6.3183
2026-01-05T17:15:46,lb-02,3.3429
2026-01-05T17:15:55,db-02,1.9080
2026-01-05T17:16:00,lb-02,0.9866
2026-01-05T17:16:39,cache-02,4.1798
2026-01-05T17:16:40,hd-01,0.3352
2026-01-05T17:17:16,hd-02,2.4178
2026-01-05T17:17:33,web-01,10.1526
2026-01-05T17:17:38,db-02,1.8777
2026-01-05T17:18:11,lb-01,2.3393
2026-01-05T17:18:44,db-03,25.7684
2026-01-05T17:19:15,lb-02,1.1544
2026-01-05T17:19:29,lb-02,6.8510
2026-01-05T17:20:27,net-04,0.1901
2026-01-05T17:20:36,db-02,0.0589
2026-01-05T17:20:48,db-02,31.6104
2026-01-05T17:21:05,hd-01,1.2237
2026-01-05T17:21:08,lb-01,5.4242
2026-01-05T17:22:10,cache-03,2.0044
2026-01-05T17:22:20,lb-01,1.4698
2026-01-05T17:22:27,db-02,7.1475
2026-01-05T17:22:39,hd-02,4.2796
2026-01-05T17:24:50,db-02,0.9881
2026-01-05T17:24:59,lb-01,5.6593
2026-01-05T17:25:24,hd-02,1.2633
2026-01-05T17:25:29,hd-02,2.5172
2026-01-05T17:25:44,lb-02,0.8175
2026-01-05T17:25:51,web-01,0.8004
2026-01-05T17:26:12,hd-02,1.0071
2026-01-05T17:26:31,web-03,0.0636
2026-01-05T17:26:54,db-01,1.0332
2026-01-05T17:27:11,web-04,1.5716
2026-01-05T17:27:38,db-01,2.0136
2026-01-05T17:27:54,net-04,2.2882
2026-01-05T17:28:09,hd-02,5.5307
2026-01-05T17:28:43,hd-02,0.9315
2026-01-05T17:29:33,web-02,0.0080
2026-01-05T17:29:59,lb-02,0.6963
2026-01-05T17:30:06,lb-01,0.1908
2026-01-05T17:31:01,hd-01,0.6191
2026-01-05T17:31:06,hd-01,2.5209
2026-01-05T17:32:41,web-01,9.6661
2026-01-05T17:32:53,lb-02,2.0241
2026-01-05T17:32:58,cache-03,1.3788
2026-01-05T17:33:39,web-04,3.1150
2026-01-05T17:33:46,lb-01,1.1883
2026-01-05T17:34:38,web-05,3.2850
2026-01-05T17:35:14,net-02,0.4305
2026-01-05T17:35:19,net-01,1.5220
2026-01-05T17:35:43,hd-02,0.0638
2026-01-05T17:35:55,lb-01,7.0911
2026-01-05T17:36:32,net-01,0.9935
2026-01-05T17:36:51,lb-01,2.8760
2026-01-05T17:37:23,hd-01,31.6825
2026-01-05T17:37:32,hd-01,0.8027
2026-01-05T17:37:43,hd-01,2.0499
2026-01-05T17:37:43,net-04,8.6644
2026-01-05T17:37:51,lb-01,4.3845
2026-01-05T17:38:39,net-02,21.9232
2026-01-05T17:39:23,hd-01,1.7207
2026-01-05T17:40:34,db-01,0.5059
2026-01-05T17:41:33,cache-01,1.5492
2026-01-05T17:41:47,db-01,1.2437
2026-01-05T17:41:57,net-01,20.2358
2026-01-05T17:42:12,lb-01,0.4025
2026-01-05T17:42:35,web-01,2.2118
2026-01-05T17:43:34,net-02,4.9339
2026-01-05T17:44:10,db-02,0.1414
2026-01-05T17:44:24,db-03,7.5251
2026-01-05T17:44:37,web-04,0.5665
2026-01-05T17:44:40,net-03,7.6937
2026-01-05T17:46:11,db-01,1.3844
2026-01-05T17:46:22,web-02,2.7526
2026-01-05T17:46:37,net-04,19.1219
2026-01-05T17:46:46,lb-01,5.4112
2026-01-05T17:47:07,db-01,5.8190
2026-01-05T17:47:17,hd-01,6.0935
2026-01-05T17:47:43,lb-02,1.0728
2026-01-05T17:47:56,cache-02,3.9498
2026-01-05T17:48:44,cache-01,4.8400
2026-01-05T17:49:16,net-02,2.6925
2026-01-05T17:49:26,cache-02,0.2761
2026-01-05T17:49:27,net-04,1.5653
2026-01-05T17:49:58,hd-01,0.9378
2026-01-05T17:51:06,hd-02,3.4583
2026-01-05T17:51:25,web-02,3.1245
2026-01-05T17:51:37,net-04,0.6680
2026-01-05T17:52:28,lb-02,0.1050
2026-01-05T17:53:11,cache-01,0.9046
2026-01-05T17:53:55,web-05,3.3678
2026-01-05T17:53:58,net-02,0.9535
2026-01-05T17:54:01,cache-02,0.2432
2026-01-05T17:54:12,cache-01,1.0069
2026-01-05T17:56:49,web-01,3.0646
2026-01-05T17:56:50,cache-01,15.5524
2026-01-05T17:56:54,hd-02,1.6431
2026-01-05T17:57:15,lb-02,14.6518
2026-01-05T17:57:19,web-02,0.2414
2026-01-05T17:57:35,db-02,0.4871
2026-01-05T17:58:02,lb-01,4.2020
2026-01-05T17:58:24,cache-02,2.7857
2026-01-05T17:58:44,lb-02,11.5728
2026-01-05T17:59:08,db-03,0.6596
2026-01-05T17:59:14,web-01,3.7842
2026-01-05T17:59:34,lb-01,6.9953
2026-01-05T18:00:58,web-03,0.6447
2026-01-05T18:01:26,lb-01,1.6166
2026-01-05T18:01:38,lb-01,0.6392
2026-01-05T18:02:48,cache-03,0.1386
2026-01-05T18:03:15,hd-02,6.9786
2026-01-05T18:03:53,db-02,5.3933
2026-01-05T18:04:47,db-02,1.8090
2026-01-05T18:04:51,web-01,1.1964
2026-01-05T18:05:18,web-05,2.9337
2026-01-05T18:05:24,net-04,5.0288
2026-01-05T18:05:38,net-04,2.1038
2026-01-05T18:06:54,lb-02,1.1804
2026-01-05T18:07:03,hd-01,2.4464
2026-01-05T18:08:05,net-04,0.7002
2026-01-05T18:09:53,db-01,1.3571
2026-01-05T18:10:07,cache-03,6.9612
2026-01-05T18:10:17,cache-03,2.4417
2026-01-05T18:12:51,lb-01,8.4696
2026-01-05T18:12:56,hd-01,2.0123
2026-01-05T18:13:06,db-01,0.2301
2026-01-05T18:13:25,db-03,0.1687
2026-01-05T18:14:56,net-03,4.4964
2026-01-05T18:15:09,cache-03,21.0737
2026-01-05T18:15:38,cache-02,1.1553
2026-01-05T18:16:20,net-01,2.9364
2026-01-05T18:17:06,net-01,0.0481
2026-01-05T18:17:23,lb-01,1.5190
2026-01-05T18:17:26,net-02,2.4149
2026-01-05T18:18:14,db-01,0.0754
2026-01-05T18:18:55,net-04,0.3378
2026-01-05T18:19:21,net-03,0.7201
2026-01-05T18:21:31,web-03,0.4900
2026-01-05T18:22:13,hd-02,3.1041
2026-01-05T18:22:46,cache-02,0.3569
2026-01-05T18:23:18,db-02,1.6228
2026-01-05T18:23:26,web-04,14.6692
2026-01-05T18:23:30,lb-02,0.4940
2026-01-05T18:25:40,hd-01,14.5882
2026-01-05T18:25:43,web-01,1.2500
2026-01-05T18:26:11,cache-03,4.1028
2026-01-05T18:26:40,web-04,2.3006
2026-01-05T18:26:48,cache-03,1.6854
2026-01-05T18:26:52,web-04,1.1007
2026-01-05T18:27:14,lb-02,2.7707
2026-01-05T18:27:15,net-04,0.5560
2026-01-05T18:27:41,cache-02,0.4569
2026-01-05T18:29:19,cache-03,0.3179
2026-01-05T18:29:44,lb-01,7.7993
2026-01-05T18:29:46,web-05,6.2824
2026-01-05T18:29:49,net-02,5.3148
2026-01-05T18:30:35,lb-01,0.8032
2026-01-05T18:31:26,cache-01,0.2484
2026-01-05T18:31:52,db-01,2.4812
2026-01-05T18:32:21,web-03,0.7426
2026-01-05T18:32:39,web-02,0.3783
2026-01-05T18:32:50,hd-02,4.7910
2026-01-05T18:33:04,net-03,4.1473
2026-01-05T18:33:36,cache-02,0.1360
2026-01-05T18:33:38,db-01,0.8912
2026-01-05T18:33:49,db-03,2.1014
2026-01-05T18:34:13,cache-03,0.8218
2026-01-05T18:34:38,lb-02,0.1062
2026-01-05T18:34:52,net-01,1.2509
2026-01-05T18:35:08,hd-02,5.2753
2026-01-05T18:35:42,cache-02,2.8744
2026-01-05T18:36:32,net-04,1.1171
2026-01-05T18:36:43,web-01,13.2353
2026-01-05T18:37:19,hd-01,3.1539
2026-01-05T18:39:07,net-02,0.3054
2026-01-05T18:39:31,db-02,3.6810
2026-01-05T18:39:50,hd-01,0.3189
2026-01-05T18:40:08,lb-01,1.4916
2026-01-05T18:40:12,web-02,0.0693
2026-01-05T18:40:22,net-03,1.5975
2026-01-05T18:40:33,web-03,1.2220
2026-01-05T18:40:41,hd-01,3.9486
2026-01-05T18:40:41,web-04,0.2331
2026-01-05T18:41:01,lb-01,0.6943
2026-01-05T18:41:48,net-04,0.0844
2026-01-05T18:41:48,web-03,1.3211
2026-01-05T18:42:39,net-04,2.7179
2026-01-05T18:42:45,hd-02,9.5754
2026-01-05T18:44:06,cache-01,4.0331
2026-01-05T18:44:09,hd-02,6.1277
2026-01-05T18:44:15,db-03,10.4734
2026-01-05T18:44:21,cache-03,1.0335
2026-01-05T18:44:24,db-01,1.4138
2026-01-05T18:44:53,hd-01,3.2218
2026-01-05T18:45:27,web-03,0.0293
2026-01-05T18:47:39,hd-02,3.0241
2026-01-05T18:48:03,net-04,0.4462
2026-01-05T18:48:59,net-04,3.3287
2026-01-05T18:49:11,cache-01,1.6781
2026-01-05T18:49:15,web-04,1.6221
2026-01-05T18:49:15,cache-03,5.3635
2026-01-05T18:49:18,db-03,3.2890
2026-01-05T18:49:20,web-03,0.3342
2026-01-05T18:49:56,web-01,33.2413
2026-01-05T18:50:25,web-05,0.8366
2026-01-05T18:51:06,hd-01,2.9436
2026-01-05T18:52:05,hd-01,2.1540
2026-01-05T18:52:08,db-01,3.3649
2026-01-05T18:52:52,lb-02,1.0319
2026-01-05T18:53:53,cache-02,8.8181
2026-01-05T18:54:10,hd-02,2.3158
2026-01-05T18:54:24,web-03,0.4066
2026-01-05T18:54:47,web-05,4.1521
2026-01-05T18:55:17,net-03,23.1451
2026-01-05T18:56:24,lb-02,0.0673
2026-01-05T18:56:28,hd-02,2.7897
2026-01-05T18:56:30,cache-01,0.1807
2026-01-05T18:57:08,net-04,1.4728
2026-01-05T18:57:30,cache-02,1.8250
2026-01-05T18:57:31,db-01,0.2755
2026-01-05T18:59:38,net-04,9.8409
2026-01-05T18:59:53,net-01,5.9570
2026-01-05T19:00:01,db-02,0.1925
2026-01-05T19:00:10,web-01,0.3570
2026-01-05T19:00:36,web-05,1.0496
2026-01-05T19:01:15,net-01,3.2824
2026-01-05T19:01:33,db-03,3.5174
2026-01-05T19:02:11,web-04,5.2526
2026-01-05T19:03:01,net-03,5.1781
2026-01-05T19:03:37,web-02,0.1753
2026-01-05T19:04:36,web-04,1.2213
2026-01-05T19:04:55,hd-01,4.5536
2026-01-05T19:06:01,web-04,5.7953
2026-01-05T19:06:38,db-02,2.4995
2026-01-05T19:06:42,hd-01,1.4799
2026-01-05T19:06:46,lb-01,1.6835
2026-01-05T19:07:13,hd-02,3.2714
2026-01-05T19:07:25,hd-01,0.4264
2026-01-05T19:07:29,net-03,1.3688
2026-01-05T19:07:46,net-01,9.5412
2026-01-05T19:08:17,db-01,6.0599
2026-01-05T19:08:28,db-02,2.4026
2026-01-05T19:08:41,lb-02,0.2324
2026-01-05T19:09:09,cache-01,4.6228
2026-01-05T19:09:21,hd-02,0.7524
2026-01-05T19:10:44,web-03,2.3318
2026-01-05T19:11:04,cache-02,5.3628
2026-01-05T19:11:24,lb-02,12.2487
2026-01-05T19:13:46,hd-02,3.0826
2026-01-05T19:14:34,net-03,1.7419
2026-01-05T19:14:42,hd-01,1.6199
2026-01-05T19:14:59,net-01,0.0115
2026-01-05T19:15:39,net-04,2.3730
2026-01-05T19:16:18,net-04,1.6758
2026-01-05T19:16:49,lb-01,4.2870
2026-01-05T19:17:53,db-03,8.7137
2026-01-05T19:18:27,hd-02,0.5227
2026-01-05T19:19:09,web-03,1.4985
2026-01-05T19:19:11,hd-02,1.2136
2026-01-05T19:19:44,hd-01,0.1404
2026-01-05T19:20:19,lb-01,2.0616
2026-01-05T19:20:22,cache-01,2.0066
2026-01-05T19:20:59,lb-02,1.1861
2026-01-05T19:21:00,net-02,2.1531
2026-01-05T19:21:07,hd-01,11.7353
2026-01-05T19:21:44,net-01,4.4466
2026-01-05T19:22:53,hd-01,8.7857
2026-01-05T19:23:41,db-02,0.0966
2026-01-05T19:23:46,cache-03,23.4745
2026-01-05T19:24:37,web-05,0.7556
2026-01-05T19:25:17,web-04,2.1954
2026-01-05T19:25:32,cache-03,6.9624
2026-01-05T19:26:43,web-04,16.4148
2026-01-05T19:26:57,lb-01,2.8152
2026-01-05T19:27:27,net-02,8.0323
2026-01-05T19:27:37,cache-03,27.1793
2026-01-05T19:27:49,hd-02,23.9991
2026-01-05T19:27:53,net-02,0.3510
2026-01-05T19:28:09,net-01,0.1353
2026-01-05T19:29:19,db-01,0.0224
2026-01-05T19:29:36,db-01,0.4547
2026-01-05T19:29:39,net-03,1.6592
2026-01-05T19:30:13,net-01,7.4752
2026-01-05T19:30:19,hd-01,0.2380
2026-01-05T19:31:25,db-02,0.0640
2026-01-05T19:31:31,db-01,0.3564
2026-01-05T19:32:06,cache-01,0.4348
2026-01-05T19:32:39,net-01,23.0562
2026-01-05T19:32:54,web-05,3.9468
2026-01-05T19:33:02,lb-01,20.6776
2026-01-05T19:33:32,cache-01,0.6157
2026-01-05T19:33:38,web-04,0.9699
2026-01-05T19:34:07,lb-01,26.1758
2026-01-05T19:34:18,hd-02,0.4599
2026-01-05T19:34:33,cache-02,1.9757
2026-01-05T19:35:23,db-02,0.6553
2026-01-05T19:35:47,cache-01,5.0325
2026-01-05T19:36:45,hd-01,0.6242
2026-01-05T19:36:47,hd-02,4.8985
2026-01-05T19:38:39,cache-03,2.2340
2026-01-05T19:38:42,cache-02,0.7760
2026-01-05T19:39:38,hd-01,5.9347
2026-01-05T19:39:41,lb-02,4.9993
2026-01-05T19:39:46,web-03,26.4512
2026-01-05T19:39:47,db-01,5.3411
2026-01-05T19:39:48,lb-02,0.8151
2026-01-05T19:40:26,db-03,1.6553
2026-01-05T19:41:12,net-01,3.2435
2026-01-05T19:41:23,net-01,2.9766
2026-01-05T19:41:41,net-04,2.7098
2026-01-05T19:42:03,cache-02,5.2242
2026-01-05T19:42:49,web-05,0.8267
2026-01-05T19:43:01,lb-01,19.5697
2026-01-05T19:43:18,lb-01,6.3558
2026-01-05T19:45:12,hd-01,8.5245
2026-01-05T19:45:22,web-03,4.7920
2026-01-05T19:46:15,lb-02,1.4098
2026-01-05T19:46:32,net-02,0.0834
2026-01-05T19:47:37,db-01,2.0209
2026-01-05T19:47:46,cache-03,2.7802
2026-01-05T19:48:47,web-05,2.4233
2026-01-05T19:49:26,web-05,4.4535
2026-01-05T19:50:36,web-03,0.8305
2026-01-05T19:51:46,hd-01,2.7051
2026-01-05T19:52:40,net-04,1.1281
2026-01-05T19:53:24,hd-02,4.5404
2026-01-05T19:54:18,lb-01,0.3345
2026-01-05T19:54:50,lb-01,4.2392
2026-01-05T19:55:34,net-01,1.1580
2026-01-05T19:56:00,db-01,4.1334
2026-01-05T19:56:03,net-03,0.6623
2026-01-05T19:56:17,net-03,1.7570
2026-01-05T19:56:24,cache-03,0.6311
2026-01-05T19:56:30,cache-01,11.3793
2026-01-05T19:57:21,db-02,1.0545
2026-01-05T19:57:26,web-01,1.9428
2026-01-05T19:57:26,lb-01,0.0347
2026-01-05T19:57:57,web-02,5.5958
2026-01-05T19:58:52,db-01,0.8171
2026-01-05T19:59:10,db-03,4.7778
2026-01-05T19:59:27,lb-02,5.4581
2026-01-05T19:59:35,cache-02,6.0896
2026-01-05T19:59:49,db-01,8.7822
2026-01-05T20:01:16,hd-01,2.4135
2026-01-05T20:01:28,db-03,0.7198
2026-01-05T20:01:43,hd-01,0.1877
2026-01-05T20:03:26,hd-02,0.5061
2026-01-05T20:03:27,lb-02,4.6959
2026-01-05T20:03:49,hd-01,0.5638
2026-01-05T20:05:11,lb-01,0.1012
2026-01-05T20:05:26,cache-02,0.3707
2026-01-05T20:06:45,db-01,1.8379
2026-01-05T20:06:56,net-04,2.3621
2026-01-05T20:07:03,net-03,1.6770
2026-01-05T20:07:31,db-03,2.6724
2026-01-05T20:07:59,cache-02,0.3112
2026-01-05T20:08:23,web-05,0.8334
2026-01-05T20:08:23,db-03,4.6889
2026-01-05T20:08:51,web-01,0.4075
2026-01-05T20:09:03,db-02,1.3841
2026-01-05T20:09:18,lb-02,1.5013
2026-01-05T20:09:52,net-01,17.8204
2026-01-05T20:11:16,cache-01,0.4221
2026-01-05T20:11:16,hd-02,10.2350
2026-01-05T20:11:45,web-01,1.8679
2026-01-05T20:12:41,db-03,2.0347
2026-01-05T20:14:20,web-04,3.1024
2026-01-05T20:15:04,web-05,0.1450
2026-01-05T20:16:26,net-01,2.7980
2026-01-05T20:16:30,net-01,1.7679
2026-01-05T20:16:38,web-01,0.8026
2026-01-05T20:17:01,hd-01,0.1680
2026-01-05T20:17:07,cache-03,1.3375
2026-01-05T20:17:26,db-02,0.6686
2026-01-05T20:17:38,hd-02,1.0995
2026-01-05T20:18:31,hd-02,0.1184
2026-01-05T20:19:17,net-02,0.0996
2026-01-05T20:19:36,db-02,0.2399
2026-01-05T20:20:53,web-05,4.8833
2026-01-05T20:21:15,db-02,0.1684
2026-01-05T20:21:17,hd-01,0.2043
2026-01-05T20:21:21,hd-02,0.8358
2026-01-05T20:21:24,cache-01,8.4079
2026-01-05T20:21:37,cache-03,9.5039
2026-01-05T20:22:03,cache-01,0.4536
2026-01-05T20:23:08,web-01,3.0449
2026-01-05T20:23:09,net-03,0.7984
2026-01-05T20:23:38,hd-01,0.3336
2026-01-05T20:24:01,db-03,3.8181
2026-01-05T20:24:08,lb-02,6.4580
2026-01-05T20:24:18,hd-01,0.2666
2026-01-05T20:25:06,lb-02,0.0394
2026-01-05T20:26:13,cache-03,0.2692
2026-01-05T20:27:22,cache-03,9.3985
2026-01-05T20:28:00,web-05,0.8147
2026-01-05T20:28:06,db-01,11.2411
2026-01-05T20:28:26,db-02,0.2125
2026-01-05T20:28:46,hd-01,0.8862
2026-01-05T20:29:44,lb-02,3.3018
2026-01-05T20:30:01,db-02,2.7594
2026-01-05T20:30:13,net-04,1.2044
2026-01-05T20:30:32,db-03,0.8394
2026-01-05T20:30:59,db-01,1.9279
2026-01-05T20:31:00,hd-02,5.5867
2026-01-05T20:31:21,web-01,2.8231
2026-01-05T20:36:07,hd-02,10.9326
2026-01-05T20:36:10,net-02,2.0325
2026-01-05T20:36:25,net-01,3.5215
2026-01-05T20:36:39,cache-01,0.4286
2026-01-05T20:37:14,db-01,1.0829
2026-01-05T20:37:48,hd-01,2.0246
2026-01-05T20:37:55,cache-03,2.3756
2026-01-05T20:38:16,db-02,4.2973
2026-01-05T20:38:19,net-03,0.9302
2026-01-05T20:38:23,web-03,1.1090
2026-01-05T20:38:38,hd-02,0.8381
2026-01-05T20:38:42,lb-01,5.0210
2026-01-05T20:38:55,db-02,0.2260
2026-01-05T20:39:04,web-05,0.5074
2026-01-05T20:39:55,net-02,3.3770
2026-01-05T20:40:55,lb-01,1.6004
2026-01-05T20:41:12,lb-02,9.2384
2026-01-05T20:41:38,web-04,2.6694
2026-01-05T20:42:02,hd-02,0.8081
2026-01-05T20:42:54,cache-03,2.6616
2026-01-05T20:43:15,net-04,6.2861
2026-01-05T20:43:16,web-01,5.0690
2026-01-05T20:43:21,hd-01,0.6758
2026-01-05T20:43:39,db-02,16.1730
2026-01-05T20:44:05,hd-02,0.1946
2026-01-05T20:44:17,web-05,0.7141
2026-01-05T20:44:47,cache-02,0.7904
2026-01-05T20:45:56,db-01,5.8154
2026-01-05T20:46:45,lb-01,10.3806
2026-01-05T20:47:16,net-03,0.4494
2026-01-05T20:47:19,cache-03,5.3633
2026-01-05T20:48:59,hd-01,3.1429
2026-01-05T20:49:22,web-03,3.4037
2026-01-05T20:49:22,hd-02,1.1214
2026-01-05T20:49:50,hd-02,0.6975
2026-01-05T20:50:19,cache-02,0.0023
2026-01-05T20:50:51,net-01,1.5517
2026-01-05T20:51:24,net-02,0.7753
2026-01-05T20:51:54,web-05,0.0282
2026-01-05T20:53:39,hd-02,0.1399
2026-01-05T20:53:50,net-01,4.4798
2026-01-05T20:54:07,db-03,9.2477
2026-01-05T20:54:20,net-03,1.1321
2026-01-05T20:55:19,db-02,8.4497
2026-01-05T20:55:29,db-03,2.7502
2026-01-05T20:56:32,db-02,1.3661
2026-01-05T20:56:45,cache-02,0.4888
2026-01-05T20:56:52,db-01,0.1216
2026-01-05T20:57:09,web-03,0.0756
2026-01-05T20:57:29,db-02,0.1321
2026-01-05T20:57:36,lb-01,5.8306
2026-01-05T20:57:42,hd-02,0.5636
2026-01-05T20:58:18,net-04,4.5678
2026-01-05T20:59:08,net-02,1.1661
2026-01-05T20:59:27,net-01,3.9618
2026-01-05T21:00:49,lb-02,33.9582
2026-01-05T21:01:10,net-03,3.0975
2026-01-05T21:05:38,lb-01,2.8798
2026-01-05T21:05:43,lb-02,0.5903
2026-01-05T21:06:01,lb-02,0.1974
2026-01-05T21:06:36,lb-02,1.2140
2026-01-05T21:07:13,web-01,3.2258
2026-01-05T21:07:38,net-03,4.2645
2026-01-05T21:08:24,db-03,0.0643
2026-01-05T21:08:42,web-01,2.2702
2026-01-05T21:08:48,hd-02,3.0436
2026-01-05T21:09:06,hd-01,0.2110
2026-01-05T21:09:13,cache-02,0.5464
2026-01-05T21:09:37,net-02,0.3330
2026-01-05T21:09:45,hd-02,2.5647
2026-01-05T21:09:56,hd-02,0.8922
2026-01-05T21:10:29,cache-02,1.5697
2026-01-05T21:11:19,web-04,4.6673
2026-01-05T21:13:08,hd-01,4.7993
2026-01-05T21:13:11,cache-02,0.8365
2026-01-05T21:13:44,db-01,15.9687
2026-01-05T21:14:18,lb-02,0.9590
2026-01-05T21:14:26,web-05,7.3774
2026-01-05T21:15:16,hd-02,1.9331
2026-01-05T21:15:39,lb-02,0.0362
2026-01-05T21:15:42,lb-01,0.3576
2026-01-05T21:16:14,web-01,4.4862
2026-01-05T21:16:36,cache-01,1.7296
2026-01-05T21:18:14,cache-01,2.1187
2026-01-05T21:18:31,lb-02,3.1343
2026-01-05T21:19:48,web-05,0.1174
2026-01-05T21:22:36,web-03,1.9170
2026-01-05T21:22:53,web-01,2.8291
2026-01-05T21:23:07,web-05,1.2454
2026-01-05T21:23:11,lb-01,3.3817
2026-01-05T21:23:28,net-02,0.0523
2026-01-05T21:23:47,lb-02,0.1739
2026-01-05T21:25:08,cache-03,1.9837
2026-01-05T21:25:30,web-03,3.2710
2026-01-05T21:27:08,cache-03,2.3260
2026-01-05T21:27:54,net-01,1.9219
2026-01-05T21:28:19,lb-01,1.9536
2026-01-05T21:28:30,web-04,0.3032
2026-01-05T21:28:48,net-03,1.7035
2026-01-05T21:28:49,web-03,1.6626
2026-01-05T21:28:55,web-02,26.3981
2026-01-05T21:29:08,web-02,9.4634
2026-01-05T21:29:16,net-01,8.7881
2026-01-05T21:29:21,cache-03,12.8026
2026-01-05T21:29:51,web-01,2.6460
2026-01-05T21:30:55,lb-01,0.9149
2026-01-05T21:31:17,hd-01,0.8730
2026-01-05T21:31:23,cache-01,1.1435
2026-01-05T21:31:43,db-02,2.8026
2026-01-05T21:32:07,db-02,0.0184
2026-01-05T21:33:16,cache-03,3.4974
2026-01-05T21:34:08,db-01,2.1576
2026-01-05T21:34:48,cache-02,0.9054
2026-01-05T21:35:08,lb-02,4.2952
2026-01-05T21:35:17,web-04,4.0337
2026-01-05T21:35:32,cache-01,24.2872
2026-01-05T21:35:55,db-02,6.3467
2026-01-05T21:35:58,hd-02,9.8956
2026-01-05T21:36:08,hd-01,6.8245
2026-01-05T21:39:06,web-03,1.3096
2026-01-05T21:39:30,hd-01,1.2724
2026-01-05T21:40:05,hd-02,8.2679
2026-01-05T21:40:11,hd-02,26.4812
2026-01-05T21:41:21,db-02,2.2020
2026-01-05T21:41:32,web-04,20.6432
2026-01-05T21:43:20,net-02,1.1598
2026-01-05T21:43:28,web-03,1.9831
2026-01-05T21:43:36,db-02,0.3416
2026-01-05T21:44:23,hd-01,8.9005
2026-01-05T21:45:13,web-04,11.1686
2026-01-05T21:45:14,web-02,2.6319
2026-01-05T21:45:36,web-03,1.5260
2026-01-05T21:45:39,cache-02,0.8544
2026-01-05T21:45:45,web-03,2.9362
2026-01-05T21:46:01,web-04,0.8941
2026-01-05T21:47:34,web-05,1.6509
2026-01-05T21:47:43,db-03,6.7605
2026-01-05T21:47:51,hd-01,0.6194
2026-01-05T21:48:00,hd-02,0.3201
2026-01-05T21:48:39,hd-01,2.3169
2026-01-05T21:50:14,net-02,3.2253
2026-01-05T21:52:52,cache-01,19.1040
2026-01-05T21:53:56,db-02,7.1849
2026-01-05T21:54:52,web-03,9.4207
2026-01-05T21:54:56,net-01,1.4514
2026-01-05T21:55:18,net-02,0.3949
2026-01-05T21:56:11,hd-02,4.4629
2026-01-05T21:56:51,db-02,5.9751
2026-01-05T21:56:52,hd-01,1.9088
2026-01-05T21:57:19,web-02,1.6763
2026-01-05T21:57:55,db-03,3.6152
2026-01-05T21:58:18,lb-02,4.9762
2026-01-05T21:58:19,hd-01,1.2023
2026-01-05T21:58:47,db-01,2.3124
2026-01-05T21:58:52,net-03,10.0006
2026-01-05T21:59:36,lb-01,0.1693
2026-01-05T21:59:57,hd-01,0.2571
2026-01-05T22:00:09,net-04,1.7157
2026-01-05T22:00:11,hd-02,4.4725
2026-01-05T22:00:18,hd-02,1.0511
2026-01-05T22:00:25,net-03,4.5594
2026-01-05T22:01:18,db-02,0.7722
2026-01-05T22:01:29,net-04,0.0619
2026-01-05T22:02:07,db-03,0.2608
2026-01-05T22:02:28,hd-02,0.5490
2026-01-05T22:02:42,hd-01,1.3046
2026-01-05T22:02:57,web-01,1.5287
2026-01-05T22:02:59,web-05,0.1571
2026-01-05T22:03:06,lb-02,0.1260
2026-01-05T22:03:21,db-02,2.5203
2026-01-05T22:04:05,web-02,1.1201
2026-01-05T22:04:24,net-01,3.0663
2026-01-05T22:04:35,web-05,2.6945
2026-01-05T22:05:10,web-01,2.9099
2026-01-05T22:05:37,cache-03,1.4547
2026-01-05T22:06:23,web-03,1.5620
2026-01-05T22:08:10,cache-02,0.5552
2026-01-05T22:09:26,hd-01,6.8926
2026-01-05T22:09:28,db-01,4.2352
2026-01-05T22:09:31,web-01,9.1166
2026-01-05T22:09:33,net-01,1.1257
2026-01-05T22:09:50,db-01,26.6332
2026-01-05T22:10:16,lb-01,4.3282
2026-01-05T22:10:28,net-02,1.2642
2026-01-05T22:10:39,web-05,2.5551
2026-01-05T22:11:40,cache-01,0.2685
2026-01-05T22:13:03,cache-01,2.4528
2026-01-05T22:13:13,db-03,3.6338
2026-01-05T22:13:26,lb-02,11.1950
2026-01-05T22:13:35,db-03,1.5676
2026-01-05T22:13:53,web-04,2.3920
2026-01-05T22:14:04,cache-01,2.0882
2026-01-05T22:14:23,db-03,9.3866
2026-01-05T22:14:56,hd-02,1.6751
2026-01-05T22:15:40,hd-01,5.3369
2026-01-05T22:16:00,hd-02,3.1265
2026-01-05T22:16:21,cache-03,0.8748
2026-01-05T22:16:43,cache-03,0.8444
2026-01-05T22:17:04,db-02,5.4379
2026-01-05T22:17:18,hd-01,4.0432
2026-01-05T22:17:28,lb-02,6.3445
2026-01-05T22:18:11,cache-01,0.0871
2026-01-05T22:18:26,web-05,3.9686
2026-01-05T22:18:53,hd-02,0.1502
2026-01-05T22:19:00,web-02,8.3545
2026-01-05T22:19:29,net-01,1.1475
2026-01-05T22:20:01,web-05,1.1181
2026-01-05T22:20:34,cache-01,15.8900
2026-01-05T22:21:27,net-01,1.4289
2026-01-05T22:22:06,hd-02,0.6590
2026-01-05T22:22:19,hd-01,2.4483
2026-01-05T22:23:16,cache-03,3.8907
2026-01-05T22:23:39,lb-01,0.4447
2026-01-05T22:23:55,lb-02,9.1015
2026-01-05T22:24:02,cache-01,1.0403
2026-01-05T22:24:09,web-05,1.3761
2026-01-05T22:26:52,lb-02,2.0119
2026-01-05T22:27:45,hd-02,0.9304
2026-01-05T22:27:57,db-02,2.5013
2026-01-05T22:28:05,cache-01,3.6699
2026-01-05T22:29:03,lb-02,2.2030
2026-01-05T22:29:08,web-03,3.6913
2026-01-05T22:29:13,hd-02,1.0252
2026-01-05T22:32:54,net-01,2.1284
2026-01-05T22:33:40,hd-01,0.2659
2026-01-05T22:33:44,lb-02,0.0148
2026-01-05T22:34:31,net-02,4.9295
2026-01-05T22:35:11,net-03,5.3482
2026-01-05T22:35:44,cache-02,0.1732
2026-01-05T22:37:12,hd-02,9.7560
2026-01-05T22:38:17,net-03,3.4870
2026-01-05T22:39:22,cache-03,9.1770
2026-01-05T22:40:02,net-02,3.3521
2026-01-05T22:40:03,db-01,1.8829
2026-01-05T22:40:48,net-02,0.9712
2026-01-05T22:41:53,hd-02,0.0227
2026-01-05T22:42:18,lb-01,2.6995
2026-01-05T22:42:58,web-01,2.3297
2026-01-05T22:43:20,db-03,1.4024
2026-01-05T22:45:02,cache-01,2.9718
2026-01-05T22:45:12,net-03,0.1721
2026-01-05T22:45:48,web-02,6.3621
2026-01-05T22:46:19,web-02,1.1124
2026-01-05T22:46:33,db-03,3.2430
2026-01-05T22:46:40,hd-01,0.4721
2026-01-05T22:47:37,hd-01,2.7673
2026-01-05T22:47:56,net-01,5.8029
2026-01-05T22:48:00,cache-01,3.7807
2026-01-05T22:48:06,db-01,1.3044
2026-01-05T22:48:55,net-03,0.3975
2026-01-05T22:49:44,web-02,1.0753
2026-01-05T22:50:17,cache-01,6.9181
2026-01-05T22:50:58,cache-02,2.0042
2026-01-05T22:51:20,net-02,6.0758
2026-01-05T22:51:44,web-03,0.6058
2026-01-05T22:52:10,hd-01,1.2720
2026-01-05T22:52:11,cache-02,5.4106
2026-01-05T22:52:13,net-04,6.7757
2026-01-05T22:52:15,lb-01,5.7646
2026-01-05T22:53:51,db-03,0.9644
2026-01-05T22:54:08,lb-01,4.8914
2026-01-05T22:55:11,db-01,2.8302
2026-01-05T22:55:30,cache-01,0.9018
2026-01-05T22:57:20,lb-01,2.1152
2026-01-05T22:58:32,hd-01,1.4510
2026-01-05T22:59:51,web-05,0.3029
2026-01-05T22:59:55,cache-03,9.5608
2026-01-05T22:59:56,lb-02,0.0074
2026-01-05T22:59:58,web-03,2.5867
2026-01-05T23:00:12,hd-02,0.2856
2026-01-05T23:00:31,db-03,1.4518
2026-01-05T23:01:07,net-02,1.4568
2026-01-05T23:01:23,cache-01,1.6605
2026-01-05T23:02:11,cache-02,0.9398
2026-01-05T23:03:02,hd-02,1.8747
2026-01-05T23:03:04,cache-01,6.4114
2026-01-05T23:03:20,web-05,4.2846
2026-01-05T23:03:36,net-04,13.1781
2026-01-05T23:04:04,hd-01,5.0134
2026-01-05T23:04:13,cache-02,0.5852
2026-01-05T23:04:29,lb-01,0.1651
2026-01-05T23:05:01,web-03,2.0645
2026-01-05T23:05:05,db-02,0.7800
2026-01-05T23:05:07,hd-02,0.4990
2026-01-05T23:05:43,hd-02,3.5002
2026-01-05T23:06:06,hd-01,5.6864
2026-01-05T23:06:14,lb-01,0.6648
2026-01-05T23:06:54,db-01,0.5908
2026-01-05T23:07:32,web-04,63.0225
2026-01-05T23:07:42,db-01,14.6700
2026-01-05T23:07:48,cache-02,0.5314
2026-01-05T23:08:48,hd-02,1.6568
2026-01-05T23:08:58,cache-02,0.9261
2026-01-05T23:09:00,db-01,5.2523
2026-01-05T23:09:20,db-01,1.9828
2026-01-05T23:09:25,db-03,0.7243
2026-01-05T23:09:47,hd-02,11.1394
2026-01-05T23:09:48,lb-01,0.8037
2026-01-05T23:10:19,hd-01,2.6444
2026-01-05T23:10:35,net-03,2.4191
2026-01-05T23:10:44,lb-01,4.4425
2026-01-05T23:11:35,db-03,0.2462
2026-01-05T23:11:44,hd-01,1.4512
2026-01-05T23:11:51,db-03,3.6374
2026-01-05T23:11:53,cache-01,1.2016
2026-01-05T23:13:05,hd-02,0.8141
2026-01-05T23:13:12,hd-02,0.4628
2026-01-05T23:13:17,lb-02,0.7078
2026-01-05T23:14:10,net-04,4.9507
2026-01-05T23:15:12,web-04,1.0100
2026-01-05T23:17:09,db-02,6.0192
2026-01-05T23:19:57,cache-03,3.0383
2026-01-05T23:20:09,lb-01,1.3260
2026-01-05T23:22:39,hd-01,0.3070
2026-01-05T23:24:33,cache-01,2.8226
2026-01-05T23:25:15,web-05,7.5289
2026-01-05T23:25:42,lb-01,2.0327
2026-01-05T23:25:52,lb-01,2.2988
2026-01-05T23:25:56,cache-03,1.4831
2026-01-05T23:27:38,db-02,1.1534
2026-01-05T23:28:56,net-02,3.7305
2026-01-05T23:29:01,cache-02,2.2506
2026-01-05T23:30:25,cache-02,3.6905
2026-01-05T23:30:49,cache-03,3.6439
2026-01-05T23:31:15,cache-01,0.9393
2026-01-05T23:31:35,hd-02,11.6898
2026-01-05T23:32:07,hd-01,2.9799
2026-01-05T23:33:55,cache-01,1.1760
2026-01-05T23:34:35,hd-02,2.5234
2026-01-05T23:36:21,web-01,17.3824
2026-01-05T23:39:35,db-01,3.8965
2026-01-05T23:39:46,hd-02,4.0511
2026-01-05T23:39:47,net-04,20.9401
2026-01-05T23:40:05,hd-02,2.6808
2026-01-05T23:40:07,cache-01,1.3248
2026-01-05T23:40:49,lb-01,2.7139
2026-01-05T23:42:04,web-04,0.3369
2026-01-05T23:42:34,db-02,0.2214
2026-01-05T23:42:57,cache-01,4.0933
2026-01-05T23:43:13,web-05,100.0000
2026-01-05T23:43:26,lb-02,0.2187
2026-01-05T23:44:29,db-03,2.1359
2026-01-05T23:44:41,lb-02,0.7686
2026-01-05T23:45:02,net-04,1.2114
2026-01-05T23:45:18,db-03,1.6596
2026-01-05T23:45:22,web-03,2.0409
2026-01-05T23:46:00,lb-02,2.9616
2026-01-05T23:47:21,web-03,0.1045
2026-01-05T23:48:34,db-01,2.9289
2026-01-05T23:48:56,net-03,6.0178
2026-01-05T23:48:59,net-02,4.5548
2026-01-05T23:49:47,net-03,0.8942
2026-01-05T23:50:33,web-05,25.9328
2026-01-05T23:50:49,db-02,1.1218
2026-01-05T23:51:14,cache-01,0.0550
2026-01-05T23:51:49,net-04,0.0598
2026-01-05T23:52:20,lb-01,16.2100
2026-01-05T23:52:30,hd-01,7.9029
2026-01-05T23:52:56,db-03,0.1047
2026-01-05T23:54:48,hd-01,0.1502
2026-01-05T23:54:58,cache-02,0.7719
2026-01-05T23:55:26,hd-01,0.6292
2026-01-05T23:55:53,lb-01,1.8806
2026-01-05T23:56:07,web-04,10.2441
2026-01-05T23:56:24,db-01,6.2019
2026-01-05T23:56:30,db-02,8.8369
2026-01-05T23:56:53,lb-02,0.2688
2026-01-05T23:57:18,web-02,1.3559
2026-01-05T23:57:55,hd-02,0.1828
2026-01-05T23:58:28,db-02,5.8076
2026-01-05T23:58:32,lb-02,5.6764
2026-01-05T23:59:37,lb-01,1.0162
2026-01-06T00:00:08,db-01,5.2649
2026-01-06T00:01:13,hd-01,0.2370
2026-01-06T00:01:39,net-04,0.8174
2026-01-06T00:01:51,web-04,2.4404
2026-01-06T00:03:08,cache-01,1.3934
2026-01-06T00:03:18,db-03,0.9144
2026-01-06T00:03:34,lb-01,10.6996
2026-01-06T00:03:35,cache-02,2.1025
2026-01-06T00:05:48,hd-01,1.8750
2026-01-06T00:05:53,net-03,7.2161
2026-01-06T00:05:57,lb-01,1.5972
2026-01-06T00:07:23,hd-02,2.0733
2026-01-06T00:07:33,hd-02,1.6249
2026-01-06T00:07:49,net-04,0.6047
2026-01-06T00:08:09,hd-01,6.7237
2026-01-06T00:08:42,hd-02,6.6291
2026-01-06T00:09:02,db-03,3.3511
2026-01-06T00:09:06,net-03,7.6854
2026-01-06T00:09:35,cache-03,2.8039
2026-01-06T00:09:38,db-01,0.8616
2026-01-06T00:10:03,lb-01,0.8256
2026-01-06T00:10:14,cache-02,0.2014
2026-01-06T00:10:22,cache-02,0.6930
2026-01-06T00:11:00,cache-01,29.1215
2026-01-06T00:12:05,hd-02,0.3507
2026-01-06T00:12:14,lb-01,3.8556
2026-01-06T00:12:19,hd-01,0.1008
2026-01-06T00:12:32,net-01,2.2350
2026-01-06T00:12:36,hd-02,0.2162
2026-01-06T00:13:30,lb-01,0.5077
2026-01-06T00:14:01,db-03,2.4872
2026-01-06T00:14:34,db-03,1.3901
2026-01-06T00:15:23,web-02,2.5728
2026-01-06T00:16:03,hd-02,2.5590
2026-01-06T00:17:42,lb-02,0.2242
2026-01-06T00:18:18,net-04,1.6744
2026-01-06T00:18:50,hd-02,3.2364
2026-01-06T00:19:21,lb-01,0.4065
2026-01-06T00:19:36,net-04,1.4432
2026-01-06T00:21:01,cache-01,2.1108
2026-01-06T00:21:04,lb-02,33.2379
2026-01-06T00:21:06,db-03,1.0033
2026-01-06T00:22:28,db-03,11.1180
2026-01-06T00:22:44,hd-02,23.1524
2026-01-06T00:23:06,web-01,1.2270
2026-01-06T00:25:42,lb-02,1.3169
2026-01-06T00:26:22,lb-02,0.8059
2026-01-06T00:26:24,hd-02,5.4480
2026-01-06T00:26:48,hd-01,3.6842
2026-01-06T00:27:08,web-02,3.0197
2026-01-06T00:27:13,db-01,2.9525
2026-01-06T00:28:36,db-01,5.1174
2026-01-06T00:29:03,lb-02,2.2113
2026-01-06T00:29:22,lb-01,0.1653
2026-01-06T00:30:10,web-02,3.9775
2026-01-06T00:30:21,net-02,0.2437
2026-01-06T00:30:21,db-02,4.4002
2026-01-06T00:31:53,lb-01,0.5202
2026-01-06T00:33:00,web-01,6.6290
2026-01-06T00:33:19,lb-02,2.8540
2026-01-06T00:33:31,hd-02,2.3934
2026-01-06T00:33:33,db-02,1.6800
2026-01-06T00:33:35,hd-02,3.7813
2026-01-06T00:34:14,hd-01,8.8911
2026-01-06T00:36:18,lb-02,2.0745
2026-01-06T00:36:42,cache-02,1.5404
2026-01-06T00:37:03,cache-02,4.5765
2026-01-06T00:37:19,cache-01,0.9769
2026-01-06T00:38:03,net-02,0.4135
2026-01-06T00:38:17,lb-01,11.6871
2026-01-06T00:38:21,cache-02,4.0578
2026-01-06T00:39:29,net-04,2.4747
2026-01-06T00:39:43,web-02,3.3922
2026-01-06T00:39:48,cache-02,2.8987
2026-01-06T00:40:04,net-03,0.8964
2026-01-06T00:40:06,hd-01,0.4665
2026-01-06T00:40:19,net-03,0.5216
2026-01-06T00:40:41,hd-02,4.7718
2026-01-06T00:41:12,net-02,1.8132
2026-01-06T00:41:30,lb-02,0.4283
2026-01-06T00:42:03,cache-02,9.9850
2026-01-06T00:42:27,web-02,22.6582
2026-01-06T00:43:03,hd-02,0.0166
2026-01-06T00:44:14,lb-02,1.6771
2026-01-06T00:45:27,lb-02,0.3627
2026-01-06T00:46:16,web-02,0.9584
2026-01-06T00:46:45,web-01,4.2576
2026-01-06T00:47:02,lb-02,5.4242
2026-01-06T00:47:07,lb-01,0.3029
2026-01-06T00:47:20,net-02,7.3134
2026-01-06T00:47:29,db-02,1.5417
2026-01-06T00:47:38,cache-01,5.3939
2026-01-06T00:49:17,db-03,0.2869
2026-01-06T00:50:13,net-04,2.8436
2026-01-06T00:50:59,db-02,0.0435
2026-01-06T00:52:17,cache-02,2.3061
2026-01-06T00:52:55,web-05,2.8072
2026-01-06T00:53:04,db-03,1.5901
2026-01-06T00:53:34,hd-01,1.3509
2026-01-06T00:53:45,net-01,1.8736
2026-01-06T00:53:58,cache-02,3.9488
2026-01-06T00:54:49,lb-01,1.0669
2026-01-06T00:55:01,lb-01,0.7947
2026-01-06T00:55:11,web-03,0.9525
2026-01-06T00:55:27,net-03,0.0446
2026-01-06T00:55:29,web-02,0.7940
2026-01-06T00:55:37,lb-02,4.8402
2026-01-06T00:57:00,web-02,1.1950
2026-01-06T00:57:23,hd-01,0.5253
2026-01-06T00:58:53,db-02,4.9342
2026-01-06T00:59:06,hd-01,2.3600
2026-01-06T00:59:15,web-03,9.0729
2026-01-06T00:59:41,cache-03,0.4245
2026-01-06T01:00:05,cache-02,1.1910
2026-01-06T01:00:47,hd-02,0.3169
2026-01-06T01:01:03,net-02,3.6151
2026-01-06T01:01:22,net-01,1.5186
2026-01-06T01:03:26,cache-02,1.1079
2026-01-06T01:03:26,net-03,0.2386
2026-01-06T01:03:40,net-02,1.5533
2026-01-06T01:03:41,db-03,0.4520
2026-01-06T01:03:48,hd-01,3.0619
2026-01-06T01:04:13,db-03,0.0080
2026-01-06T01:04:20,hd-01,6.5227
2026-01-06T01:04:32,cache-03,0.0882
2026-01-06T01:04:40,net-01,1.1839
2026-01-06T01:05:26,db-02,1.8299
2026-01-06T01:05:32,lb-02,1.7326
2026-01-06T01:06:54,web-01,2.7794
2026-01-06T01:07:26,hd-02,0.0488
2026-01-06T01:07:59,db-02,1.4027
2026-01-06T01:08:04,lb-01,3.9496
2026-01-06T01:08:50,hd-02,1.2589
2026-01-06T01:09:28,net-01,3.0621
2026-01-06T01:09:42,db-02,3.4834
2026-01-06T01:09:42,net-02,2.0766
2026-01-06T01:09:49,web-05,0.2923
2026-01-06T01:09:54,cache-02,25.8913
2026-01-06T01:10:06,net-03,2.4972
2026-01-06T01:11:09,lb-01,5.0413
2026-01-06T01:11:34,lb-02,3.9407
2026-01-06T01:12:11,web-04,14.2228
2026-01-06T01:12:25,db-01,7.8022
2026-01-06T01:12:26,net-02,0.0458
2026-01-06T01:12:29,web-03,0.4905
2026-01-06T01:13:05,hd-01,2.5036
2026-01-06T01:13:14,net-03,3.2057
2026-01-06T01:13:32,net-04,1.3511
2026-01-06T01:14:03,web-01,0.4841
2026-01-06T01:14:23,web-03,5.8641
2026-01-06T01:14:31,db-03,6.6032
2026-01-06T01:14:56,net-01,3.4592
2026-01-06T01:15:19,db-01,0.2287
2026-01-06T01:15:25,web-04,4.1674
2026-01-06T01:15:27,cache-03,1.3329
2026-01-06T01:15:28,db-01,3.2163
2026-01-06T01:16:59,hd-02,3.0738
2026-01-06T01:18:06,cache-01,0.5451
2026-01-06T01:18:57,lb-02,0.2272
2026-01-06T01:18:58,cache-01,3.6676
2026-01-06T01:20:20,hd-01,1.0255
2026-01-06T01:20:21,hd-02,3.6677
2026-01-06T01:20:27,lb-01,1.2592
2026-01-06T01:20:48,lb-02,51.0454
2026-01-06T01:21:05,db-01,4.1173
2026-01-06T01:22:31,net-03,2.1541
2026-01-06T01:22:33,hd-01,7.7593
2026-01-06T01:23:35,lb-01,2.8136
2026-01-06T01:23:36,db-03,1.5282
2026-01-06T01:23:47,lb-01,0.4804
2026-01-06T01:25:01,cache-01,10.5741
2026-01-06T01:25:35,net-04,2.4445
2026-01-06T01:25:43,hd-01,0.2861
2026-01-06T01:26:00,lb-01,4.8875
2026-01-06T01:26:24,cache-01,5.6240
2026-01-06T01:26:33,cache-02,9.7245
2026-01-06T01:26:54,hd-02,4.4559
2026-01-06T01:26:57,net-03,3.1742
2026-01-06T01:27:21,lb-01,2.8091
2026-01-06T01:27:29,hd-02,0.7738
2026-01-06T01:27:44,hd-01,1.2646
2026-01-06T01:27:59,hd-02,6.9145
2026-01-06T01:28:14,lb-02,8.2861
2026-01-06T01:29:20,net-01,1.9860
2026-01-06T01:29:57,db-03,2.9787
2026-01-06T01:30:02,db-03,5.4978
2026-01-06T01:30:14,lb-01,0.1297
2026-01-06T01:31:01,net-02,21.9758
2026-01-06T01:32:03,hd-02,0.5061
2026-01-06T01:32:25,db-03,0.2363
2026-01-06T01:32:56,lb-01,2.5279
2026-01-06T01:33:06,cache-01,6.1968
2026-01-06T01:33:08,db-02,1.6579
2026-01-06T01:33:12,db-03,0.0865
2026-01-06T01:33:23,cache-01,2.2982
2026-01-06T01:33:54,lb-01,1.1920
2026-01-06T01:34:19,net-01,0.0795
2026-01-06T01:35:03,web-05,0.3719
2026-01-06T01:36:08,hd-02,0.8913
2026-01-06T01:36:10,db-01,0.0328
2026-01-06T01:36:16,lb-02,0.3064
2026-01-06T01:36:18,db-01,0.9667
2026-01-06T01:36:22,lb-01,0.5924
2026-01-06T01:36:32,db-01,1.2565
2026-01-06T01:36:50,web-01,1.8286
2026-01-06T01:37:27,lb-01,1.1762
2026-01-06T01:38:03,web-03,2.4451
2026-01-06T01:38:41,hd-02,2.8572
2026-01-06T01:39:54,web-04,0.3875
2026-01-06T01:41:48,web-02,5.6387
2026-01-06T01:42:03,lb-02,0.6421
2026-01-06T01:42:23,cache-02,0.9316
2026-01-06T01:43:51,hd-02,0.1240
2026-01-06T01:44:01,cache-02,5.0679
2026-01-06T01:44:11,lb-01,1.7474
2026-01-06T01:45:13,lb-01,0.3591
2026-01-06T01:45:54,lb-02,12.6605
2026-01-06T01:48:21,web-03,0.8727
2026-01-06T01:48:51,net-03,11.3681
2026-01-06T01:48:58,hd-01,2.0413
2026-01-06T01:51:27,cache-02,0.7846
2026-01-06T01:51:32,hd-02,4.7250
2026-01-06T01:52:02,web-02,10.8274
2026-01-06T01:53:46,hd-02,1.2386
2026-01-06T01:54:12,db-03,1.5504
2026-01-06T01:54:43,net-03,7.9758
2026-01-06T01:55:29,hd-02,15.0493
2026-01-06T01:57:24,net-03,4.1096
2026-01-06T01:58:14,lb-01,0.3363
2026-01-06T01:59:04,lb-01,2.9748
2026-01-06T02:00:09,cache-02,4.4063
2026-01-06T02:01:28,cache-03,0.4192
2026-01-06T02:01:37,cache-02,0.7824
2026-01-06T02:01:52,db-02,1.2862
2026-01-06T02:01:53,db-03,0.9619
2026-01-06T02:02:12,net-04,24.5069
2026-01-06T02:02:13,hd-02,13.6393
2026-01-06T02:02:25,net-02,0.5564
2026-01-06T02:03:13,hd-01,1.1038
2026-01-06T02:03:29,cache-01,1.3576
2026-01-06T02:04:19,db-01,2.9098
2026-01-06T02:04:22,lb-01,1.4048
2026-01-06T02:04:29,cache-03,15.0255
2026-01-06T02:04:46,lb-01,6.2791
2026-01-06T02:06:31,net-04,1.9227
2026-01-06T02:06:33,hd-02,100.0000
2026-01-06T02:06:35,hd-02,11.0310
2026-01-06T02:06:55,hd-02,1.8102
2026-01-06T02:07:12,lb-01,0.2904
2026-01-06T02:07:20,net-03,6.9128
2026-01-06T02:07:34,hd-01,1.2737
2026-01-06T02:08:17,web-03,0.1663
2026-01-06T02:08:45,net-01,0.0067
2026-01-06T02:09:01,web-04,5.1301
2026-01-06T02:09:51,hd-02,3.2793
2026-01-06T02:09:55,net-04,0.1057
2026-01-06T02:10:01,net-02,4.7664
2026-01-06T02:10:27,lb-02,2.9263
2026-01-06T02:10:38,hd-02,1.0853
2026-01-06T02:11:15,web-04,0.6651
2026-01-06T02:12:35,web-03,1.1113
2026-01-06T02:12:48,lb-01,1.5981
2026-01-06T02:12:58,cache-02,0.6145
2026-01-06T02:13:27,web-02,5.7947
2026-01-06T02:14:26,net-03,4.0089
2026-01-06T02:14:42,lb-02,6.7154
2026-01-06T02:15:02,net-02,0.2199
2026-01-06T02:15:04,lb-01,2.4403
2026-01-06T02:15:13,db-01,9.3262
2026-01-06T02:15:24,hd-01,0.9254
2026-01-06T02:15:32,lb-01,2.6864
2026-01-06T02:18:25,lb-02,0.9893
2026-01-06T02:19:30,hd-02,2.3527
2026-01-06T02:20:17,lb-01,0.7695
2026-01-06T02:21:50,hd-02,0.1849
2026-01-06T02:22:07,lb-02,0.3974
2026-01-06T02:23:20,db-03,2.8962
2026-01-06T02:24:33,lb-01,6.1588
2026-01-06T02:25:25,db-01,3.7586
2026-01-06T02:26:32,web-04,4.1888
2026-01-06T02:27:08,db-02,5.8546
2026-01-06T02:27:10,cache-01,7.6723
2026-01-06T02:27:16,net-04,0.1173
2026-01-06T02:28:29,lb-02,0.4185
2026-01-06T02:28:55,net-02,3.5246
2026-01-06T02:29:27,db-03,10.3301
2026-01-06T02:29:59,lb-01,0.5763
2026-01-06T02:30:06,lb-02,13.8083
2026-01-06T02:30:56,web-04,0.4085
2026-01-06T02:31:01,web-03,2.1979
2026-01-06T02:31:30,cache-03,4.3944
2026-01-06T02:32:07,hd-01,0.0610
2026-01-06T02:32:49,web-01,17.7686
2026-01-06T02:33:05,web-04,0.7120
2026-01-06T02:33:46,db-01,0.1397
2026-01-06T02:33:58,hd-01,0.6716
2026-01-06T02:34:25,hd-01,0.7270
2026-01-06T02:35:33,lb-02,6.3196
2026-01-06T02:35:51,db-02,2.9126
2026-01-06T02:35:53,net-02,1.9041
2026-01-06T02:36:46,web-05,0.9228
2026-01-06T02:37:17,hd-02,1.4721
2026-01-06T02:37:43,hd-02,2.5430
2026-01-06T02:37:45,hd-02,10.4496
2026-01-06T02:38:38,cache-02,0.2017
2026-01-06T02:38:43,lb-01,7.2918
2026-01-06T02:38:50,lb-02,1.3738
2026-01-06T02:39:30,db-03,3.3652
2026-01-06T02:40:10,db-01,0.3056
2026-01-06T02:40:24,net-01,1.0521
2026-01-06T02:40:25,web-04,0.7958
2026-01-06T02:41:13,web-01,0.2938
2026-01-06T02:41:15,hd-02,9.1822
2026-01-06T02:42:42,hd-01,1.2916
2026-01-06T02:42:50,web-03,8.7013
2026-01-06T02:42:51,hd-01,0.4682
2026-01-06T02:43:53,hd-02,1.7740
2026-01-06T02:44:10,db-03,8.1455
2026-01-06T02:44:11,hd-01,1.8911
2026-01-06T02:45:36,net-03,1.7742
2026-01-06T02:47:10,cache-01,3.8802
2026-01-06T02:47:19,web-01,0.4169
2026-01-06T02:47:23,db-02,4.1644
2026-01-06T02:47:37,net-04,0.4931
2026-01-06T02:47:59,hd-01,0.6347
2026-01-06T02:48:47,hd-01,4.7805
2026-01-06T02:49:17,db-02,0.0212
2026-01-06T02:49:30,db-02,0.2395
2026-01-06T02:49:34,web-03,0.1465
2026-01-06T02:49:39,cache-01,0.1858
2026-01-06T02:50:02,lb-01,0.0019
2026-01-06T02:50:19,cache-03,5.6411
2026-01-06T02:50:28,lb-02,5.6892
2026-01-06T02:50:33,lb-01,0.2413
2026-01-06T02:50:46,lb-02,12.2739
2026-01-06T02:51:29,lb-01,0.2060
2026-01-06T02:51:31,lb-02,0.3343
2026-01-06T02:51:45,web-03,0.7803
2026-01-06T02:52:41,db-01,0.0415
2026-01-06T02:53:24,hd-02,0.3183
2026-01-06T02:53:26,web-05,9.1145
2026-01-06T02:53:37,web-01,1.3322
2026-01-06T02:54:07,web-03,0.0051
2026-01-06T02:54:11,net-03,1.3531
2026-01-06T02:54:22,net-02,0.6371
2026-01-06T02:54:29,lb-01,2.6253
2026-01-06T02:55:09,cache-03,4.4507
2026-01-06T02:55:51,cache-02,0.6646
2026-01-06T02:56:21,db-02,1.4019
2026-01-06T02:56:43,web-04,2.1938
2026-01-06T02:56:51,web-02,0.3782
2026-01-06T02:57:16,lb-02,0.6576
2026-01-06T02:57:18,hd-01,8.6036
2026-01-06T02:57:20,hd-02,6.5037
2026-01-06T02:57:29,db-02,0.6897
2026-01-06T02:57:53,cache-03,6.5630
2026-01-06T02:58:08,net-03,2.3406
2026-01-06T02:58:27,lb-02,1.8194
2026-01-06T02:58:56,net-02,1.3533
2026-01-06T03:00:41,lb-02,3.5383
2026-01-06T03:00:42,cache-03,1.9307
2026-01-06T03:01:30,lb-02,2.1828
2026-01-06T03:02:28,web-01,1.0838
2026-01-06T03:02:55,cache-01,0.4767
2026-01-06T03:03:41,hd-02,0.5601
2026-01-06T03:03:59,net-02,11.6827
2026-01-06T03:04:20,hd-02,3.4867
2026-01-06T03:05:33,cache-01,0.1461
2026-01-06T03:05:35,cache-01,9.9871
2026-01-06T03:06:46,db-02,4.3266
2026-01-06T03:06:58,lb-02,9.9248
2026-01-06T03:08:11,hd-01,4.4935
2026-01-06T03:08:12,hd-01,1.5053
2026-01-06T03:08:41,cache-01,14.4767
2026-01-06T03:08:49,lb-02,0.1003
2026-01-06T03:08:51,db-01,2.2481
2026-01-06T03:08:59,db-03,7.5635
2026-01-06T03:10:22,lb-01,0.3366
2026-01-06T03:10:46,net-03,0.2197
2026-01-06T03:11:02,db-02,5.5796
2026-01-06T03:11:09,cache-02,2.8673
2026-01-06T03:11:51,db-01,1.3217
2026-01-06T03:13:01,net-03,100.0000
2026-01-06T03:13:58,web-01,0.7942
2026-01-06T03:14:30,lb-01,0.2424
2026-01-06T03:15:06,db-01,0.1875
2026-01-06T03:15:29,hd-01,5.1525
2026-01-06T03:16:47,cache-02,0.5329
2026-01-06T03:17:13,web-04,2.5413
2026-01-06T03:17:17,web-03,0.5329
2026-01-06T03:18:26,db-03,1.9659
2026-01-06T03:18:33,db-02,3.9507
2026-01-06T03:19:17,net-02,2.1190
2026-01-06T03:19:44,lb-02,1.0154
2026-01-06T03:19:47,hd-02,0.3505
2026-01-06T03:20:01,net-01,0.3598
2026-01-06T03:20:17,cache-01,0.2747
2026-01-06T03:20:30,net-02,24.6996
2026-01-06T03:22:05,net-02,1.2347
2026-01-06T03:22:37,hd-02,5.9705
2026-01-06T03:23:33,web-02,6.5091
2026-01-06T03:23:44,net-04,4.2509
2026-01-06T03:24:12,cache-02,5.2785
2026-01-06T03:24:40,db-02,5.7198
2026-01-06T03:25:13,db-01,2.2727
2026-01-06T03:26:08,web-03,1.0861
2026-01-06T03:26:21,hd-02,1.0627
2026-01-06T03:26:38,net-02,3.1261
2026-01-06T03:27:02,cache-01,2.2594
2026-01-06T03:27:14,db-02,1.3981
2026-01-06T03:27:20,db-01,4.1688
2026-01-06T03:27:36,cache-02,3.0681
2026-01-06T03:27:48,net-01,2.7859
2026-01-06T03:28:04,db-01,2.1833
2026-01-06T03:28:25,db-01,1.3964
2026-01-06T03:28:34,hd-02,0.0544
2026-01-06T03:29:13,db-03,3.1984
2026-01-06T03:29:40,cache-01,2.6820
2026-01-06T03:29:56,web-04,0.7018
2026-01-06T03:31:04,net-03,1.5931
2026-01-06T03:31:07,web-03,0.0677
2026-01-06T03:31:54,net-03,0.1267
2026-01-06T03:32:17,hd-02,2.0895
2026-01-06T03:32:54,hd-01,1.2712
2026-01-06T03:33:06,lb-02,11.8121
2026-01-06T03:33:16,lb-02,0.9743
2026-01-06T03:33:27,db-02,0.5901
2026-01-06T03:33:47,web-04,1.2786
2026-01-06T03:34:40,db-02,1.1319
2026-01-06T03:34:54,web-03,1.2130
2026-01-06T03:35:08,cache-01,2.9311
2026-01-06T03:35:17,cache-01,11.1275
2026-01-06T03:35:34,cache-01,7.9534
2026-01-06T03:35:35,web-04,1.8587
2026-01-06T03:35:50,hd-01,7.7045
2026-01-06T03:36:23,hd-02,1.1675
2026-01-06T03:36:29,hd-01,3.4945
2026-01-06T03:36:48,lb-01,0.0965
2026-01-06T03:36:54,lb-02,0.1961
2026-01-06T03:37:41,cache-01,4.9515
2026-01-06T03:37:55,cache-02,0.4011
2026-01-06T03:37:59,db-03,1.7377
2026-01-06T03:38:06,db-03,2.5351
2026-01-06T03:38:16,hd-01,8.7826
2026-01-06T03:38:50,web-02,0.7640
2026-01-06T03:39:03,lb-01,4.3348
2026-01-06T03:39:39,lb-02,15.3138
2026-01-06T03:39:48,hd-02,6.4734
2026-01-06T03:41:09,lb-01,3.7495
2026-01-06T03:41:16,db-02,7.0075
2026-01-06T03:41:22,db-01,5.9897
2026-01-06T03:41:29,cache-02,0.1195
2026-01-06T03:41:46,lb-02,0.1669
2026-01-06T03:41:51,lb-01,0.7529
2026-01-06T03:41:56,hd-01,0.9134
2026-01-06T03:42:03,lb-02,4.4476
2026-01-06T03:43:40,db-01,0.4725
2026-01-06T03:44:04,web-03,2.2018
2026-01-06T03:45:37,net-04,2.0517
2026-01-06T03:45:51,net-02,0.6223
2026-01-06T03:46:01,net-01,7.3814
2026-01-06T03:46:08,cache-02,1.6725
2026-01-06T03:46:15,web-04,3.9536
2026-01-06T03:46:19,web-04,1.4964
2026-01-06T03:46:27,web-01,3.9621
2026-01-06T03:47:38,net-04,0.0683
2026-01-06T03:48:38,hd-01,0.2447
2026-01-06T03:48:45,db-02,3.0979
2026-01-06T03:49:26,db-03,1.4890
2026-01-06T03:49:57,db-03,1.6206
2026-01-06T03:50:10,db-03,17.6017
2026-01-06T03:50:13,db-01,2.6901
2026-01-06T03:50:38,db-03,0.2102
2026-01-06T03:53:21,web-05,4.3343
2026-01-06T03:53:28,lb-01,1.4175
2026-01-06T03:53:30,hd-02,0.0819
2026-01-06T03:53:33,db-03,8.8012
2026-01-06T03:54:11,web-02,6.0212
2026-01-06T03:54:18,web-04,2.5584
2026-01-06T03:54:20,net-01,1.3675
2026-01-06T03:54:28,hd-02,2.1527
2026-01-06T03:54:52,net-04,32.8286
2026-01-06T03:56:32,cache-01,1.3360
2026-01-06T03:56:34,lb-02,1.1958
2026-01-06T03:56:45,lb-02,2.4129
2026-01-06T03:57:08,net-01,0.9922
2026-01-06T03:57:21,lb-01,2.2778
2026-01-06T03:57:24,db-02,6.0780
2026-01-06T03:57:38,lb-01,0.0668
2026-01-06T03:57:59,cache-02,4.1438
2026-01-06T03:58:02,lb-01,2.0131
2026-01-06T03:58:09,net-03,9.3537
2026-01-06T03:58:23,db-03,0.4140
2026-01-06T03:59:36,cache-02,1.0030
2026-01-06T04:00:14,net-02,0.2643
2026-01-06T04:01:38,net-02,4.5943
2026-01-06T04:03:10,hd-01,0.1880
2026-01-06T04:03:18,lb-02,8.9896
2026-01-06T04:03:36,lb-02,3.6664
2026-01-06T04:03:37,hd-02,3.7308
2026-01-06T04:03:39,db-03,0.0565
2026-01-06T04:03:41,net-01,0.7014
2026-01-06T04:03:48,web-02,3.8339
2026-01-06T04:04:16,net-01,9.5043
2026-01-06T04:05:47,lb-01,2.1227
2026-01-06T04:05:50,lb-02,5.8731
2026-01-06T04:06:25,net-01,5.8365
2026-01-06T04:06:39,hd-02,0.0569
2026-01-06T04:06:41,net-04,0.9435
2026-01-06T04:07:43,web-01,4.8349
2026-01-06T04:08:20,db-03,1.4279
2026-01-06T04:08:34,db-01,0.3561
2026-01-06T04:08:56,net-04,0.3573
2026-01-06T04:08:57,hd-02,1.7589
2026-01-06T04:09:00,cache-02,18.7237
2026-01-06T04:09:22,lb-02,6.9712
2026-01-06T04:09:43,hd-01,0.2615
2026-01-06T04:10:37,cache-01,0.3344
2026-01-06T04:12:03,hd-02,0.0825
2026-01-06T04:12:38,hd-02,0.9530
2026-01-06T04:12:40,lb-02,2.5902
2026-01-06T04:13:10,web-01,6.2789
2026-01-06T04:14:05,lb-02,2.7940
2026-01-06T04:14:31,hd-02,0.3900
2026-01-06T04:14:39,hd-02,2.7280
2026-01-06T04:14:55,db-01,21.4178
2026-01-06T04:14:55,db-02,0.4742
2026-01-06T04:15:13,hd-02,1.1694
2026-01-06T04:15:25,lb-01,3.0390
2026-01-06T04:15:37,cache-03,1.0901
2026-01-06T04:15:44,db-02,0.0302
2026-01-06T04:16:01,hd-01,0.0468
2026-01-06T04:16:53,web-02,3.0321
2026-01-06T04:17:36,cache-01,0.2246
2026-01-06T04:17:51,net-04,3.0365
2026-01-06T04:18:11,db-02,0.7071
2026-01-06T04:19:21,net-04,0.2164
2026-01-06T04:19:32,lb-01,0.8815
2026-01-06T04:19:35,cache-03,1.6189
2026-01-06T04:19:37,hd-01,4.9339
2026-01-06T04:20:00,net-03,0.6313
2026-01-06T04:20:10,hd-02,0.4316
2026-01-06T04:20:50,cache-02,0.5150
2026-01-06T04:21:27,web-02,0.0038
2026-01-06T04:21:50,lb-02,0.7613
2026-01-06T04:22:09,db-02,2.2770
2026-01-06T04:23:07,hd-01,3.0637
2026-01-06T04:23:22,hd-01,7.5024
2026-01-06T04:23:36,db-02,2.1174
2026-01-06T04:23:38,hd-01,0.6056
2026-01-06T04:24:00,net-03,0.3606
2026-01-06T04:24:24,lb-02,6.8034
2026-01-06T04:24:36,cache-01,0.5863
2026-01-06T04:24:41,web-04,6.9930
2026-01-06T04:25:11,cache-02,16.1709
2026-01-06T04:25:25,cache-03,0.4018
2026-01-06T04:25:54,hd-02,0.5313
2026-01-06T04:25:59,net-03,7.5521
2026-01-06T04:26:02,net-03,0.0455
2026-01-06T04:28:54,net-01,2.5407
2026-01-06T04:29:41,lb-01,5.6920
2026-01-06T04:29:42,cache-03,1.7960
2026-01-06T04:29:54,web-04,2.5771
2026-01-06T04:30:06,net-03,1.9428
2026-01-06T04:30:26,cache-03,0.4481
2026-01-06T04:30:27,db-03,1.5154
2026-01-06T04:31:26,hd-01,4.2607
2026-01-06T04:32:04,cache-01,0.7842
2026-01-06T04:32:05,hd-01,0.5707
2026-01-06T04:32:08,net-01,2.6854
2026-01-06T04:32:15,lb-01,19.1308
2026-01-06T04:32:20,db-02,1.7713
2026-01-06T04:32:31,cache-01,2.5417
2026-01-06T04:34:28,cache-02,0.6320
2026-01-06T04:34:47,web-03,1.9061
2026-01-06T04:35:05,net-04,1.8705
2026-01-06T04:35:06,hd-01,0.6189
2026-01-06T04:35:13,web-04,1.1376
2026-01-06T04:35:49,cache-03,0.7548
2026-01-06T04:36:00,hd-01,3.0201
2026-01-06T04:37:30,web-05,1.4618
2026-01-06T04:37:42,db-01,0.9020
2026-01-06T04:38:16,net-04,1.0081
2026-01-06T04:38:41,lb-02,2.1831
2026-01-06T04:39:44,hd-01,0.5951
2026-01-06T04:39:46,net-04,1.6181
2026-01-06T04:39:47,lb-02,0.0190
2026-01-06T04:40:01,web-05,6.8662
2026-01-06T04:40:09,net-03,1.4719
2026-01-06T04:40:30,hd-01,0.1351
2026-01-06T04:40:59,hd-02,4.4948
2026-01-06T04:41:10,net-04,0.7941
2026-01-06T04:42:16,db-02,2.3507
2026-01-06T04:42:18,lb-02,5.8319
2026-01-06T04:42:22,web-05,5.3419
2026-01-06T04:42:29,db-03,3.1236
2026-01-06T04:42:48,web-03,3.6911
2026-01-06T04:44:26,cache-01,0.0180
2026-01-06T04:45:12,net-02,7.2391
2026-01-06T04:45:15,cache-01,0.2027
2026-01-06T04:45:48,web-05,30.9353
2026-01-06T04:46:19,hd-02,0.1012
2026-01-06T04:46:30,db-01,2.4831
2026-01-06T04:46:55,lb-02,0.0019
2026-01-06T04:47:03,net-04,0.6102
2026-01-06T04:47:35,cache-03,16.8069
2026-01-06T04:47:46,db-01,3.3744
2026-01-06T04:47:48,net-04,0.9835
2026-01-06T04:47:51,net-02,17.9964
2026-01-06T04:50:46,hd-02,1.7434
2026-01-06T04:50:59,net-03,0.4461
2026-01-06T04:51:26,net-03,0.0188
2026-01-06T04:51:34,db-02,3.8920
2026-01-06T04:51:54,lb-02,5.0409
2026-01-06T04:51:54,hd-02,18.3639
2026-01-06T04:52:07,cache-02,1.5408
2026-01-06T04:52:08,net-01,6.8540
2026-01-06T04:52:13,hd-02,0.2189
2026-01-06T04:52:36,web-02,1.9226
2026-01-06T04:53:24,net-01,2.8032
2026-01-06T04:54:08,web-03,0.0974
2026-01-06T04:54:50,hd-01,2.3083
2026-01-06T04:55:33,db-03,4.8990
2026-01-06T04:55:43,hd-01,0.4631
2026-01-06T04:55:48,net-02,1.1377
2026-01-06T04:56:48,lb-01,6.3341
2026-01-06T04:57:03,db-02,2.7208
2026-01-06T04:57:27,lb-01,1.3204
2026-01-06T04:57:50,web-01,0.8663
2026-01-06T04:57:51,web-03,5.0902
2026-01-06T04:58:21,lb-02,0.4917
2026-01-06T04:58:23,net-03,9.0686
2026-01-06T05:00:01,db-02,2.5897
2026-01-06T05:00:13,db-02,9.7533
2026-01-06T05:00:48,hd-02,2.0713
2026-01-06T05:00:49,lb-02,7.6025
2026-01-06T05:00:51,hd-01,0.0291
2026-01-06T05:01:08,net-03,0.3409
2026-01-06T05:02:46,hd-02,0.9853
2026-01-06T05:02:58,web-02,4.0363
2026-01-06T05:03:30,net-01,1.0903
2026-01-06T05:03:36,net-02,0.0115
2026-01-06T05:04:29,hd-02,2.8634
2026-01-06T05:04:59,db-03,0.3103
2026-01-06T05:05:00,web-01,0.7104
2026-01-06T05:05:07,lb-02,4.7536
2026-01-06T05:05:11,db-01,2.1088
2026-01-06T05:06:16,db-03,0.7542
2026-01-06T05:08:33,hd-02,2.6621
2026-01-06T05:09:26,net-03,2.3359
2026-01-06T05:10:12,lb-01,0.0990
2026-01-06T05:10:14,cache-02,1.6309
2026-01-06T05:11:04,db-01,5.8171
2026-01-06T05:11:09,web-03,4.8648
2026-01-06T05:11:44,net-03,2.0214
2026-01-06T05:12:17,db-01,1.8126
2026-01-06T05:13:13,web-01,1.4765
2026-01-06T05:13:54,net-02,16.7035
2026-01-06T05:15:04,db-03,8.6975
2026-01-06T05:15:22,lb-01,0.3163
2026-01-06T05:18:34,net-04,1.6214
2026-01-06T05:18:41,cache-01,0.6332
2026-01-06T05:19:38,hd-02,8.3273
2026-01-06T05:20:10,lb-01,0.9252
2026-01-06T05:20:13,db-02,1.7252
2026-01-06T05:20:18,lb-01,11.2525
2026-01-06T05:20:25,lb-02,7.9241
2026-01-06T05:20:28,hd-02,3.1342
2026-01-06T05:21:13,hd-02,1.2875
2026-01-06T05:21:13,web-01,1.4721
2026-01-06T05:22:05,web-05,4.9085
2026-01-06T05:22:33,lb-02,10.0393
2026-01-06T05:22:41,cache-02,2.1784
2026-01-06T05:22:47,db-01,24.5225
2026-01-06T05:22:54,hd-02,5.5283
2026-01-06T05:22:59,lb-01,6.3517
2026-01-06T05:23:36,lb-02,1.6059
2026-01-06T05:24:06,hd-01,2.6248
2026-01-06T05:24:58,hd-02,0.3693
2026-01-06T05:25:03,cache-02,16.2215
2026-01-06T05:26:24,lb-01,6.8662
2026-01-06T05:27:13,net-01,1.2926
2026-01-06T05:27:34,web-01,9.9786
2026-01-06T05:29:03,hd-01,2.3012
2026-01-06T05:30:27,hd-01,4.3783
2026-01-06T05:30:27,net-01,0.7561
2026-01-06T05:31:08,lb-02,1.2474
2026-01-06T05:33:04,hd-01,0.2946
2026-01-06T05:33:35,db-03,1.1210
2026-01-06T05:33:49,cache-01,4.8921
2026-01-06T05:33:58,cache-01,1.0534
2026-01-06T05:34:39,hd-01,2.1347
2026-01-06T05:35:45,net-03,1.0904
2026-01-06T05:35:53,cache-03,3.6889
2026-01-06T05:36:01,db-02,14.2549
2026-01-06T05:36:14,db-02,0.4649
2026-01-06T05:36:19,net-01,5.1318
2026-01-06T05:36:22,lb-01,0.3082
2026-01-06T05:36:30,db-03,1.2600
2026-01-06T05:37:21,web-01,1.8041
2026-01-06T05:37:43,web-01,0.7245
2026-01-06T05:38:02,db-02,0.5461
2026-01-06T05:38:04,db-02,0.4917
2026-01-06T05:38:22,web-01,1.8058
2026-01-06T05:38:25,net-02,2.5356
2026-01-06T05:38:54,net-03,1.2317
2026-01-06T05:39:00,db-01,1.9256
2026-01-06T05:39:01,web-03,1.8790
2026-01-06T05:39:22,hd-01,0.6716
2026-01-06T05:39:27,lb-02,0.9411
2026-01-06T05:39:28,lb-02,5.3617
2026-01-06T05:40:28,lb-01,2.5702
2026-01-06T05:40:33,lb-01,1.5213
2026-01-06T05:40:41,hd-01,3.4393
2026-01-06T05:41:31,cache-01,1.1593
2026-01-06T05:41:49,hd-02,0.8684
2026-01-06T05:42:09,web-05,21.2711
2026-01-06T05:42:24,cache-02,2.5164
2026-01-06T05:43:03,cache-03,2.1589
2026-01-06T05:43:19,cache-01,1.8354
2026-01-06T05:43:56,net-02,0.1578
2026-01-06T05:44:02,web-03,6.0083
2026-01-06T05:44:13,net-02,4.3940
2026-01-06T05:44:18,hd-02,2.1977
2026-01-06T05:44:25,db-03,2.4257
2026-01-06T05:45:31,cache-03,0.3439
2026-01-06T05:46:15,hd-02,1.0908
2026-01-06T05:46:34,db-01,2.5427
2026-01-06T05:47:33,net-03,0.4933
2026-01-06T05:47:46,net-04,9.5310
2026-01-06T05:48:11,lb-01,0.1597
2026-01-06T05:48:44,web-04,1.0595
2026-01-06T05:48:52,net-01,0.0294
2026-01-06T05:49:22,cache-01,0.4091
2026-01-06T05:49:32,net-03,22.1296
2026-01-06T05:49:50,lb-02,1.3699
2026-01-06T05:49:54,hd-01,1.2673
2026-01-06T05:49:54,lb-02,1.5223
2026-01-06T05:50:45,cache-01,5.6357
2026-01-06T05:50:54,cache-01,0.1661
2026-01-06T05:50:57,net-04,0.0924
2026-01-06T05:51:31,hd-02,3.9620
2026-01-06T05:51:48,cache-03,0.3914
2026-01-06T05:51:55,web-02,0.0374
2026-01-06T05:52:05,web-04,1.4357
2026-01-06T05:52:19,hd-01,0.5176
2026-01-06T05:52:29,web-03,5.0831
2026-01-06T05:53:52,web-05,0.5699
2026-01-06T05:54:37,cache-01,3.0179
2026-01-06T05:55:03,net-02,0.7380
2026-01-06T05:55:32,web-03,1.7045
2026-01-06T05:56:56,cache-02,6.2945
2026-01-06T05:57:01,lb-01,0.9999
2026-01-06T05:57:10,lb-02,1.0456
2026-01-06T05:58:04,db-02,7.7953
2026-01-06T05:58:08,web-04,2.1015
2026-01-06T05:59:18,hd-02,16.2037
2026-01-06T06:00:07,cache-03,0.6659
2026-01-06T06:00:07,hd-01,2.3035
2026-01-06T06:00:51,cache-03,1.2893
2026-01-06T06:00:58,db-03,0.3737
2026-01-06T06:01:38,cache-01,3.6489
2026-01-06T06:01:48,hd-01,0.8557
2026-01-06T06:02:00,hd-02,3.2480
2026-01-06T06:03:05,db-03,0.2968
2026-01-06T06:03:37,web-01,0.5330
2026-01-06T06:03:55,cache-02,0.6267
2026-01-06T06:04:21,net-04,1.8087
2026-01-06T06:05:08,hd-01,1.0468
2026-01-06T06:06:20,web-05,1.4657
2026-01-06T06:06:41,hd-02,5.7807
2026-01-06T06:06:50,hd-02,0.9811
2026-01-06T06:07:12,net-03,3.8590
2026-01-06T06:07:37,web-03,0.4584
2026-01-06T06:08:20,db-03,0.3570
2026-01-06T06:08:56,cache-02,4.7202
2026-01-06T06:08:59,net-01,2.4148
2026-01-06T06:09:10,cache-03,0.4624
2026-01-06T06:11:08,db-02,9.4745
2026-01-06T06:11:19,lb-02,13.4918
2026-01-06T06:11:33,net-03,40.8247
2026-01-06T06:11:38,db-03,0.4819
2026-01-06T06:11:44,web-03,2.0537
2026-01-06T06:12:15,web-02,1.7060
2026-01-06T06:12:19,lb-02,0.3583
2026-01-06T06:12:35,hd-02,1.3290
2026-01-06T06:13:06,cache-01,0.2322
2026-01-06T06:13:09,db-01,0.2026
2026-01-06T06:13:38,web-01,4.4333
2026-01-06T06:13:58,web-04,0.8730
2026-01-06T06:14:14,net-02,7.5478
2026-01-06T06:14:17,net-02,7.7332
2026-01-06T06:14:32,web-03,1.0165
2026-01-06T06:14:35,cache-02,0.9661
2026-01-06T06:15:21,cache-01,5.6453
2026-01-06T06:16:34,web-05,1.4197
2026-01-06T06:17:02,web-05,1.3021
2026-01-06T06:17:12,web-01,1.4039
2026-01-06T06:17:28,lb-01,32.9298
2026-01-06T06:18:17,cache-03,23.6542
2026-01-06T06:18:24,cache-02,1.9974
2026-01-06T06:19:24,cache-02,3.4315
2026-01-06T06:19:29,hd-02,1.4529
2026-01-06T06:19:46,net-03,1.5091
2026-01-06T06:20:07,lb-02,1.3820
2026-01-06T06:20:09,cache-03,1.9557
2026-01-06T06:21:43,web-03,0.4263
2026-01-06T06:22:01,db-01,2.3015
2026-01-06T06:22:08,web-02,8.7083
2026-01-06T06:23:05,cache-03,3.2222
2026-01-06T06:23:07,db-01,0.4575
2026-01-06T06:23:16,lb-01,3.1577
2026-01-06T06:23:17,db-03,4.4720
2026-01-06T06:23:48,net-02,3.0457
2026-01-06T06:24:38,web-01,0.9599
2026-01-06T06:24:55,db-02,34.4881
2026-01-06T06:25:21,hd-01,7.5532
2026-01-06T06:25:32,lb-01,3.8715
2026-01-06T06:25:40,hd-01,0.0593
2026-01-06T06:25:46,web-01,6.5585
2026-01-06T06:25:53,net-04,0.1381
2026-01-06T06:26:00,lb-02,44.1635
2026-01-06T06:27:47,db-03,7.5999
2026-01-06T06:27:50,db-03,12.7000
2026-01-06T06:28:18,web-04,0.3523
2026-01-06T06:28:42,web-01,2.7870
2026-01-06T06:28:50,web-03,1.4802
2026-01-06T06:29:12,net-04,0.1329
2026-01-06T06:29:35,hd-02,7.3258
2026-01-06T06:29:45,db-03,8.6166
2026-01-06T06:30:28,lb-02,1.5092
2026-01-06T06:30:37,cache-01,3.4256
2026-01-06T06:30:53,cache-02,0.8969
2026-01-06T06:31:20,cache-01,3.5581
2026-01-06T06:31:21,net-02,0.4316
2026-01-06T06:32:40,web-01,4.1612
2026-01-06T06:33:30,net-03,0.4974
2026-01-06T06:34:21,hd-01,2.1722
2026-01-06T06:34:42,db-03,0.7971
2026-01-06T06:35:59,hd-01,0.0856
2026-01-06T06:36:41,lb-01,1.1395
2026-01-06T06:36:57,net-04,0.1301
2026-01-06T06:36:59,cache-03,8.7873
2026-01-06T06:39:12,cache-01,0.4065
2026-01-06T06:40:33,db-02,0.1783
2026-01-06T06:41:21,lb-01,0.0656
2026-01-06T06:41:40,lb-01,0.3052
2026-01-06T06:42:15,hd-02,2.5607
2026-01-06T06:42:47,cache-01,6.2046
2026-01-06T06:43:24,lb-02,0.0417
2026-01-06T06:43:27,hd-02,4.6888
2026-01-06T06:43:31,db-02,3.2020
2026-01-06T06:44:01,net-01,11.4177
2026-01-06T06:44:43,web-04,11.5004
2026-01-06T06:44:48,net-01,0.9169
2026-01-06T06:45:38,net-02,5.1580
2026-01-06T06:45:55,net-04,1.3660
2026-01-06T06:46:20,net-02,7.3932
2026-01-06T06:46:45,lb-02,8.2230
2026-01-06T06:47:31,db-02,0.5426
2026-01-06T06:48:10,web-01,2.2784
2026-01-06T06:48:15,web-01,0.7338
2026-01-06T06:48:44,hd-01,0.1738
2026-01-06T06:49:04,net-01,2.1910
2026-01-06T06:49:47,web-02,0.2175
2026-01-06T06:50:54,web-04,1.7887
2026-01-06T06:51:05,lb-02,0.8364
2026-01-06T06:51:08,cache-02,0.1561
2026-01-06T06:51:41,web-01,2.7594
2026-01-06T06:51:50,db-02,0.0151
2026-01-06T06:51:57,db-03,0.3859
2026-01-06T06:52:22,cache-03,1.3801
2026-01-06T06:52:47,hd-01,6.8735
2026-01-06T06:53:12,web-02,0.2673
2026-01-06T06:54:36,cache-03,1.2760
2026-01-06T06:54:46,web-02,2.0290
2026-01-06T06:55:41,lb-01,4.4126
2026-01-06T06:56:15,web-03,1.4367
2026-01-06T06:56:23,hd-01,0.5875
2026-01-06T06:56:49,lb-01,0.6042
2026-01-06T06:57:53,db-03,12.9158
2026-01-06T06:58:02,lb-01,0.9947
2026-01-06T06:58:16,db-02,3.6458
2026-01-06T06:58:24,web-05,0.9201
2026-01-06T06:59:22,net-03,2.6833
2026-01-06T06:59:38,net-04,5.0421
2026-01-06T07:00:23,hd-01,0.2721
2026-01-06T07:00:53,net-01,3.4019
2026-01-06T07:00:59,db-03,8.7553
2026-01-06T07:01:01,net-02,1.3351
2026-01-06T07:01:02,net-01,1.6367
2026-01-06T07:01:25,hd-02,0.5959
2026-01-06T07:01:57,web-01,4.1944
2026-01-06T07:02:12,cache-03,1.6307
2026-01-06T07:03:17,net-04,0.9475
2026-01-06T07:03:24,cache-01,0.2400
2026-01-06T07:03:30,db-03,5.0469
2026-01-06T07:03:31,db-01,0.2931
2026-01-06T07:04:06,lb-01,1.0255
2026-01-06T07:04:10,lb-01,3.6902
2026-01-06T07:04:17,web-03,1.7406
2026-01-06T07:04:38,net-02,2.8472
2026-01-06T07:04:46,hd-02,3.1172
2026-01-06T07:04:49,hd-02,3.1557
2026-01-06T07:05:32,db-02,0.9895
2026-01-06T07:05:36,db-03,0.1890
2026-01-06T07:06:57,cache-01,0.8609
2026-01-06T07:07:12,db-01,2.8971
2026-01-06T07:07:13,db-03,0.6034
2026-01-06T07:07:21,hd-02,0.6776
2026-01-06T07:07:43,hd-02,1.8188
2026-01-06T07:08:08,hd-02,1.0531
2026-01-06T07:08:10,cache-02,0.7096
2026-01-06T07:09:07,db-01,0.7972
2026-01-06T07:09:14,web-01,5.1266
2026-01-06T07:09:50,hd-02,1.6969
2026-01-06T07:10:36,cache-02,2.4977
2026-01-06T07:10:36,web-01,3.9746
2026-01-06T07:10:59,db-03,0.9695
2026-01-06T07:11:19,cache-02,5.4582
2026-01-06T07:11:44,hd-02,19.2384
2026-01-06T07:11:50,net-01,1.5450
2026-01-06T07:12:36,net-01,0.7331
2026-01-06T07:12:40,lb-01,1.3902
2026-01-06T07:12:49,lb-01,0.2404
2026-01-06T07:13:22,web-04,1.7578
2026-01-06T07:13:24,lb-02,0.0782
2026-01-06T07:13:39,cache-03,0.4479
2026-01-06T07:14:02,hd-01,0.3981
2026-01-06T07:14:37,net-04,2.9907
2026-01-06T07:14:44,db-02,0.3639
2026-01-06T07:15:13,cache-02,1.9122
2026-01-06T07:15:49,hd-02,3.0072
2026-01-06T07:16:04,db-02,1.1715
2026-01-06T07:16:17,cache-03,0.0243
2026-01-06T07:16:25,db-03,5.5409
2026-01-06T07:17:27,cache-03,1.5988
2026-01-06T07:17:36,db-01,10.8997
2026-01-06T07:17:57,hd-01,3.1510
2026-01-06T07:19:17,hd-01,0.8395
2026-01-06T07:19:57,cache-02,1.4887
2026-01-06T07:20:44,net-04,0.9806
2026-01-06T07:21:00,db-02,2.2832
2026-01-06T07:21:45,hd-02,0.1290
2026-01-06T07:21:50,net-02,8.8892
2026-01-06T07:22:10,cache-03,1.4840
2026-01-06T07:22:17,web-05,1.1922
2026-01-06T07:22:37,lb-02,0.9746
2026-01-06T07:23:12,cache-02,14.9545
2026-01-06T07:23:39,web-02,7.5426
2026-01-06T07:24:01,db-02,3.1005
2026-01-06T07:24:31,net-03,0.8178
2026-01-06T07:24:47,cache-02,1.0006
2026-01-06T07:25:09,db-01,0.6112
2026-01-06T07:25:43,cache-02,6.2026
2026-01-06T07:26:02,lb-02,0.2356
2026-01-06T07:26:26,hd-02,0.2856
2026-01-06T07:26:31,web-03,0.7776
2026-01-06T07:26:38,db-02,3.9320
2026-01-06T07:26:55,db-02,3.7998
2026-01-06T07:27:22,lb-02,4.6229
2026-01-06T07:29:29,web-02,0.9454
2026-01-06T07:30:07,db-02,9.1869
2026-01-06T07:30:30,web-01,1.1199
2026-01-06T07:30:49,web-05,4.9228
2026-01-06T07:30:56,cache-03,0.9308
2026-01-06T07:31:29,db-03,8.0762
2026-01-06T07:32:03,web-01,7.2051
2026-01-06T07:32:09,net-04,0.4271
2026-01-06T07:33:00,net-01,0.2997
2026-01-06T07:33:38,hd-01,4.0120
2026-01-06T07:34:20,web-02,0.3144
2026-01-06T07:34:34,hd-02,0.7556
2026-01-06T07:34:44,web-02,2.4752
2026-01-06T07:34:59,hd-01,1.8143
2026-01-06T07:37:22,db-03,0.0470
2026-01-06T07:38:03,lb-01,2.3001
2026-01-06T07:38:17,net-01,2.6721
2026-01-06T07:39:14,web-01,1.3843
2026-01-06T07:40:07,lb-01,0.2796
2026-01-06T07:40:24,cache-03,3.8291
2026-01-06T07:40:49,web-01,17.5850
2026-01-06T07:42:01,lb-01,0.7543
2026-01-06T07:42:15,cache-01,0.0158
2026-01-06T07:42:35,hd-02,0.1036
2026-01-06T07:43:18,cache-03,12.5894
2026-01-06T07:43:47,net-02,1.5283
2026-01-06T07:43:51,hd-01,7.9889
2026-01-06T07:44:49,web-03,9.7854
2026-01-06T07:44:59,hd-02,2.7702
2026-01-06T07:45:17,net-01,0.3618
2026-01-06T07:45:46,lb-01,15.7120
2026-01-06T07:45:57,cache-02,3.2924
2026-01-06T07:46:08,web-02,10.0994
2026-01-06T07:47:53,net-04,0.9994
2026-01-06T07:47:57,hd-01,0.4025
2026-01-06T07:48:34,cache-01,11.8366
2026-01-06T07:49:30,net-02,5.8971
2026-01-06T07:49:49,db-02,0.0715
2026-01-06T07:51:31,net-03,4.8503
2026-01-06T07:51:34,cache-02,6.8265
2026-01-06T07:51:34,lb-02,0.3615
2026-01-06T07:52:09,net-02,0.8204
2026-01-06T07:52:41,web-05,2.4283
2026-01-06T07:53:03,db-03,1.1848
2026-01-06T07:53:31,lb-01,10.0901
2026-01-06T07:54:40,net-03,0.6936
2026-01-06T07:56:03,db-01,6.6240
2026-01-06T07:56:24,net-03,1.7184
2026-01-06T07:57:11,web-04,2.3051
2026-01-06T07:57:26,cache-03,2.6206
2026-01-06T07:58:01,web-04,15.8461
2026-01-06T07:58:04,db-01,1.2094
2026-01-06T07:58:24,lb-01,6.1280
2026-01-06T07:58:59,db-01,0.0040
2026-01-06T08:01:15,db-01,2.9570
2026-01-06T08:01:18,hd-02,0.3894
2026-01-06T08:01:45,web-03,0.8867
2026-01-06T08:01:54,hd-01,17.6497
2026-01-06T08:02:53,lb-02,0.0369
2026-01-06T08:03:23,db-01,0.6716
2026-01-06T08:03:36,web-01,3.3641
2026-01-06T08:03:43,hd-01,7.5195
2026-01-06T08:04:03,net-04,17.4594
2026-01-06T08:04:42,cache-01,6.8744
2026-01-06T08:04:47,net-03,5.4841
2026-01-06T08:05:03,net-02,0.8725
2026-01-06T08:05:27,lb-01,3.2823
2026-01-06T08:05:46,web-05,0.4651
2026-01-06T08:05:50,web-04,1.1847
2026-01-06T08:05:57,web-01,3.6271
2026-01-06T08:06:12,net-04,0.0939
2026-01-06T08:06:52,db-02,3.6118
2026-01-06T08:07:06,web-01,6.9076
2026-01-06T08:08:18,cache-01,9.1030
2026-01-06T08:08:50,lb-01,0.7254
2026-01-06T08:08:53,lb-01,0.3913
2026-01-06T08:08:58,net-01,2.0124
2026-01-06T08:09:11,lb-01,5.2384
2026-01-06T08:09:11,web-04,5.4001
2026-01-06T08:09:33,web-04,2.9400
2026-01-06T08:09:51,cache-02,2.3696
2026-01-06T08:10:52,db-02,7.5595
2026-01-06T08:11:03,hd-02,2.0739
2026-01-06T08:11:04,lb-01,1.1210
2026-01-06T08:12:39,net-03,0.4079
2026-01-06T08:12:55,lb-02,1.9793
2026-01-06T08:13:01,cache-01,1.3482
2026-01-06T08:13:24,db-02,2.4901
2026-01-06T08:14:34,db-03,2.2270
2026-01-06T08:14:49,cache-01,2.5978
2026-01-06T08:15:46,lb-01,1.1120
2026-01-06T08:16:39,cache-02,1.5279
2026-01-06T08:17:54,web-05,2.8744
2026-01-06T08:18:11,hd-02,38.4748
2026-01-06T08:18:11,net-01,1.3959
2026-01-06T08:18:20,cache-03,2.6106
2026-01-06T08:19:00,db-02,0.3697
2026-01-06T08:19:29,net-01,5.0986
2026-01-06T08:19:30,cache-02,3.4345
2026-01-06T08:19:54,web-03,0.1272
2026-01-06T08:19:57,db-02,2.1187
2026-01-06T08:20:04,web-01,2.4386
2026-01-06T08:20:23,db-02,2.7931
2026-01-06T08:20:42,lb-02,0.3583
2026-01-06T08:20:43,hd-01,1.0625
2026-01-06T08:21:08,web-02,0.5710
2026-01-06T08:21:35,cache-02,5.4567
2026-01-06T08:22:28,lb-02,1.1280
2026-01-06T08:23:45,web-01,0.3068
2026-01-06T08:23:46,db-03,4.6657
2026-01-06T08:24:18,lb-01,8.1973
2026-01-06T08:24:57,db-02,0.9412
2026-01-06T08:25:13,net-03,0.1026
2026-01-06T08:25:29,hd-01,2.0290
2026-01-06T08:26:53,web-03,9.0592
2026-01-06T08:26:58,db-01,7.1916
2026-01-06T08:27:05,db-03,0.4198
2026-01-06T08:27:35,hd-02,0.6249
2026-01-06T08:27:36,web-04,3.4452
2026-01-06T08:28:34,lb-02,9.2426
2026-01-06T08:28:59,cache-03,19.8119
2026-01-06T08:29:16,web-02,0.5120
2026-01-06T08:29:22,db-02,2.2310
2026-01-06T08:29:47,web-03,2.0937
2026-01-06T08:29:55,db-02,0.7785
2026-01-06T08:31:35,net-01,0.4974
2026-01-06T08:31:43,db-01,1.0699
2026-01-06T08:32:00,db-01,0.9008
2026-01-06T08:34:04,db-03,0.6185
2026-01-06T08:34:19,web-03,5.3349
2026-01-06T08:34:52,web-01,7.1822
2026-01-06T08:36:04,lb-01,1.0675
2026-01-06T08:36:19,net-03,10.7341
2026-01-06T08:36:22,db-01,0.0616
2026-01-06T08:36:29,cache-01,1.8649
2026-01-06T08:36:33,cache-02,0.8452
2026-01-06T08:37:20,hd-02,4.8771
2026-01-06T08:37:36,lb-02,2.7984
2026-01-06T08:37:39,cache-02,3.2079
2026-01-06T08:40:18,lb-02,0.7339
2026-01-06T08:40:57,db-01,1.0906
2026-01-06T08:41:05,lb-02,0.0596
2026-01-06T08:41:07,db-01,1.4468
2026-01-06T08:42:11,db-03,0.7036
2026-01-06T08:42:49,db-01,1.1689
2026-01-06T08:43:25,lb-01,6.9547
2026-01-06T08:44:45,db-02,5.4825
2026-01-06T08:45:59,net-04,0.0420
2026-01-06T08:46:48,lb-01,1.0313
2026-01-06T08:47:01,hd-02,0.9821
2026-01-06T08:47:47,net-04,5.4135
2026-01-06T08:47:58,lb-02,0.0694
2026-01-06T08:48:05,cache-01,0.2349
2026-01-06T08:48:44,hd-02,6.4385
2026-01-06T08:48:55,lb-01,2.9493
2026-01-06T08:49:21,hd-01,1.2565
2026-01-06T08:49:56,lb-01,3.1221
2026-01-06T08:50:33,web-02,0.2802
2026-01-06T08:51:01,cache-03,4.2676
2026-01-06T08:51:10,lb-02,0.4692
2026-01-06T08:51:16,cache-01,3.8888
2026-01-06T08:51:17,db-01,5.6354
2026-01-06T08:51:30,lb-01,1.2058
2026-01-06T08:52:21,db-03,4.8846
2026-01-06T08:52:55,web-04,0.1200
2026-01-06T08:53:09,hd-02,1.4036
2026-01-06T08:53:31,net-04,0.5104
2026-01-06T08:54:04,lb-02,8.0683
2026-01-06T08:54:07,db-03,3.1263
2026-01-06T08:55:56,web-02,0.0881
2026-01-06T08:56:15,hd-01,2.9947
2026-01-06T08:56:55,cache-03,0.9796
2026-01-06T08:56:56,db-02,0.5496
2026-01-06T08:57:33,web-02,3.1126
2026-01-06T08:58:12,web-03,2.6825
2026-01-06T08:58:22,db-01,1.2005
2026-01-06T08:59:59,lb-02,5.7592
2026-01-06T08:59:59,lb-01,4.4832
2026-01-06T09:00:02,lb-02,2.0491
2026-01-06T09:00:06,net-02,11.4844
2026-01-06T09:00:08,db-02,0.5094
2026-01-06T09:00:41,cache-02,5.1553
2026-01-06T09:00:49,cache-02,0.3263
2026-01-06T09:01:23,web-01,6.2932
2026-01-06T09:01:27,cache-03,5.8829
2026-01-06T09:02:49,web-01,3.7042
2026-01-06T09:03:44,web-01,2.0879
2026-01-06T09:05:50,web-01,2.9379
2026-01-06T09:06:35,net-02,3.5237
2026-01-06T09:06:45,hd-01,1.2993
2026-01-06T09:06:47,db-01,5.6458
2026-01-06T09:06:56,cache-03,1.7682
2026-01-06T09:07:04,net-03,2.8290
2026-01-06T09:07:07,net-03,0.2648
2026-01-06T09:07:47,hd-02,0.9556
2026-01-06T09:10:08,db-01,0.7498
2026-01-06T09:10:29,hd-02,6.1153
2026-01-06T09:10:30,db-02,8.6387
2026-01-06T09:10:41,db-01,0.7779
2026-01-06T09:10:44,web-05,1.2270
2026-01-06T09:11:01,lb-01,4.2717
2026-01-06T09:11:07,cache-01,2.4288
2026-01-06T09:11:16,cache-02,5.3009
2026-01-06T09:11:19,lb-01,1.5511
2026-01-06T09:11:31,lb-01,11.2788
2026-01-06T09:11:56,web-05,1.8771
2026-01-06T09:12:24,net-03,3.8677
2026-01-06T09:13:25,db-03,9.0625
2026-01-06T09:13:39,lb-02,1.0134
2026-01-06T09:13:52,lb-02,0.6337
2026-01-06T09:14:05,cache-03,1.8186
2026-01-06T09:14:19,web-03,0.6212
2026-01-06T09:15:03,web-02,0.1255
2026-01-06T09:15:14,lb-01,3.0566
2026-01-06T09:15:28,lb-01,5.6660
2026-01-06T09:15:31,hd-01,0.9738
2026-01-06T09:16:04,hd-01,3.3190
2026-01-06T09:16:04,db-01,14.5134
2026-01-06T09:16:13,cache-03,0.8929
2026-01-06T09:16:17,web-02,16.2555
2026-01-06T09:16:43,hd-02,0.1056
2026-01-06T09:16:51,db-03,0.2756
2026-01-06T09:16:51,lb-02,2.6308
2026-01-06T09:17:16,cache-02,0.2425
2026-01-06T09:18:24,web-04,1.7091
2026-01-06T09:19:07,net-01,0.1988
2026-01-06T09:19:23,db-02,5.8770
2026-01-06T09:21:26,db-01,0.1731
2026-01-06T09:21:50,db-03,0.0168
2026-01-06T09:22:18,cache-02,6.6019
2026-01-06T09:22:41,hd-01,2.3234
2026-01-06T09:22:48,net-02,4.8366
2026-01-06T09:25:28,web-01,0.1760
2026-01-06T09:25:45,db-01,1.5656
2026-01-06T09:26:12,web-03,2.1892
2026-01-06T09:26:54,hd-02,14.1534
2026-01-06T09:27:03,db-02,1.5643
2026-01-06T09:27:06,db-02,20.7958
2026-01-06T09:27:07,cache-02,2.3368
2026-01-06T09:27:49,net-03,3.0505
2026-01-06T09:28:00,db-02,4.2789
2026-01-06T09:28:15,web-01,1.5957
2026-01-06T09:28:19,cache-03,2.9119
2026-01-06T09:29:26,cache-03,2.3378
2026-01-06T09:29:57,hd-01,5.4780
2026-01-06T09:30:01,net-02,25.9283
2026-01-06T09:30:03,net-02,1.0796
2026-01-06T09:31:43,web-01,24.9451
2026-01-06T09:31:49,net-02,0.2848
2026-01-06T09:32:13,hd-02,5.8874
2026-01-06T09:32:19,web-03,0.0039
2026-01-06T09:32:22,db-01,3.3427
2026-01-06T09:32:45,hd-01,13.5864
2026-01-06T09:33:38,cache-03,6.8828
2026-01-06T09:33:54,net-03,6.8194
2026-01-06T09:34:04,hd-01,24.9510
2026-01-06T09:34:15,lb-02,0.3540
2026-01-06T09:34:26,lb-01,3.6379
2026-01-06T09:35:15,cache-02,2.8064
2026-01-06T09:35:22,hd-02,4.8496
2026-01-06T09:35:37,hd-01,0.2391
2026-01-06T09:36:05,cache-02,12.2387
2026-01-06T09:36:22,web-05,2.1804
2026-01-06T09:36:50,net-02,5.3952
2026-01-06T09:37:35,cache-03,3.6566
2026-01-06T09:37:40,cache-01,7.9405
2026-01-06T09:38:26,lb-01,31.5399
2026-01-06T09:38:38,db-02,1.8027
2026-01-06T09:39:15,db-03,4.2434
2026-01-06T09:39:53,net-04,14.4604
2026-01-06T09:39:54,lb-01,5.2608
2026-01-06T09:41:10,hd-02,0.5487
2026-01-06T09:42:00,db-02,1.0856
2026-01-06T09:42:32,net-02,0.8596
2026-01-06T09:43:56,lb-01,1.7635
2026-01-06T09:44:03,net-04,0.0975
2026-01-06T09:44:17,db-02,20.8513
2026-01-06T09:45:14,lb-02,9.1799
2026-01-06T09:45:23,lb-02,2.4008
2026-01-06T09:45:42,net-03,1.8365
2026-01-06T09:46:04,net-04,4.6693
2026-01-06T09:46:23,lb-02,1.4214
2026-01-06T09:46:37,net-04,1.4861
2026-01-06T09:49:41,web-01,0.4603
2026-01-06T09:49:46,cache-02,2.2458
2026-01-06T09:50:16,hd-02,1.7123
2026-01-06T09:50:49,cache-02,0.6248
2026-01-06T09:51:21,hd-02,1.2927
2026-01-06T09:51:44,cache-01,0.5265
2026-01-06T09:52:04,net-02,1.5432
2026-01-06T09:52:26,cache-01,2.0986
2026-01-06T09:52:35,net-02,0.6281
2026-01-06T09:52:46,web-01,0.1497
2026-01-06T09:53:01,lb-02,0.8042
2026-01-06T09:54:04,db-02,1.5358
2026-01-06T09:55:10,cache-01,0.9909
2026-01-06T09:55:37,net-03,2.3124
2026-01-06T09:55:45,lb-02,1.8288
2026-01-06T09:56:39,net-02,2.4219
2026-01-06T09:56:55,net-02,4.4148
2026-01-06T09:57:02,web-02,0.9499
2026-01-06T09:57:18,web-03,6.1024
2026-01-06T09:57:20,db-01,1.4734
2026-01-06T09:57:32,hd-01,6.7530
2026-01-06T09:58:29,web-04,2.8891
2026-01-06T09:59:11,web-03,8.7482
2026-01-06T09:59:16,lb-02,0.6324
2026-01-06T09:59:20,db-02,17.7450
2026-01-06T10:00:24,net-03,2.8721
2026-01-06T10:01:18,db-01,5.2510
2026-01-06T10:01:39,net-02,5.4113
2026-01-06T10:02:19,lb-01,18.4679
2026-01-06T10:03:53,net-01,5.5176
2026-01-06T10:04:30,db-03,2.3683
2026-01-06T10:05:37,hd-02,0.2930
2026-01-06T10:05:46,cache-01,0.0962
2026-01-06T10:06:41,net-03,0.2119
2026-01-06T10:07:00,lb-02,0.2063
2026-01-06T10:07:00,web-05,0.4827
2026-01-06T10:07:02,net-01,2.0489
2026-01-06T10:08:01,net-01,0.4001
2026-01-06T10:08:30,net-01,8.9993
2026-01-06T10:08:32,hd-01,0.9862
2026-01-06T10:08:51,web-01,0.5977
2026-01-06T10:08:53,cache-02,1.3531
2026-01-06T10:09:27,cache-01,2.8060
2026-01-06T10:10:18,hd-02,0.2242
2026-01-06T10:11:20,net-01,1.5103
2026-01-06T10:11:20,db-01,4.6308
2026-01-06T10:11:27,web-02,9.0870
2026-01-06T10:11:54,db-03,9.9166
2026-01-06T10:11:59,cache-02,7.3195
2026-01-06T10:12:05,hd-01,0.2803
2026-01-06T10:13:02,net-01,0.9111
2026-01-06T10:13:04,lb-02,1.4278
2026-01-06T10:13:15,net-03,8.1788
2026-01-06T10:13:59,hd-01,0.0055
2026-01-06T10:14:23,lb-01,3.1182
2026-01-06T10:14:25,hd-02,4.3264
2026-01-06T10:15:49,web-03,5.9562
2026-01-06T10:15:52,db-02,6.7315
2026-01-06T10:16:05,lb-01,0.7305
2026-01-06T10:16:25,net-04,5.7859
2026-01-06T10:16:45,db-02,3.2734
2026-01-06T10:17:05,db-03,9.9429
2026-01-06T10:17:19,net-04,2.0106
2026-01-06T10:17:26,cache-03,1.4005
2026-01-06T10:17:38,lb-02,0.2117
2026-01-06T10:18:06,net-04,0.6974
2026-01-06T10:20:41,db-03,6.4233
2026-01-06T10:20:51,hd-01,0.1102
2026-01-06T10:21:07,db-03,1.1027
2026-01-06T10:22:21,net-03,3.4194
2026-01-06T10:22:48,cache-03,2.2036
2026-01-06T10:23:03,hd-02,0.0693
2026-01-06T10:23:15,lb-01,0.1637
2026-01-06T10:23:30,db-02,0.8687
2026-01-06T10:23:54,net-04,1.6027
2026-01-06T10:24:07,net-02,4.2996
2026-01-06T10:24:09,lb-02,0.3343
2026-01-06T10:24:27,web-05,0.2157
2026-01-06T10:25:00,lb-01,0.0213
2026-01-06T10:26:15,cache-02,1.1274
2026-01-06T10:28:10,net-03,3.0660
2026-01-06T10:29:26,lb-02,0.0560
2026-01-06T10:29:45,web-05,3.6174
2026-01-06T10:29:56,hd-01,1.8334
2026-01-06T10:30:18,hd-02,1.8230
2026-01-06T10:30:30,hd-01,0.8303
2026-01-06T10:31:59,lb-02,0.3616
2026-01-06T10:32:48,db-02,6.0425
2026-01-06T10:32:58,hd-01,53.3373
2026-01-06T10:33:12,db-02,21.6746
2026-01-06T10:33:18,web-04,2.9994
2026-01-06T10:33:20,lb-01,0.2357
2026-01-06T10:33:21,net-01,23.5269
2026-01-06T10:33:45,lb-01,5.6572
2026-01-06T10:33:54,web-03,8.0717
2026-01-06T10:34:23,db-01,0.9496
2026-01-06T10:35:54,db-02,1.3197
2026-01-06T10:36:50,net-03,0.3295
2026-01-06T10:37:19,web-03,1.6005
2026-01-06T10:37:27,db-03,5.4725
2026-01-06T10:37:55,web-01,1.4136
2026-01-06T10:38:42,db-03,0.6335
2026-01-06T10:39:01,cache-01,0.1496
2026-01-06T10:39:49,db-03,9.8135
2026-01-06T10:40:52,cache-03,3.5704
2026-01-06T10:41:04,lb-01,35.5930
2026-01-06T10:41:14,db-02,0.6686
2026-01-06T10:41:37,web-02,0.0948
2026-01-06T10:42:11,net-02,1.4454
2026-01-06T10:42:25,lb-01,0.2410
2026-01-06T10:42:28,net-02,0.3015
2026-01-06T10:42:31,db-01,3.5540
2026-01-06T10:42:52,db-03,4.0561
2026-01-06T10:43:01,web-02,1.2833
2026-01-06T10:44:02,web-02,2.5898
2026-01-06T10:46:53,hd-01,0.9727
2026-01-06T10:46:54,net-04,1.1329
2026-01-06T10:47:03,net-01,2.8031
2026-01-06T10:47:31,db-03,9.4076
2026-01-06T10:47:46,net-03,1.0910
2026-01-06T10:47:58,hd-01,1.4109
2026-01-06T10:49:13,net-04,10.2287
2026-01-06T10:49:21,net-01,6.4057
2026-01-06T10:49:27,lb-02,5.7475
2026-01-06T10:49:27,db-02,0.1186
2026-01-06T10:49:45,cache-02,0.3438
2026-01-06T10:49:53,cache-01,57.3147
2026-01-06T10:50:08,hd-01,0.0958
2026-01-06T10:50:35,web-03,1.8440
2026-01-06T10:51:03,lb-01,0.9106
2026-01-06T10:51:18,cache-03,2.5128
2026-01-06T10:51:54,lb-01,5.1344
2026-01-06T10:52:18,web-01,0.0323
2026-01-06T10:52:18,hd-01,0.0744
2026-01-06T10:52:26,hd-02,3.6041
2026-01-06T10:53:22,lb-02,1.7086
2026-01-06T10:53:29,web-02,1.3128
2026-01-06T10:53:36,hd-02,1.8141
2026-01-06T10:53:39,db-02,3.2929
2026-01-06T10:53:50,hd-01,0.8617
2026-01-06T10:55:42,hd-01,0.3964
2026-01-06T10:56:12,web-01,3.0125
2026-01-06T10:56:31,net-01,6.5399
2026-01-06T10:56:36,net-03,2.1740
2026-01-06T10:56:49,lb-02,5.3156
2026-01-06T10:56:51,db-01,0.2688
2026-01-06T10:57:13,hd-02,3.5402
2026-01-06T10:57:16,db-02,8.8582
2026-01-06T10:57:31,lb-02,1.4319
2026-01-06T10:57:36,db-03,4.5924
2026-01-06T10:57:42,web-01,9.4195
2026-01-06T10:58:09,net-01,6.5639
2026-01-06T10:58:59,net-03,2.0648
2026-01-06T10:59:24,cache-03,9.6393
2026-01-06T10:59:54,hd-02,2.0829
2026-01-06T11:00:19,hd-01,1.2764
2026-01-06T11:01:21,web-04,1.2721
2026-01-06T11:01:49,db-03,10.3273
2026-01-06T11:02:15,net-03,0.7261
2026-01-06T11:03:22,net-04,11.9777
2026-01-06T11:03:42,cache-02,0.4052
2026-01-06T11:03:54,lb-01,6.0638
2026-01-06T11:04:58,db-02,0.4624
2026-01-06T11:05:19,web-02,3.8457
2026-01-06T11:05:23,db-01,2.3834
2026-01-06T11:05:25,web-03,2.0104
2026-01-06T11:05:45,db-02,5.3521
2026-01-06T11:05:53,cache-02,17.8530
2026-01-06T11:05:53,lb-02,9.0763
2026-01-06T11:07:20,hd-01,3.2930
2026-01-06T11:07:43,web-01,0.2931
2026-01-06T11:08:48,cache-03,0.4187
2026-01-06T11:08:58,lb-01,0.9018
2026-01-06T11:08:59,db-03,0.7461
2026-01-06T11:10:04,cache-02,3.2979
2026-01-06T11:10:28,net-04,44.6413
2026-01-06T11:10:45,cache-02,0.1282
2026-01-06T11:10:56,hd-01,0.8602
2026-01-06T11:11:00,net-03,0.4129
2026-01-06T11:11:07,db-03,2.5195
2026-01-06T11:12:16,web-05,3.4702
2026-01-06T11:13:27,hd-02,2.5978
2026-01-06T11:13:44,web-01,2.1315
2026-01-06T11:13:58,net-01,2.2706
2026-01-06T11:14:42,net-04,3.2916
2026-01-06T11:15:25,hd-01,0.6122
2026-01-06T11:15:29,lb-02,4.6500
2026-01-06T11:16:59,lb-02,9.4745
2026-01-06T11:17:24,web-03,0.6147
2026-01-06T11:17:47,hd-02,8.3544
2026-01-06T11:17:58,web-02,0.8459
2026-01-06T11:18:15,web-01,0.3265
2026-01-06T11:18:28,cache-03,0.3849
2026-01-06T11:18:34,cache-01,0.0081
2026-01-06T11:18:59,lb-02,0.5321
2026-01-06T11:19:02,lb-02,0.8467
2026-01-06T11:19:28,db-02,11.7141
2026-01-06T11:19:31,web-04,1.5541
2026-01-06T11:20:49,web-03,0.2822
2026-01-06T11:20:50,lb-02,0.5553
2026-01-06T11:22:27,db-01,3.6069
2026-01-06T11:23:08,lb-01,3.4719
2026-01-06T11:23:38,db-02,7.0952
2026-01-06T11:23:45,web-04,3.2642
2026-01-06T11:24:28,lb-01,0.4823
2026-01-06T11:24:38,net-01,12.8650
2026-01-06T11:26:12,hd-01,15.4995
2026-01-06T11:26:15,db-01,13.1364
2026-01-06T11:26:32,net-01,2.3023
2026-01-06T11:26:52,db-03,1.0290
2026-01-06T11:27:23,cache-01,7.4149
2026-01-06T11:28:03,net-03,4.5120
2026-01-06T11:28:33,cache-01,1.1807
2026-01-06T11:29:18,net-01,8.4435
2026-01-06T11:29:23,lb-01,0.5633
2026-01-06T11:29:39,lb-02,1.7303
2026-01-06T11:29:47,hd-02,0.1428
2026-01-06T11:30:00,db-03,0.3472
2026-01-06T11:30:49,lb-01,3.6686
2026-01-06T11:30:54,hd-02,100.0000
2026-01-06T11:31:34,web-04,2.7554
2026-01-06T11:32:06,cache-01,8.0076
2026-01-06T11:32:07,hd-02,0.0413
2026-01-06T11:32:44,cache-03,0.1619
2026-01-06T11:33:04,lb-02,1.1953
2026-01-06T11:33:10,db-03,2.5739
2026-01-06T11:33:29,web-04,51.7123
2026-01-06T11:34:19,net-03,3.3832
2026-01-06T11:34:19,cache-02,1.1647
2026-01-06T11:34:28,net-03,4.1606
2026-01-06T11:34:50,db-01,1.3811
2026-01-06T11:34:56,net-03,0.0479
2026-01-06T11:35:05,hd-01,0.3854
2026-01-06T11:35:38,lb-02,2.9717
2026-01-06T11:36:46,net-03,6.1045
2026-01-06T11:37:26,cache-01,2.3409
2026-01-06T11:37:34,lb-02,1.4160
2026-01-06T11:37:39,cache-02,18.5028
2026-01-06T11:39:12,web-03,3.9884
2026-01-06T11:39:55,hd-02,0.1182
2026-01-06T11:40:06,db-02,2.6363
2026-01-06T11:40:07,hd-02,0.2555
2026-01-06T11:41:15,lb-01,4.2499
2026-01-06T11:41:27,web-01,16.1427
2026-01-06T11:42:02,hd-01,0.2332
2026-01-06T11:42:19,lb-02,0.3724
2026-01-06T11:42:20,net-03,3.3507
2026-01-06T11:42:29,net-04,0.4131
2026-01-06T11:42:46,web-04,3.0124
2026-01-06T11:43:45,web-05,3.0006
2026-01-06T11:43:50,web-04,1.9734
2026-01-06T11:43:54,db-03,5.2985
2026-01-06T11:43:58,cache-01,3.9973
2026-01-06T11:44:08,net-01,2.1398
2026-01-06T11:45:15,web-01,6.3985
2026-01-06T11:45:33,net-04,5.5998
2026-01-06T11:46:24,cache-03,1.0628
2026-01-06T11:46:32,hd-02,0.3967
2026-01-06T11:47:01,cache-01,8.5124
2026-01-06T11:47:35,cache-02,8.4103
2026-01-06T11:48:05,lb-01,1.7736
2026-01-06T11:48:10,hd-02,1.2749
2026-01-06T11:48:24,db-02,1.2577
2026-01-06T11:49:06,web-03,0.2575
2026-01-06T11:49:08,net-02,0.9836
2026-01-06T11:49:15,web-01,0.0492
2026-01-06T11:50:06,hd-01,3.4447
2026-01-06T11:50:32,cache-02,2.8430
2026-01-06T11:50:41,cache-01,0.3497
2026-01-06T11:50:47,web-04,8.8575
2026-01-06T11:51:30,hd-02,1.9130
2026-01-06T11:51:34,cache-02,2.5926
2026-01-06T11:51:45,lb-01,19.0139
2026-01-06T11:52:18,lb-01,1.4657
2026-01-06T11:52:37,net-02,2.6044
2026-01-06T11:53:14,hd-02,0.3705
2026-01-06T11:54:27,web-05,2.1951
2026-01-06T11:55:50,db-03,1.7152
2026-01-06T11:55:52,db-01,9.9755
2026-01-06T11:55:59,db-01,26.9456
2026-01-06T11:56:55,web-01,1.5588
2026-01-06T11:57:29,db-03,1.3951
2026-01-06T11:58:03,web-04,0.7711
2026-01-06T11:59:39,db-02,3.1134
2026-01-06T11:59:58,hd-02,12.8185
2026-01-06T12:00:17,web-03,1.0227
2026-01-06T12:00:27,hd-02,1.0889
2026-01-06T12:00:55,cache-03,1.2188
2026-01-06T12:01:24,hd-01,5.4838
2026-01-06T12:01:27,hd-01,1.3700
2026-01-06T12:01:35,web-03,4.6458
2026-01-06T12:01:41,web-03,0.4448
2026-01-06T12:02:01,web-02,0.6898
2026-01-06T12:02:03,cache-01,2.5348
2026-01-06T12:02:11,cache-03,1.8371
2026-01-06T12:03:13,web-01,4.2984
2026-01-06T12:03:50,lb-02,2.2538
2026-01-06T12:04:07,hd-01,0.2075
2026-01-06T12:04:18,cache-02,1.6839
2026-01-06T12:04:39,cache-01,6.0998
2026-01-06T12:05:08,db-01,8.2213
2026-01-06T12:05:53,cache-03,0.2846
2026-01-06T12:05:57,hd-01,1.5682
2026-01-06T12:07:37,db-02,0.2494
2026-01-06T12:08:26,hd-01,0.4982
2026-01-06T12:09:32,hd-01,0.0592
2026-01-06T12:09:47,net-04,0.9865
2026-01-06T12:10:45,db-01,2.2870
2026-01-06T12:11:05,web-01,0.8511
2026-01-06T12:11:13,net-01,8.3012
2026-01-06T12:11:18,lb-01,0.1917
2026-01-06T12:11:31,hd-01,15.3078
2026-01-06T12:11:38,lb-01,0.9271
2026-01-06T12:11:43,db-02,0.0707
2026-01-06T12:11:51,net-03,10.1923
2026-01-06T12:11:53,lb-01,1.1902
2026-01-06T12:11:59,net-04,3.2191
2026-01-06T12:12:05,lb-02,0.7063
2026-01-06T12:12:48,db-02,0.2853
2026-01-06T12:13:56,hd-01,0.0134
2026-01-06T12:14:30,hd-01,0.2258
2026-01-06T12:14:54,lb-01,5.7245
2026-01-06T12:15:28,web-03,11.9624
2026-01-06T12:15:34,lb-01,1.1142
2026-01-06T12:15:52,lb-02,5.1512
2026-01-06T12:16:38,db-01,0.2864
2026-01-06T12:16:48,db-02,0.5188
2026-01-06T12:18:02,hd-02,4.0872
2026-01-06T12:20:28,lb-01,5.3366
2026-01-06T12:20:31,net-04,5.4246
2026-01-06T12:20:36,cache-02,4.7754
2026-01-06T12:20:41,web-05,0.4542
2026-01-06T12:21:25,web-05,0.2017
2026-01-06T12:22:07,lb-02,0.3072
2026-01-06T12:22:24,web-02,3.5295
2026-01-06T12:24:03,web-02,0.8524
2026-01-06T12:24:07,cache-01,2.6272
2026-01-06T12:24:12,net-02,1.3561
2026-01-06T12:24:26,hd-02,13.8294
2026-01-06T12:24:32,cache-01,18.9214
2026-01-06T12:24:50,lb-01,1.2899
2026-01-06T12:25:32,lb-02,4.8093
2026-01-06T12:25:46,cache-02,10.6662
2026-01-06T12:26:02,db-01,6.8913
2026-01-06T12:26:56,cache-01,9.9186
2026-01-06T12:27:12,cache-03,11.0715
2026-01-06T12:27:58,db-03,0.8282
2026-01-06T12:29:03,cache-03,0.5294
2026-01-06T12:29:05,hd-01,1.6528
2026-01-06T12:31:08,hd-01,9.7844
2026-01-06T12:31:33,web-03,6.1980
2026-01-06T12:32:15,web-01,12.2107
2026-01-06T12:32:34,db-01,1.0478
2026-01-06T12:32:50,cache-03,0.9903
2026-01-06T12:33:30,lb-01,2.4246
2026-01-06T12:34:05,lb-01,3.8393
2026-01-06T12:34:18,net-03,3.2431
2026-01-06T12:36:33,cache-01,0.5138
2026-01-06T12:37:02,hd-02,2.8167
2026-01-06T12:37:05,db-02,0.3511
2026-01-06T12:37:17,net-04,11.0540
2026-01-06T12:37:50,net-03,0.8937
2026-01-06T12:38:00,net-01,4.7734
2026-01-06T12:38:28,lb-02,0.7785
2026-01-06T12:39:19,hd-02,3.7643
2026-01-06T12:39:56,lb-02,1.6111
2026-01-06T12:40:03,cache-01,2.4535
2026-01-06T12:41:13,hd-02,6.6368
2026-01-06T12:41:20,net-01,3.6142
2026-01-06T12:41:58,net-02,6.9294
2026-01-06T12:42:04,net-04,27.2254
2026-01-06T12:42:19,cache-01,0.2431
2026-01-06T12:43:02,lb-01,1.1243
2026-01-06T12:43:03,web-04,4.6351
2026-01-06T12:43:07,web-02,5.2027
2026-01-06T12:43:51,lb-01,0.1781
2026-01-06T12:44:03,lb-02,9.7821
2026-01-06T12:44:24,cache-02,0.7818
2026-01-06T12:45:16,db-02,1.0484
2026-01-06T12:45:35,net-03,0.4115
2026-01-06T12:46:40,cache-03,1.6296
2026-01-06T12:46:54,web-04,6.7377
2026-01-06T12:47:09,db-02,0.3511
