2026-01-01T00:01:04,web-02,3.8405
2026-01-01T00:03:02,cache-03,6.9968
2026-01-01T00:03:31,db-03,3.0628
2026-01-01T00:03:35,hd-02,0.4351
2026-01-01T00:04:57,db-01,3.8071
2026-01-01T00:06:00,net-03,4.2872
2026-01-01T00:06:20,web-03,0.1833
2026-01-01T00:06:46,hd-01,1.0908
2026-01-01T00:07:55,net-01,0.6538
2026-01-01T00:08:10,web-04,0.9053
2026-01-01T00:08:12,cache-01,0.2258
2026-01-01T00:08:13,cache-03,0.0194
2026-01-01T00:08:16,web-05,26.6040
2026-01-01T00:08:28,cache-03,0.2611
2026-01-01T00:08:57,cache-01,2.2890
2026-01-01T00:09:24,hd-01,0.7835
2026-01-01T00:09:56,db-01,3.8625
2026-01-01T00:09:57,lb-01,3.6415
2026-01-01T00:10:28,cache-02,1.0617
2026-01-01T00:12:34,web-05,5.9895
2026-01-01T00:12:38,hd-02,2.5300
2026-01-01T00:12:51,hd-02,5.6033
2026-01-01T00:12:55,net-02,0.7818
2026-01-01T00:13:10,lb-01,0.0070
2026-01-01T00:14:03,lb-01,1.6004
2026-01-01T00:15:01,web-02,1.0654
2026-01-01T00:16:27,net-04,10.5063
2026-01-01T00:16:51,net-01,4.9186
2026-01-01T00:17:32,lb-02,1.0746
2026-01-01T00:17:49,db-01,0.1877
2026-01-01T00:19:08,hd-01,4.8141
2026-01-01T00:19:53,db-03,0.5310
2026-01-01T00:20:35,hd-01,9.9477
2026-01-01T00:20:37,db-01,0.4846
2026-01-01T00:21:14,web-03,6.6090
2026-01-01T00:23:45,net-03,2.8573
2026-01-01T00:24:15,lb-02,0.1004
2026-01-01T00:24:50,lb-02,10.6715
2026-01-01T00:25:03,lb-02,0.0398
2026-01-01T00:26:03,db-02,1.1423
2026-01-01T00:26:18,web-03,1.5671
2026-01-01T00:26:51,db-03,2.2343
2026-01-01T00:27:16,db-02,1.4985
2026-01-01T00:27:50,db-03,1.2750
2026-01-01T00:28:08,db-01,1.7633
2026-01-01T00:28:10,lb-01,91.0034
2026-01-01T00:28:26,hd-01,2.6873
2026-01-01T00:28:53,hd-02,7.6762
2026-01-01T00:29:02,lb-01,2.7419
2026-01-01T00:29:21,hd-01,3.4869
2026-01-01T00:29:41,db-01,0.3429
2026-01-01T00:29:59,lb-02,2.0262
2026-01-01T00:30:12,db-02,5.1451
2026-01-01T00:30:15,db-03,1.3043
2026-01-01T00:30:27,net-04,3.8461
2026-01-01T00:30:32,web-01,7.6368
2026-01-01T00:30:43,hd-02,5.9098
2026-01-01T00:31:12,hd-02,1.5317
2026-01-01T00:32:03,net-04,0.2609
2026-01-01T00:32:34,db-03,0.2298
2026-01-01T00:32:42,hd-02,0.7790
2026-01-01T00:32:52,cache-02,0.0877
2026-01-01T00:34:29,web-05,6.5183
2026-01-01T00:34:33,db-01,100.0000
2026-01-01T00:34:36,web-01,3.9509
2026-01-01T00:35:08,db-02,0.5219
2026-01-01T00:35:19,cache-03,1.5471
2026-01-01T00:36:27,lb-02,1.0231
2026-01-01T00:36:27,web-05,0.9821
2026-01-01T00:37:16,lb-02,1.3305
2026-01-01T00:37:34,hd-02,0.8556
2026-01-01T00:37:37,lb-02,2.1850
2026-01-01T00:37:45,web-05,10.5758
2026-01-01T00:38:06,lb-02,0.9059
2026-01-01T00:38:39,net-03,0.7835
2026-01-01T00:38:53,cache-02,19.6436
2026-01-01T00:39:06,hd-02,3.2807
2026-01-01T00:39:07,hd-02,8.9677
2026-01-01T00:39:12,net-03,0.6020
2026-01-01T00:39:29,lb-01,3.7078
2026-01-01T00:40:21,net-01,2.1056
2026-01-01T00:40:31,cache-03,0.5245
2026-01-01T00:42:05,cache-03,1.4462
2026-01-01T00:42:06,db-03,1.7801
2026-01-01T00:43:15,db-01,2.4650
2026-01-01T00:44:25,db-01,0.9616
2026-01-01T00:44:25,lb-02,4.4201
2026-01-01T00:44:30,hd-01,1.6819
2026-01-01T00:45:56,lb-02,0.4690
2026-01-01T00:46:06,web-03,16.9243
2026-01-01T00:46:15,hd-01,0.0598
2026-01-01T00:46:49,web-04,3.2776
2026-01-01T00:47:29,lb-01,6.5793
2026-01-01T00:47:59,web-04,0.9956
2026-01-01T00:48:13,net-02,0.1103
2026-01-01T00:48:56,db-03,12.6808
2026-01-01T00:49:11,cache-01,5.6419
2026-01-01T00:49:18,db-02,1.3524
2026-01-01T00:49:19,db-01,0.2953
2026-01-01T00:49:28,db-02,100.0000
2026-01-01T00:49:30,cache-01,0.7436
2026-01-01T00:50:19,cache-03,5.4893
2026-01-01T00:50:50,cache-02,0.9306
2026-01-01T00:51:45,lb-01,1.6672
2026-01-01T00:52:14,web-02,1.0691
2026-01-01T00:53:22,lb-02,2.3019
2026-01-01T00:54:11,hd-02,7.0253
2026-01-01T00:54:17,web-02,3.2469
2026-01-01T00:55:03,hd-02,4.8625
2026-01-01T00:55:11,db-03,4.9042
2026-01-01T00:55:38,cache-02,0.6754
2026-01-01T00:55:40,web-03,3.4709
2026-01-01T00:55:51,hd-01,0.5029
2026-01-01T00:55:55,hd-02,1.4523
2026-01-01T00:56:02,hd-02,5.7780
2026-01-01T00:56:10,db-03,2.9822
2026-01-01T00:56:43,db-01,3.7991
2026-01-01T00:56:48,lb-01,0.4506
2026-01-01T00:57:30,web-05,0.6678
2026-01-01T00:58:29,hd-02,8.5281
2026-01-01T00:59:01,hd-01,1.0152
2026-01-01T00:59:02,lb-01,0.4396
2026-01-01T00:59:41,net-03,1.1504
2026-01-01T00:59:54,lb-02,10.0523
2026-01-01T01:01:04,hd-02,0.1509
2026-01-01T01:01:22,db-03,0.0470
2026-01-01T01:02:43,lb-01,10.1736
2026-01-01T01:03:14,hd-01,0.5323
2026-01-01T01:03:56,hd-02,9.9287
2026-01-01T01:04:04,db-01,3.2200
2026-01-01T01:04:24,hd-01,0.5586
2026-01-01T01:04:37,net-04,0.2604
2026-01-01T01:04:43,web-03,0.1775
2026-01-01T01:05:04,cache-02,0.0568
2026-01-01T01:05:10,lb-02,22.0917
2026-01-01T01:05:26,lb-02,0.6606
2026-01-01T01:06:03,db-02,0.8776
2026-01-01T01:06:33,hd-02,5.4948
2026-01-01T01:06:37,net-01,2.2158
2026-01-01T01:07:33,net-02,1.1017
2026-01-01T01:07:38,db-01,9.0376
2026-01-01T01:07:45,hd-02,2.3653
2026-01-01T01:07:49,lb-01,1.4976
2026-01-01T01:08:03,net-01,1.2723
2026-01-01T01:08:26,cache-01,2.0711
2026-01-01T01:08:38,hd-01,1.8809
2026-01-01T01:08:43,cache-02,2.4324
2026-01-01T01:09:07,lb-01,11.4090
2026-01-01T01:10:26,cache-03,1.3643
2026-01-01T01:12:16,cache-03,3.3946
2026-01-01T01:12:38,cache-02,3.7464
2026-01-01T01:15:49,lb-01,0.0329
2026-01-01T01:17:19,db-03,0.0286
2026-01-01T01:17:24,lb-01,0.4893
2026-01-01T01:18:02,hd-02,8.2155
2026-01-01T01:18:42,db-01,5.7845
2026-01-01T01:18:46,net-04,3.3492
2026-01-01T01:19:10,db-02,1.9227
2026-01-01T01:19:11,db-02,1.3915
2026-01-01T01:19:22,net-01,3.4268
2026-01-01T01:19:25,lb-01,0.7164
2026-01-01T01:20:11,net-03,1.1879
2026-01-01T01:20:26,cache-02,2.1843
2026-01-01T01:21:19,net-03,0.4982
2026-01-01T01:21:44,lb-02,0.1426
2026-01-01T01:22:57,lb-01,0.6509
2026-01-01T01:24:02,web-03,0.5366
2026-01-01T01:25:09,web-04,3.6732
2026-01-01T01:26:05,hd-01,2.1536
2026-01-01T01:26:10,db-01,9.4700
2026-01-01T01:26:11,cache-01,1.4251
2026-01-01T01:27:23,net-03,3.3865
2026-01-01T01:27:41,web-01,15.0160
2026-01-01T01:28:13,web-01,7.4940
2026-01-01T01:28:38,cache-01,0.9848
2026-01-01T01:28:57,hd-02,0.4791
2026-01-01T01:29:59,net-02,0.9205
2026-01-01T01:30:27,web-01,22.6034
2026-01-01T01:31:56,web-02,1.4043
2026-01-01T01:32:03,web-01,0.6849
2026-01-01T01:32:14,web-03,4.1447
2026-01-01T01:32:25,lb-02,2.1891
2026-01-01T01:33:17,db-02,7.4579
2026-01-01T01:33:34,hd-01,1.1087
2026-01-01T01:34:54,lb-01,8.9151
2026-01-01T01:35:04,hd-01,0.0330
2026-01-01T01:35:35,cache-02,0.3178
2026-01-01T01:35:47,db-02,4.4028
2026-01-01T01:36:01,web-04,1.5877
2026-01-01T01:36:14,db-03,29.5516
2026-01-01T01:37:18,lb-01,3.7747
2026-01-01T01:38:29,lb-02,24.5074
2026-01-01T01:38:31,db-02,9.6327
2026-01-01T01:39:25,cache-03,1.0691
2026-01-01T01:39:44,web-02,2.1705
2026-01-01T01:39:45,db-03,0.2600
2026-01-01T01:40:50,db-02,0.6459
2026-01-01T01:41:12,web-02,2.8179
2026-01-01T01:41:19,db-03,1.5162
2026-01-01T01:41:25,net-03,0.2115
2026-01-01T01:42:47,lb-02,16.4781
2026-01-01T01:43:41,web-01,0.5801
2026-01-01T01:44:06,cache-03,4.3489
2026-01-01T01:44:20,net-03,14.6002
2026-01-01T01:44:46,cache-02,1.4778
2026-01-01T01:45:12,lb-01,2.8115
2026-01-01T01:45:27,hd-01,1.0255
2026-01-01T01:48:03,web-03,0.6425
2026-01-01T01:48:16,web-03,6.7478
2026-01-01T01:48:22,net-03,5.6463
2026-01-01T01:48:53,hd-01,5.4913
2026-01-01T01:49:12,hd-02,1.6270
2026-01-01T01:49:44,hd-02,6.6116
2026-01-01T01:49:48,net-03,1.3193
2026-01-01T01:49:50,hd-01,1.4691
2026-01-01T01:49:53,hd-01,1.8007
2026-01-01T01:50:57,lb-02,5.5444
2026-01-01T01:50:57,web-03,2.3140
2026-01-01T01:51:00,hd-02,1.3989
2026-01-01T01:51:02,lb-02,0.4142
2026-01-01T01:51:07,net-04,1.5870
2026-01-01T01:51:34,hd-02,1.3056
2026-01-01T01:52:17,net-01,1.5597
2026-01-01T01:52:22,hd-02,27.4743
2026-01-01T01:52:56,net-03,0.6353
2026-01-01T01:53:26,cache-01,0.2817
2026-01-01T01:53:33,net-02,6.3455
2026-01-01T01:53:43,db-01,2.6682
2026-01-01T01:54:26,net-01,18.6928
2026-01-01T01:54:37,db-01,7.1066
2026-01-01T01:54:41,cache-02,2.0138
2026-01-01T01:54:59,hd-01,0.9786
2026-01-01T01:55:51,web-04,1.2014
2026-01-01T01:56:33,net-02,6.5564
2026-01-01T01:57:18,cache-01,29.1692
2026-01-01T01:57:33,net-02,0.7570
2026-01-01T01:58:34,cache-01,0.2839
2026-01-01T01:59:22,hd-02,0.8738
2026-01-01T01:59:29,lb-02,3.3677
2026-01-01T01:59:59,hd-02,0.9765
2026-01-01T02:00:57,net-02,4.8682
2026-01-01T02:01:43,cache-03,1.8264
2026-01-01T02:03:40,web-02,0.0847
2026-01-01T02:04:03,net-02,40.6962
2026-01-01T02:04:06,db-03,3.8942
2026-01-01T02:04:17,web-01,8.4853
2026-01-01T02:04:20,hd-02,3.3782
2026-01-01T02:04:25,db-03,9.8089
2026-01-01T02:05:22,hd-02,0.4138
2026-01-01T02:05:28,db-02,1.0416
2026-01-01T02:05:44,db-01,3.2192
2026-01-01T02:05:47,db-03,15.1066
2026-01-01T02:06:00,hd-02,2.0999
2026-01-01T02:06:24,lb-01,14.6501
2026-01-01T02:07:17,hd-02,11.1288
2026-01-01T02:08:43,lb-01,4.3578
2026-01-01T02:09:03,web-04,1.8023
2026-01-01T02:09:06,lb-01,6.0113
2026-01-01T02:09:31,net-04,1.4357
2026-01-01T02:09:31,net-01,2.2494
2026-01-01T02:11:07,hd-01,1.3523
2026-01-01T02:12:08,net-02,2.4999
2026-01-01T02:12:55,web-01,1.9035
2026-01-01T02:13:01,web-05,0.2873
2026-01-01T02:13:32,net-01,10.2504
2026-01-01T02:14:16,db-03,0.3272
2026-01-01T02:14:42,db-02,2.1502
2026-01-01T02:14:46,hd-02,2.1045
2026-01-01T02:15:10,net-04,0.5545
2026-01-01T02:16:24,cache-02,3.9006
2026-01-01T02:17:41,hd-02,0.0505
2026-01-01T02:18:48,net-04,4.8373
2026-01-01T02:19:58,net-02,2.6753
2026-01-01T02:20:29,net-03,0.8251
2026-01-01T02:21:32,db-01,4.5695
2026-01-01T02:21:53,lb-01,3.8067
2026-01-01T02:22:33,net-03,3.6826
2026-01-01T02:22:49,web-03,0.6748
2026-01-01T02:23:05,net-04,0.6000
2026-01-01T02:23:20,cache-03,1.7498
2026-01-01T02:23:33,db-03,5.3267
2026-01-01T02:24:02,web-04,3.0575
2026-01-01T02:25:23,web-05,1.9857
2026-01-01T02:25:48,hd-02,0.1780
2026-01-01T02:26:25,hd-01,8.7673
2026-01-01T02:26:28,hd-01,12.7251
2026-01-01T02:26:47,net-01,2.0854
2026-01-01T02:28:18,lb-02,2.9501
2026-01-01T02:28:54,hd-02,0.0379
2026-01-01T02:29:27,db-02,2.5405
2026-01-01T02:29:51,cache-03,0.4593
2026-01-01T02:30:21,web-03,1.7710
2026-01-01T02:31:09,lb-02,0.1824
2026-01-01T02:31:37,web-05,0.7466
2026-01-01T02:31:49,cache-01,3.0841
2026-01-01T02:32:15,cache-01,0.4634
2026-01-01T02:33:10,cache-01,0.1505
2026-01-01T02:33:12,net-04,8.7899
2026-01-01T02:33:32,db-02,3.6590
2026-01-01T02:33:45,cache-02,8.3391
2026-01-01T02:34:38,cache-01,2.0704
2026-01-01T02:35:34,web-02,11.6525
2026-01-01T02:35:44,lb-02,0.8631
2026-01-01T02:36:02,cache-03,1.3824
2026-01-01T02:36:08,db-01,0.9557
2026-01-01T02:36:15,lb-02,4.3605
2026-01-01T02:36:49,net-04,4.0485
2026-01-01T02:37:33,lb-02,0.5895
2026-01-01T02:37:50,hd-02,2.2051
2026-01-01T02:39:22,lb-01,11.0592
2026-01-01T02:39:30,cache-03,3.6210
2026-01-01T02:39:35,web-02,4.6593
2026-01-01T02:40:16,cache-02,0.9460
2026-01-01T02:40:46,lb-02,2.1207
2026-01-01T02:41:15,db-03,2.2842
2026-01-01T02:41:18,net-02,5.2534
2026-01-01T02:41:51,lb-01,11.6121
2026-01-01T02:41:57,hd-02,0.8228
2026-01-01T02:43:03,db-03,13.9405
2026-01-01T02:43:23,db-01,3.0616
2026-01-01T02:44:16,cache-01,7.0883
2026-01-01T02:44:19,web-01,1.7880
2026-01-01T02:44:24,cache-01,3.0746
2026-01-01T02:45:01,net-01,0.5752
2026-01-01T02:45:59,lb-02,0.3121
2026-01-01T02:46:54,hd-02,3.6789
2026-01-01T02:47:11,hd-01,1.9030
2026-01-01T02:47:40,hd-02,1.3406
2026-01-01T02:48:03,hd-02,2.7742
2026-01-01T02:49:48,net-04,4.4851
2026-01-01T02:50:02,lb-01,0.2536
2026-01-01T02:50:39,cache-01,1.8373
2026-01-01T02:52:14,net-04,6.2809
2026-01-01T02:52:32,hd-01,9.2751
2026-01-01T02:52:48,web-02,0.6766
2026-01-01T02:54:27,lb-02,1.2590
2026-01-01T02:55:00,lb-01,11.6130
2026-01-01T02:55:10,db-01,1.0232
2026-01-01T02:55:26,net-02,8.3556
2026-01-01T02:55:33,hd-02,1.6234
2026-01-01T02:55:44,hd-02,2.3868
2026-01-01T02:56:02,hd-02,4.2277
2026-01-01T02:56:21,web-01,4.5810
2026-01-01T02:57:16,hd-02,5.9581
2026-01-01T02:58:29,web-02,4.1917
2026-01-01T02:58:55,web-02,2.9172
2026-01-01T02:59:49,web-05,6.2341
2026-01-01T03:00:02,cache-03,0.0161
2026-01-01T03:00:07,net-01,3.0407
2026-01-01T03:00:13,cache-01,0.1354
2026-01-01T03:00:49,net-02,1.4752
2026-01-01T03:01:20,lb-01,4.7980
2026-01-01T03:02:17,db-02,0.4883
2026-01-01T03:02:33,net-03,3.3517
2026-01-01T03:02:35,cache-03,4.5601
2026-01-01T03:02:59,web-02,12.7384
2026-01-01T03:03:19,hd-01,0.6024
2026-01-01T03:04:32,cache-03,11.5025
2026-01-01T03:04:32,hd-01,5.0342
2026-01-01T03:05:13,web-02,1.1590
2026-01-01T03:06:24,cache-01,3.3866
2026-01-01T03:07:16,hd-01,30.9201
2026-01-01T03:07:28,net-01,3.6438
2026-01-01T03:08:50,cache-03,2.4710
2026-01-01T03:08:59,web-01,3.4204
2026-01-01T03:09:25,hd-01,0.1245
2026-01-01T03:10:08,lb-01,1.2244
2026-01-01T03:10:19,web-02,0.5341
2026-01-01T03:10:26,lb-02,1.2943
2026-01-01T03:10:34,web-02,15.1873
2026-01-01T03:11:45,lb-01,13.4211
2026-01-01T03:12:07,lb-02,4.9684
2026-01-01T03:12:09,web-03,1.7637
2026-01-01T03:12:39,hd-02,7.8188
2026-01-01T03:12:54,lb-01,0.9643
2026-01-01T03:13:05,cache-01,1.0016
2026-01-01T03:13:09,db-02,1.5422
2026-01-01T03:13:36,web-03,4.2039
2026-01-01T03:14:12,hd-02,0.7127
2026-01-01T03:14:25,hd-01,1.3839
2026-01-01T03:14:34,db-03,0.5021
2026-01-01T03:14:44,cache-03,1.3871
2026-01-01T03:14:53,cache-03,0.1506
2026-01-01T03:15:06,web-02,0.0704
2026-01-01T03:15:52,net-03,1.3499
2026-01-01T03:15:55,hd-02,2.6275
2026-01-01T03:16:42,db-02,21.7717
2026-01-01T03:16:56,lb-01,2.4222
2026-01-01T03:17:06,hd-01,5.8665
2026-01-01T03:17:14,web-03,8.0172
2026-01-01T03:17:40,lb-02,0.8314
2026-01-01T03:18:29,db-03,0.2935
2026-01-01T03:20:19,lb-02,0.4712
2026-01-01T03:20:57,hd-01,12.0823
2026-01-01T03:21:04,cache-01,9.1189
2026-01-01T03:21:41,lb-02,0.1105
2026-01-01T03:23:05,net-03,1.8369
2026-01-01T03:23:48,web-03,11.3136
2026-01-01T03:24:03,hd-01,0.6550
2026-01-01T03:24:38,cache-02,1.0114
2026-01-01T03:24:50,net-02,0.2301
2026-01-01T03:24:51,web-03,0.6938
2026-01-01T03:25:22,cache-01,2.0640
2026-01-01T03:25:26,hd-02,3.7998
2026-01-01T03:25:26,lb-02,0.0978
2026-01-01T03:25:33,lb-01,4.0317
2026-01-01T03:25:36,hd-01,9.0985
2026-01-01T03:25:55,cache-01,1.9763
2026-01-01T03:25:59,hd-02,6.7222
2026-01-01T03:27:42,web-03,2.5329
2026-01-01T03:28:56,db-03,3.6404
2026-01-01T03:29:44,web-05,0.3174
2026-01-01T03:29:55,web-02,18.0907
2026-01-01T03:30:35,net-02,0.2421
2026-01-01T03:30:57,hd-02,2.5180
2026-01-01T03:31:45,cache-02,0.2127
2026-01-01T03:32:50,web-04,1.5135
2026-01-01T03:33:19,cache-01,6.4595
2026-01-01T03:34:34,web-05,1.3509
2026-01-01T03:34:50,cache-02,5.5577
2026-01-01T03:35:23,cache-02,6.2460
2026-01-01T03:35:33,lb-02,1.1907
2026-01-01T03:36:40,web-05,10.5802
2026-01-01T03:36:58,lb-01,0.4385
2026-01-01T03:37:36,lb-02,0.0786
2026-01-01T03:38:19,cache-01,0.8348
2026-01-01T03:39:15,net-01,2.1641
2026-01-01T03:39:32,net-01,7.2424
2026-01-01T03:39:37,hd-01,5.8520
2026-01-01T03:39:57,cache-02,5.9507
2026-01-01T03:39:58,web-02,8.1088
2026-01-01T03:40:20,web-02,0.0130
2026-01-01T03:41:48,cache-03,7.8256
2026-01-01T03:42:17,lb-01,2.6367
2026-01-01T03:42:37,db-01,1.8732
2026-01-01T03:42:41,cache-02,0.7911
2026-01-01T03:42:59,hd-01,1.6903
2026-01-01T03:43:25,net-04,5.3891
2026-01-01T03:43:50,net-03,3.7439
2026-01-01T03:43:55,db-02,0.3069
2026-01-01T03:44:51,net-04,1.7488
2026-01-01T03:45:07,lb-01,4.7607
2026-01-01T03:45:24,cache-03,0.0231
2026-01-01T03:45:37,lb-01,0.0608
2026-01-01T03:45:43,hd-01,0.1208
2026-01-01T03:46:06,db-01,7.1134
2026-01-01T03:47:15,db-01,0.8375
2026-01-01T03:47:39,hd-01,2.5939
2026-01-01T03:48:32,web-01,1.0018
2026-01-01T03:48:44,web-03,3.3884
2026-01-01T03:49:08,net-01,1.1571
2026-01-01T03:49:33,cache-02,0.2225
2026-01-01T03:50:51,db-03,0.4019
2026-01-01T03:51:16,cache-02,1.4599
2026-01-01T03:51:23,web-05,1.9835
2026-01-01T03:51:31,cache-03,0.5677
2026-01-01T03:51:48,web-04,0.4059
2026-01-01T03:53:04,web-05,0.6658
2026-01-01T03:53:14,cache-02,7.1717
2026-01-01T03:53:15,cache-03,0.5190
2026-01-01T03:54:07,lb-02,4.0083
2026-01-01T03:54:27,cache-01,9.2091
2026-01-01T03:55:13,hd-01,2.5027
2026-01-01T03:55:49,web-05,4.9555
2026-01-01T03:56:39,hd-01,0.0932
2026-01-01T03:57:13,lb-02,14.4346
2026-01-01T03:57:17,web-02,8.7569
2026-01-01T03:57:23,lb-02,0.3166
2026-01-01T03:57:58,web-02,14.4147
2026-01-01T03:58:22,lb-01,1.7950
2026-01-01T03:58:32,cache-01,10.3998
2026-01-01T03:58:34,cache-02,3.4785
2026-01-01T03:58:46,hd-01,1.4007
2026-01-01T03:59:19,lb-01,9.3902
2026-01-01T03:59:28,db-03,0.4836
2026-01-01T03:59:40,web-02,0.4735
2026-01-01T03:59:40,lb-01,6.7732
2026-01-01T03:59:51,db-01,1.6193
2026-01-01T04:00:10,lb-01,5.7196
2026-01-01T04:01:06,cache-02,3.4010
2026-01-01T04:01:44,lb-02,5.5548
2026-01-01T04:02:28,web-05,0.2073
2026-01-01T04:02:56,hd-02,1.6791
2026-01-01T04:03:29,lb-02,8.2716
2026-01-01T04:03:38,net-03,2.9434
2026-01-01T04:05:46,hd-01,6.1197
2026-01-01T04:05:53,lb-01,5.6236
2026-01-01T04:06:42,lb-01,5.7518
2026-01-01T04:07:15,net-02,3.4740
2026-01-01T04:07:46,lb-02,0.5992
2026-01-01T04:07:58,cache-01,2.5055
2026-01-01T04:08:20,hd-01,3.2271
2026-01-01T04:08:26,lb-02,4.9039
2026-01-01T04:09:04,lb-01,0.3139
2026-01-01T04:09:04,web-02,0.5261
2026-01-01T04:10:31,lb-02,2.8932
2026-01-01T04:11:19,hd-01,7.5208
2026-01-01T04:11:46,lb-01,1.0900
2026-01-01T04:12:32,lb-02,3.6351
2026-01-01T04:13:16,db-01,0.1284
2026-01-01T04:13:18,web-03,0.2613
2026-01-01T04:13:35,cache-01,8.3936
2026-01-01T04:13:50,lb-02,0.2565
2026-01-01T04:14:45,lb-02,36.0920
2026-01-01T04:15:16,db-03,3.2981
2026-01-01T04:15:31,lb-02,6.1912
2026-01-01T04:15:45,lb-02,0.4697
2026-01-01T04:16:56,db-02,24.9261
2026-01-01T04:17:14,lb-02,6.4953
2026-01-01T04:17:18,web-03,0.4429
2026-01-01T04:18:05,hd-02,3.2178
2026-01-01T04:18:48,cache-03,2.8691
2026-01-01T04:20:04,net-01,0.8383
2026-01-01T04:20:49,cache-01,2.1202
2026-01-01T04:21:08,web-05,2.9482
2026-01-01T04:21:12,lb-01,2.6033
2026-01-01T04:21:12,lb-01,1.3315
2026-01-01T04:21:47,cache-01,7.1293
2026-01-01T04:22:14,cache-01,0.9843
2026-01-01T04:22:14,cache-01,7.0014
2026-01-01T04:22:16,net-02,0.0301
2026-01-01T04:22:51,cache-03,13.4961
2026-01-01T04:23:15,lb-02,0.8692
2026-01-01T04:23:20,cache-03,2.5288
2026-01-01T04:23:21,lb-02,1.6923
2026-01-01T04:24:07,web-04,1.8047
2026-01-01T04:24:14,net-01,3.6649
2026-01-01T04:24:23,cache-02,1.0697
2026-01-01T04:24:29,hd-01,0.0800
2026-01-01T04:24:35,hd-01,4.6529
2026-01-01T04:26:27,web-01,0.9909
2026-01-01T04:27:25,web-04,4.6428
2026-01-01T04:27:40,db-02,0.3072
2026-01-01T04:27:50,lb-02,0.9730
2026-01-01T04:28:11,db-02,0.0999
2026-01-01T04:28:59,cache-01,4.6859
2026-01-01T04:29:43,net-02,1.4085
2026-01-01T04:29:53,net-03,3.2221
2026-01-01T04:30:23,net-03,0.1141
2026-01-01T04:30:23,hd-01,1.0343
2026-01-01T04:31:14,net-03,3.8573
2026-01-01T04:32:14,lb-02,4.3710
2026-01-01T04:32:17,net-01,2.4173
2026-01-01T04:33:02,hd-02,6.7961
2026-01-01T04:34:20,lb-01,2.0379
2026-01-01T04:34:47,net-03,5.0806
2026-01-01T04:35:25,lb-02,3.2651
2026-01-01T04:35:44,lb-01,0.9807
2026-01-01T04:35:56,net-03,3.4276
2026-01-01T04:36:04,web-04,1.1915
2026-01-01T04:36:07,lb-01,0.1348
2026-01-01T04:36:10,db-01,3.3114
2026-01-01T04:36:59,cache-03,15.3327
2026-01-01T04:37:02,cache-02,0.6639
2026-01-01T04:37:07,lb-02,4.7716
2026-01-01T04:37:16,web-03,1.5207
2026-01-01T04:38:02,db-02,2.9568
2026-01-01T04:38:42,net-03,1.7073
2026-01-01T04:40:34,db-03,0.2075
2026-01-01T04:41:27,lb-02,1.4784
2026-01-01T04:42:45,lb-02,1.2755
2026-01-01T04:42:48,db-03,3.9219
2026-01-01T04:42:55,db-02,2.1491
2026-01-01T04:43:47,net-01,1.1552
2026-01-01T04:44:18,hd-02,6.7106
2026-01-01T04:44:19,db-03,3.0761
2026-01-01T04:44:23,net-02,0.3191
2026-01-01T04:44:41,db-01,5.8798
2026-01-01T04:45:39,lb-02,7.1015
2026-01-01T04:45:43,hd-01,1.8293
2026-01-01T04:45:47,lb-02,23.7207
2026-01-01T04:46:11,hd-02,1.8495
2026-01-01T04:46:19,db-01,0.2994
2026-01-01T04:46:33,db-03,0.5390
2026-01-01T04:46:35,net-01,0.3752
2026-01-01T04:46:35,net-02,0.0707
2026-01-01T04:46:38,web-02,0.6254
2026-01-01T04:46:44,web-02,0.1475
2026-01-01T04:46:51,web-01,0.5165
2026-01-01T04:47:03,cache-03,3.0770
2026-01-01T04:47:17,cache-02,0.6139
2026-01-01T04:48:22,lb-01,4.2951
2026-01-01T04:48:35,net-04,2.7531
2026-01-01T04:49:16,cache-03,0.4085
2026-01-01T04:50:22,cache-02,9.3280
2026-01-01T04:50:46,web-04,15.2908
2026-01-01T04:50:53,db-01,14.1187
2026-01-01T04:51:07,cache-01,3.0625
2026-01-01T04:52:16,cache-03,12.7889
2026-01-01T04:53:15,cache-02,2.5122
2026-01-01T04:53:17,cache-02,7.1885
2026-01-01T04:54:13,net-01,3.7353
2026-01-01T04:54:40,hd-02,7.1786
2026-01-01T04:54:56,db-01,5.4455
2026-01-01T04:55:29,hd-02,1.7453
2026-01-01T04:57:12,hd-02,0.0168
2026-01-01T04:57:19,hd-01,1.3331
2026-01-01T04:57:46,lb-01,5.0407
2026-01-01T04:58:14,lb-01,3.6756
2026-01-01T04:58:15,hd-01,1.5731
2026-01-01T04:58:33,hd-01,1.7214
2026-01-01T04:59:30,hd-02,0.8294
2026-01-01T04:59:38,net-04,3.6141
2026-01-01T05:00:47,hd-02,1.7052
2026-01-01T05:02:17,web-03,1.8315
2026-01-01T05:02:39,hd-01,4.8848
2026-01-01T05:03:24,db-02,0.7121
2026-01-01T05:03:32,hd-02,3.6042
2026-01-01T05:03:36,cache-03,4.7330
2026-01-01T05:04:18,web-03,43.2415
2026-01-01T05:04:27,db-02,0.0190
2026-01-01T05:04:39,net-02,8.7011
2026-01-01T05:04:53,hd-02,3.3012
2026-01-01T05:06:42,db-03,4.4881
2026-01-01T05:08:00,db-01,2.6228
2026-01-01T05:08:24,hd-01,0.3691
2026-01-01T05:08:48,net-01,6.1924
2026-01-01T05:09:48,hd-02,0.2963
2026-01-01T05:09:48,net-01,0.9081
2026-01-01T05:11:02,web-03,5.1760
2026-01-01T05:11:14,hd-02,2.4643
2026-01-01T05:11:31,db-01,3.6209
2026-01-01T05:11:48,lb-02,0.8030
2026-01-01T05:11:52,cache-02,0.9157
2026-01-01T05:12:14,web-05,0.5509
2026-01-01T05:12:41,web-02,0.9967
2026-01-01T05:12:58,db-01,3.4157
2026-01-01T05:13:13,net-02,5.4839
2026-01-01T05:14:10,net-03,5.6217
2026-01-01T05:14:29,cache-01,14.1666
2026-01-01T05:14:58,hd-01,15.0362
2026-01-01T05:15:09,hd-02,1.7177
2026-01-01T05:16:50,db-03,0.7059
2026-01-01T05:17:04,db-02,0.4777
2026-01-01T05:17:18,db-02,2.7443
2026-01-01T05:17:55,lb-02,1.2996
2026-01-01T05:18:34,cache-01,1.1398
2026-01-01T05:19:12,net-03,1.1325
2026-01-01T05:19:18,hd-02,18.2623
2026-01-01T05:19:54,cache-01,0.3551
2026-01-01T05:21:08,hd-01,2.3390
2026-01-01T05:21:19,lb-01,1.3316
2026-01-01T05:21:25,cache-02,0.4792
2026-01-01T05:21:32,cache-02,1.2518
2026-01-01T05:21:49,web-05,1.3201
2026-01-01T05:21:59,hd-02,2.2637
2026-01-01T05:22:01,web-03,14.8009
2026-01-01T05:22:42,lb-02,1.9961
2026-01-01T05:22:49,hd-01,1.6947
2026-01-01T05:23:40,web-03,0.6830
2026-01-01T05:23:40,web-03,2.8990
2026-01-01T05:26:12,web-01,4.9854
2026-01-01T05:26:36,cache-02,9.5955
2026-01-01T05:27:16,net-03,0.1558
2026-01-01T05:27:42,web-05,20.3512
2026-01-01T05:30:21,lb-01,4.5139
2026-01-01T05:30:49,hd-02,1.5037
2026-01-01T05:32:03,net-03,2.4053
2026-01-01T05:32:55,web-01,1.1208
2026-01-01T05:33:20,lb-01,1.1377
2026-01-01T05:34:03,net-02,1.3148
2026-01-01T05:34:04,cache-02,41.6112
2026-01-01T05:34:21,net-03,0.9067
2026-01-01T05:34:56,web-02,3.4399
2026-01-01T05:36:00,hd-02,0.1647
2026-01-01T05:36:56,web-04,2.3016
2026-01-01T05:37:02,web-05,0.8455
2026-01-01T05:37:15,lb-02,0.9558
2026-01-01T05:40:10,lb-02,0.7041
2026-01-01T05:40:21,web-01,0.1179
2026-01-01T05:41:23,net-03,4.1620
2026-01-01T05:41:24,cache-01,0.1605
2026-01-01T05:41:41,hd-02,0.4083
2026-01-01T05:43:37,net-03,1.3681
2026-01-01T05:44:23,net-02,0.2578
2026-01-01T05:44:24,db-02,1.9479
2026-01-01T05:44:46,net-01,17.9055
2026-01-01T05:45:02,web-01,5.9914
2026-01-01T05:45:20,net-04,4.9176
2026-01-01T05:45:24,lb-02,0.4806
2026-01-01T05:45:30,lb-02,1.1914
2026-01-01T05:47:09,hd-01,3.2009
2026-01-01T05:47:19,web-05,1.2976
2026-01-01T05:47:38,hd-02,0.3629
2026-01-01T05:47:46,web-05,0.6452
2026-01-01T05:47:51,hd-01,0.2419
2026-01-01T05:48:27,cache-01,0.2110
2026-01-01T05:48:30,cache-01,0.6363
2026-01-01T05:50:12,lb-01,0.1899
2026-01-01T05:50:27,cache-01,0.6855
2026-01-01T05:50:38,lb-02,0.7424
2026-01-01T05:51:14,db-01,1.7528
2026-01-01T05:51:35,hd-01,0.3700
2026-01-01T05:51:57,lb-02,0.5866
2026-01-01T05:52:25,net-02,0.7093
2026-01-01T05:52:46,net-04,0.1128
2026-01-01T05:52:57,net-01,16.9384
2026-01-01T05:54:13,web-01,0.7429
2026-01-01T05:54:16,lb-01,5.3586
2026-01-01T05:54:58,web-01,1.1995
2026-01-01T05:55:14,web-04,1.3783
2026-01-01T05:55:27,cache-03,0.7667
2026-01-01T05:55:49,net-02,3.6857
2026-01-01T05:56:10,web-02,0.1150
2026-01-01T05:56:56,lb-01,6.7072
2026-01-01T05:57:35,hd-01,0.0573
2026-01-01T05:57:43,cache-01,2.7516
2026-01-01T05:58:02,web-03,0.8674
2026-01-01T05:58:28,lb-01,0.4550
2026-01-01T05:59:28,lb-01,0.4284
2026-01-01T05:59:36,lb-01,5.5151
2026-01-01T06:00:23,web-03,11.9539
2026-01-01T06:00:27,hd-01,2.7713
2026-01-01T06:00:35,db-01,1.0582
2026-01-01T06:00:38,web-02,0.2077
2026-01-01T06:00:39,lb-02,0.8337
2026-01-01T06:00:41,cache-03,0.8794
2026-01-01T06:01:23,lb-01,0.1372
2026-01-01T06:01:31,net-01,3.6796
2026-01-01T06:01:37,db-03,3.2853
2026-01-01T06:01:39,db-02,0.1095
2026-01-01T06:01:41,lb-02,1.2374
2026-01-01T06:01:44,db-02,3.9891
2026-01-01T06:01:55,web-01,0.5997
2026-01-01T06:02:20,cache-03,3.7815
2026-01-01T06:02:20,lb-02,2.0308
2026-01-01T06:02:23,web-05,4.3686
2026-01-01T06:03:40,db-02,0.0061
2026-01-01T06:03:51,cache-01,0.1975
2026-01-01T06:04:05,cache-03,1.2211
2026-01-01T06:04:20,hd-01,2.9049
2026-01-01T06:04:50,db-02,0.0424
2026-01-01T06:05:00,lb-01,0.5071
2026-01-01T06:05:39,lb-01,8.1117
2026-01-01T06:05:47,hd-02,2.0075
2026-01-01T06:06:28,net-04,4.1436
2026-01-01T06:06:32,cache-01,2.8857
2026-01-01T06:06:36,net-02,0.1773
2026-01-01T06:06:46,web-02,0.0949
2026-01-01T06:07:36,hd-01,3.1717
2026-01-01T06:08:38,db-01,0.2321
2026-01-01T06:08:58,net-02,5.7476
2026-01-01T06:09:04,net-02,5.0926
2026-01-01T06:09:08,hd-01,3.4172
2026-01-01T06:09:10,hd-01,2.1089
2026-01-01T06:09:37,net-01,1.4872
2026-01-01T06:10:28,cache-01,0.4475
2026-01-01T06:10:42,net-03,1.5306
2026-01-01T06:11:01,web-04,3.3674
2026-01-01T06:11:07,lb-02,3.4268
2026-01-01T06:11:36,db-03,0.4785
2026-01-01T06:12:57,lb-02,0.1665
2026-01-01T06:13:21,net-03,0.2119
2026-01-01T06:13:21,net-02,1.6948
2026-01-01T06:13:22,net-01,10.8897
2026-01-01T06:13:40,hd-01,1.8411
2026-01-01T06:14:28,net-03,1.1497
2026-01-01T06:15:22,hd-01,3.5914
2026-01-01T06:15:27,web-03,1.4578
2026-01-01T06:15:40,web-04,0.6577
2026-01-01T06:16:03,db-02,0.7220
2026-01-01T06:16:27,lb-01,5.3010
2026-01-01T06:16:35,lb-02,16.0102
2026-01-01T06:17:14,hd-01,0.9861
2026-01-01T06:17:15,db-03,5.8791
2026-01-01T06:18:04,db-01,0.9066
2026-01-01T06:18:22,lb-02,0.0836
2026-01-01T06:18:40,db-01,0.0888
2026-01-01T06:18:49,web-04,3.5924
2026-01-01T06:18:57,net-01,0.0213
2026-01-01T06:19:17,net-04,0.8324
2026-01-01T06:20:11,web-05,1.3496
2026-01-01T06:22:10,web-03,4.0670
2026-01-01T06:22:16,cache-02,0.1551
2026-01-01T06:22:27,lb-02,5.4582
2026-01-01T06:22:43,db-03,1.7980
2026-01-01T06:23:08,hd-02,1.3727
2026-01-01T06:23:31,lb-02,1.7932
2026-01-01T06:25:04,hd-01,0.3255
2026-01-01T06:25:27,net-02,5.4936
2026-01-01T06:27:39,hd-01,3.6052
2026-01-01T06:27:51,hd-01,0.2580
2026-01-01T06:27:56,hd-01,4.2359
2026-01-01T06:28:23,db-02,1.8663
2026-01-01T06:28:39,net-04,0.8249
2026-01-01T06:28:55,db-03,7.3957
2026-01-01T06:29:02,hd-02,0.1197
2026-01-01T06:29:09,hd-02,3.6240
2026-01-01T06:29:17,web-05,4.0023
2026-01-01T06:29:58,web-01,1.0260
2026-01-01T06:30:41,lb-01,0.8162
2026-01-01T06:30:53,hd-01,7.0049
2026-01-01T06:31:11,web-04,0.1783
2026-01-01T06:31:13,db-03,3.4567
2026-01-01T06:31:46,cache-01,0.6019
2026-01-01T06:32:11,web-03,0.3534
2026-01-01T06:33:00,db-01,0.4218
2026-01-01T06:34:11,hd-02,4.0180
2026-01-01T06:34:16,hd-02,0.6088
2026-01-01T06:34:24,net-04,6.7927
2026-01-01T06:35:19,cache-03,7.3630
2026-01-01T06:35:54,cache-02,0.4013
2026-01-01T06:36:08,net-03,3.6171
2026-01-01T06:36:34,hd-01,1.0121
2026-01-01T06:37:12,cache-03,0.6401
2026-01-01T06:37:31,db-02,0.6438
2026-01-01T06:38:17,net-04,1.0257
2026-01-01T06:38:51,web-01,16.3262
2026-01-01T06:39:04,web-04,0.8438
2026-01-01T06:39:40,net-04,1.0659
2026-01-01T06:39:46,net-01,2.5967
2026-01-01T06:40:00,hd-01,3.7532
2026-01-01T06:40:01,cache-01,0.3065
2026-01-01T06:40:35,net-02,5.1077
2026-01-01T06:40:50,hd-01,1.6035
2026-01-01T06:40:52,net-04,3.6949
2026-01-01T06:41:14,db-02,0.1404
2026-01-01T06:41:14,db-03,2.9287
2026-01-01T06:41:22,hd-02,0.5029
2026-01-01T06:41:30,net-04,1.2497
2026-01-01T06:41:32,lb-02,0.8247
2026-01-01T06:41:42,web-03,2.5008
2026-01-01T06:42:29,hd-01,3.2364
2026-01-01T06:43:05,net-03,0.0624
2026-01-01T06:43:45,hd-01,0.1509
2026-01-01T06:43:51,db-03,0.9523
2026-01-01T06:44:01,cache-01,2.6716
2026-01-01T06:44:45,hd-01,1.7470
2026-01-01T06:44:48,net-04,0.5533
2026-01-01T06:44:55,lb-02,4.2766
2026-01-01T06:45:01,hd-01,2.2762
2026-01-01T06:46:48,db-02,2.1199
2026-01-01T06:47:02,cache-01,0.5207
2026-01-01T06:47:03,cache-03,2.0638
2026-01-01T06:47:19,lb-01,2.3036
2026-01-01T06:47:49,lb-01,1.6771
2026-01-01T06:48:35,web-05,0.6742
2026-01-01T06:48:51,net-01,1.0245
2026-01-01T06:48:58,cache-01,4.0839
2026-01-01T06:49:18,hd-02,0.7850
2026-01-01T06:50:05,hd-01,4.1454
2026-01-01T06:50:27,lb-01,2.1135
2026-01-01T06:50:37,hd-02,1.0327
2026-01-01T06:50:40,lb-02,0.5542
2026-01-01T06:50:41,lb-01,1.4303
2026-01-01T06:52:04,net-04,2.1783
2026-01-01T06:52:26,cache-03,3.1339
2026-01-01T06:54:01,web-05,0.3195
2026-01-01T06:54:12,db-01,2.1065
2026-01-01T06:54:20,db-03,0.8046
2026-01-01T06:54:25,db-03,0.4707
2026-01-01T06:54:39,lb-01,1.4058
2026-01-01T06:54:52,db-01,1.4856
2026-01-01T06:54:53,hd-02,2.4605
2026-01-01T06:55:09,hd-01,0.0678
2026-01-01T06:55:21,hd-01,0.4589
2026-01-01T06:55:23,web-03,5.2376
2026-01-01T06:55:56,db-02,1.4771
2026-01-01T06:55:57,web-01,3.1546
2026-01-01T06:56:49,web-01,2.8213
2026-01-01T06:57:00,web-01,0.3805
2026-01-01T06:57:17,hd-01,1.3982
2026-01-01T06:57:37,web-04,5.8503
2026-01-01T06:58:00,net-02,14.9143
2026-01-01T06:58:10,net-04,0.3194
2026-01-01T06:58:35,hd-01,67.9696
2026-01-01T06:59:04,net-03,4.8379
2026-01-01T06:59:23,web-01,46.9761
2026-01-01T07:00:06,lb-01,10.3453
2026-01-01T07:00:15,db-02,1.6206
2026-01-01T07:00:15,web-01,0.7828
2026-01-01T07:00:46,lb-01,3.1801
2026-01-01T07:01:16,hd-01,17.9291
2026-01-01T07:01:59,lb-02,1.5098
2026-01-01T07:02:49,lb-02,0.8817
2026-01-01T07:03:25,db-03,2.6232
2026-01-01T07:03:37,web-04,0.6589
2026-01-01T07:03:53,web-02,0.6212
2026-01-01T07:03:57,lb-01,0.3310
2026-01-01T07:04:12,db-02,1.6575
2026-01-01T07:04:31,db-02,0.2711
2026-01-01T07:04:52,cache-02,1.1034
2026-01-01T07:05:53,hd-01,2.3671
2026-01-01T07:06:44,cache-01,0.3103
2026-01-01T07:07:07,cache-01,0.1082
2026-01-01T07:07:26,web-01,1.4797
2026-01-01T07:07:57,cache-01,1.5462
2026-01-01T07:09:03,hd-01,3.6696
2026-01-01T07:09:20,db-02,1.1036
2026-01-01T07:09:47,hd-02,12.3284
2026-01-01T07:09:49,hd-01,1.1171
2026-01-01T07:09:53,web-05,5.2967
2026-01-01T07:10:03,db-01,1.7587
2026-01-01T07:10:14,hd-01,4.2928
2026-01-01T07:10:21,net-01,2.8873
2026-01-01T07:10:46,cache-01,3.8758
2026-01-01T07:10:58,hd-01,3.5324
2026-01-01T07:11:23,web-02,0.9770
2026-01-01T07:12:22,cache-03,3.0615
2026-01-01T07:12:43,net-01,1.4792
2026-01-01T07:14:18,web-05,0.0836
2026-01-01T07:14:20,cache-01,4.4315
2026-01-01T07:14:28,hd-02,3.7866
2026-01-01T07:15:24,cache-03,0.5563
2026-01-01T07:15:39,web-01,4.1753
2026-01-01T07:17:04,lb-01,0.0857
2026-01-01T07:17:39,hd-02,10.4605
2026-01-01T07:17:44,hd-01,0.8195
2026-01-01T07:18:15,db-03,0.6308
2026-01-01T07:18:29,hd-02,1.2008
2026-01-01T07:18:50,net-03,0.6622
2026-01-01T07:19:21,net-01,4.5095
2026-01-01T07:19:39,web-04,4.5074
2026-01-01T07:20:04,hd-01,3.4896
2026-01-01T07:20:13,net-04,23.6235
2026-01-01T07:20:17,net-01,0.5475
2026-01-01T07:21:38,net-04,9.2059
2026-01-01T07:22:47,cache-03,0.5952
2026-01-01T07:23:01,hd-01,0.2829
2026-01-01T07:23:42,db-01,2.1771
2026-01-01T07:24:00,cache-02,1.2377
2026-01-01T07:24:22,web-04,0.9412
2026-01-01T07:24:28,net-01,1.6632
2026-01-01T07:25:07,web-02,1.1752
2026-01-01T07:25:29,net-02,2.1297
2026-01-01T07:26:09,net-02,0.9474
2026-01-01T07:27:21,hd-01,0.7369
2026-01-01T07:27:37,cache-02,1.1465
2026-01-01T07:28:10,hd-02,10.9136
2026-01-01T07:28:28,hd-02,9.5920
2026-01-01T07:29:32,web-02,0.3574
2026-01-01T07:30:00,net-01,1.7331
2026-01-01T07:30:10,net-04,5.7497
2026-01-01T07:30:16,cache-02,1.3838
2026-01-01T07:30:19,db-02,4.5827
2026-01-01T07:32:34,db-03,2.6475
2026-01-01T07:33:00,net-01,7.7882
2026-01-01T07:33:20,net-02,2.0945
2026-01-01T07:33:27,net-01,2.9281
2026-01-01T07:33:41,web-03,2.9132
2026-01-01T07:33:42,db-02,1.7253
2026-01-01T07:33:43,net-04,0.7723
2026-01-01T07:34:12,cache-03,2.1665
2026-01-01T07:34:49,lb-02,0.4823
2026-01-01T07:35:00,db-01,1.5554
2026-01-01T07:35:42,lb-01,1.7320
2026-01-01T07:35:58,web-04,2.7381
2026-01-01T07:37:11,web-05,33.0564
2026-01-01T07:37:28,cache-03,0.6901
2026-01-01T07:37:45,net-02,0.1505
2026-01-01T07:38:25,hd-02,0.9950
2026-01-01T07:38:33,db-03,1.1705
2026-01-01T07:38:45,web-01,1.1374
2026-01-01T07:39:40,web-02,1.5608
2026-01-01T07:39:47,cache-03,1.7808
2026-01-01T07:40:04,net-01,5.2157
2026-01-01T07:40:15,hd-01,5.9651
2026-01-01T07:40:43,web-03,7.1244
2026-01-01T07:41:06,web-05,1.5809
2026-01-01T07:41:45,lb-02,5.9080
2026-01-01T07:41:55,db-02,0.0914
2026-01-01T07:41:57,net-01,3.4108
2026-01-01T07:42:15,hd-01,0.3950
2026-01-01T07:42:24,cache-01,0.2802
2026-01-01T07:43:27,cache-02,0.6410
2026-01-01T07:43:40,db-02,5.5202
2026-01-01T07:44:47,db-01,5.2393
2026-01-01T07:45:12,lb-01,1.8481
2026-01-01T07:45:21,web-01,5.7589
2026-01-01T07:45:35,lb-02,10.4642
2026-01-01T07:46:53,lb-02,2.9974
2026-01-01T07:47:26,db-02,0.5458
2026-01-01T07:47:43,web-03,0.9160
2026-01-01T07:47:50,net-02,2.9973
2026-01-01T07:48:14,db-02,0.1515
2026-01-01T07:48:33,net-03,29.5832
2026-01-01T07:49:15,net-02,0.2119
2026-01-01T07:50:56,hd-02,2.0893
2026-01-01T07:51:42,db-01,6.9800
2026-01-01T07:52:01,cache-02,0.0628
2026-01-01T07:53:02,web-01,12.8267
2026-01-01T07:53:45,hd-02,0.6790
2026-01-01T07:54:35,lb-01,0.5508
2026-01-01T07:54:56,hd-01,2.0356
2026-01-01T07:56:24,hd-01,4.6064
2026-01-01T07:56:55,hd-01,6.1683
2026-01-01T07:57:42,cache-01,10.2721
2026-01-01T07:57:43,web-01,0.8985
2026-01-01T07:58:05,db-01,9.9189
2026-01-01T07:58:20,net-02,47.8220
2026-01-01T07:58:35,net-01,0.4452
2026-01-01T07:58:58,cache-01,0.3431
2026-01-01T08:00:10,web-05,1.1821
2026-01-01T08:00:16,db-02,3.4309
2026-01-01T08:00:34,lb-01,1.1974
2026-01-01T08:00:38,net-04,1.4162
2026-01-01T08:00:43,net-02,11.0003
2026-01-01T08:01:08,net-03,49.3256
2026-01-01T08:01:25,net-01,1.6942
2026-01-01T08:01:44,lb-02,0.7058
2026-01-01T08:01:53,web-02,0.5382
2026-01-01T08:02:05,cache-02,1.6119
2026-01-01T08:02:42,hd-02,0.6959
2026-01-01T08:03:13,web-01,0.3130
2026-01-01T08:03:28,net-04,8.1771
2026-01-01T08:04:18,net-03,1.3337
2026-01-01T08:04:46,hd-01,2.1582
2026-01-01T08:05:12,cache-03,2.4491
2026-01-01T08:05:29,lb-02,20.1003
2026-01-01T08:06:14,hd-01,2.1493
2026-01-01T08:06:29,db-02,2.0071
2026-01-01T08:06:54,net-01,2.0194
2026-01-01T08:07:09,web-02,8.2368
2026-01-01T08:08:08,lb-01,0.1643
2026-01-01T08:08:18,web-02,8.7735
2026-01-01T08:08:26,db-02,0.8406
2026-01-01T08:08:47,db-01,0.4229
2026-01-01T08:09:06,web-05,0.7774
2026-01-01T08:09:38,hd-02,0.2008
2026-01-01T08:10:01,web-03,1.8583
2026-01-01T08:10:18,cache-01,0.7354
2026-01-01T08:10:35,hd-02,0.7777
2026-01-01T08:11:03,web-01,1.0342
2026-01-01T08:11:25,lb-01,1.8528
2026-01-01T08:11:45,db-02,0.0639
2026-01-01T08:12:49,cache-01,0.4018
2026-01-01T08:13:15,db-01,3.2117
2026-01-01T08:13:40,net-03,0.0843
2026-01-01T08:15:54,db-01,1.2514
2026-01-01T08:16:16,hd-02,2.6154
2026-01-01T08:16:40,lb-02,10.0249
2026-01-01T08:17:01,hd-01,0.6398
2026-01-01T08:17:07,cache-01,1.0663
2026-01-01T08:17:40,hd-02,0.6369
2026-01-01T08:18:28,web-04,1.8467
2026-01-01T08:18:43,net-04,0.4710
2026-01-01T08:20:45,web-05,0.3427
2026-01-01T08:20:56,web-05,0.6107
2026-01-01T08:21:08,lb-01,0.8993
2026-01-01T08:21:33,cache-02,4.1621
2026-01-01T08:21:38,hd-01,0.5467
2026-01-01T08:23:50,web-02,1.8143
2026-01-01T08:24:28,db-01,3.9062
2026-01-01T08:25:35,web-05,1.0901
2026-01-01T08:26:18,lb-02,1.7236
2026-01-01T08:26:52,net-03,0.6159
2026-01-01T08:27:31,db-01,2.8212
2026-01-01T08:27:33,cache-01,24.8029
2026-01-01T08:28:15,web-04,2.3013
2026-01-01T08:29:10,net-03,0.7345
2026-01-01T08:29:42,web-05,0.3012
2026-01-01T08:30:05,lb-02,0.5791
2026-01-01T08:30:37,hd-02,0.8065
2026-01-01T08:31:02,hd-01,2.6155
2026-01-01T08:31:38,cache-03,8.2365
2026-01-01T08:32:53,db-02,0.8636
2026-01-01T08:34:04,hd-02,2.5874
2026-01-01T08:35:01,db-01,0.4990
2026-01-01T08:35:13,net-02,1.0674
2026-01-01T08:35:15,lb-02,1.3788
2026-01-01T08:36:01,hd-01,0.5744
2026-01-01T08:36:56,hd-02,1.2575
2026-01-01T08:37:17,cache-03,0.0257
2026-01-01T08:38:00,hd-01,2.6588
2026-01-01T08:38:32,hd-02,5.2068
2026-01-01T08:38:53,net-02,0.1407
2026-01-01T08:39:06,cache-03,2.0011
2026-01-01T08:39:28,cache-01,0.2990
2026-01-01T08:39:35,lb-02,2.5115
2026-01-01T08:39:42,hd-02,0.4457
2026-01-01T08:39:44,hd-02,1.9744
2026-01-01T08:39:47,web-02,17.2371
2026-01-01T08:41:16,hd-01,1.0469
2026-01-01T08:42:06,db-02,2.7374
2026-01-01T08:42:56,db-01,0.0621
2026-01-01T08:43:11,db-03,2.4315
2026-01-01T08:43:11,net-03,0.1616
2026-01-01T08:43:12,db-02,0.5140
2026-01-01T08:43:20,lb-02,1.9470
2026-01-01T08:43:21,cache-01,3.9678
2026-01-01T08:43:49,db-02,0.7867
2026-01-01T08:45:04,lb-01,0.6488
2026-01-01T08:45:59,hd-02,0.2433
2026-01-01T08:47:02,cache-03,0.4599
2026-01-01T08:47:26,net-02,1.1757
2026-01-01T08:47:28,hd-01,12.3011
2026-01-01T08:47:40,db-01,2.2718
2026-01-01T08:48:00,lb-01,4.0101
2026-01-01T08:48:30,net-02,2.6028
2026-01-01T08:48:43,net-02,1.2202
2026-01-01T08:50:53,lb-01,7.6156
2026-01-01T08:54:13,hd-02,7.3457
2026-01-01T08:54:33,db-01,3.8060
2026-01-01T08:55:15,net-01,52.6382
2026-01-01T08:56:22,hd-02,1.6752
2026-01-01T08:56:40,net-01,8.2840
2026-01-01T08:56:53,cache-01,2.9666
2026-01-01T08:57:52,web-03,0.1494
2026-01-01T08:58:15,cache-01,5.4469
2026-01-01T08:58:19,web-03,1.5375
2026-01-01T08:58:23,web-03,5.2896
2026-01-01T08:58:41,net-03,13.5475
2026-01-01T08:59:07,hd-01,1.3526
2026-01-01T08:59:59,lb-02,1.3101
2026-01-01T09:00:26,cache-02,3.7875
2026-01-01T09:00:57,web-04,0.7404
2026-01-01T09:02:16,net-04,0.0905
2026-01-01T09:02:19,web-05,2.8668
2026-01-01T09:02:21,db-01,1.2679
2026-01-01T09:02:29,lb-02,3.7768
2026-01-01T09:02:43,lb-01,2.2060
2026-01-01T09:03:59,web-05,11.6440
2026-01-01T09:04:31,cache-03,1.5425
2026-01-01T09:05:00,db-02,3.9120
2026-01-01T09:05:06,web-03,0.7775
2026-01-01T09:05:48,web-03,0.9599
2026-01-01T09:06:23,net-03,2.1400
2026-01-01T09:06:33,hd-01,0.2190
2026-01-01T09:06:55,hd-01,0.6617
2026-01-01T09:07:36,cache-01,0.4880
2026-01-01T09:08:30,net-03,0.1284
2026-01-01T09:09:17,db-02,0.3817
2026-01-01T09:09:27,web-05,4.2560
2026-01-01T09:09:43,cache-03,34.6791
2026-01-01T09:09:58,web-01,5.9431
2026-01-01T09:10:10,db-01,9.6078
2026-01-01T09:11:08,db-02,1.0316
2026-01-01T09:11:44,hd-01,0.5565
2026-01-01T09:11:45,lb-01,1.3519
2026-01-01T09:12:49,db-03,4.8012
2026-01-01T09:13:26,net-04,5.3740
2026-01-01T09:16:35,web-01,5.2271
2026-01-01T09:16:39,db-03,0.1312
2026-01-01T09:17:13,web-05,4.3624
2026-01-01T09:17:24,db-01,0.0805
2026-01-01T09:17:41,net-04,2.1339
2026-01-01T09:19:13,web-05,2.6390
2026-01-01T09:20:01,hd-02,7.5318
2026-01-01T09:20:07,hd-01,2.0637
2026-01-01T09:20:26,lb-02,2.2966
2026-01-01T09:20:56,web-02,0.2040
2026-01-01T09:21:00,cache-03,1.9406
2026-01-01T09:21:47,net-04,0.5890
2026-01-01T09:21:54,hd-01,2.8666
2026-01-01T09:22:11,net-03,5.6249
2026-01-01T09:23:56,lb-02,2.1817
2026-01-01T09:23:58,net-03,7.0128
2026-01-01T09:24:14,db-02,30.8125
2026-01-01T09:24:37,cache-01,8.4800
2026-01-01T09:26:20,web-04,0.2188
2026-01-01T09:26:29,hd-01,4.4272
2026-01-01T09:26:44,db-01,0.5372
2026-01-01T09:27:07,cache-03,5.5559
2026-01-01T09:27:53,lb-01,0.0335
2026-01-01T09:28:04,net-02,0.7172
2026-01-01T09:28:09,cache-01,0.9246
2026-01-01T09:28:11,cache-01,1.2712
2026-01-01T09:28:28,lb-02,2.3555
2026-01-01T09:28:47,cache-02,9.0369
2026-01-01T09:29:55,cache-02,0.5460
2026-01-01T09:30:58,web-02,3.5496
2026-01-01T09:31:08,hd-01,2.8049
2026-01-01T09:31:22,lb-01,0.0816
2026-01-01T09:31:26,lb-01,1.6288
2026-01-01T09:31:31,web-05,1.4743
2026-01-01T09:32:17,db-02,3.7412
2026-01-01T09:32:48,db-03,1.7119
2026-01-01T09:33:22,lb-02,4.2248
2026-01-01T09:33:47,lb-01,0.4475
2026-01-01T09:33:47,lb-02,0.0060
2026-01-01T09:34:01,lb-02,2.1698
2026-01-01T09:34:30,web-02,3.2706
2026-01-01T09:35:19,hd-02,3.2342
2026-01-01T09:35:33,hd-01,1.4545
2026-01-01T09:36:02,net-04,6.3046
2026-01-01T09:36:17,cache-02,1.8679
2026-01-01T09:36:55,cache-01,0.6917
2026-01-01T09:37:36,db-01,12.2528
2026-01-01T09:37:37,net-02,1.6528
2026-01-01T09:38:57,db-02,1.9296
2026-01-01T09:39:05,db-01,0.6101
2026-01-01T09:39:52,web-05,1.0421
2026-01-01T09:40:13,cache-01,1.6620
2026-01-01T09:41:11,hd-02,0.0061
2026-01-01T09:41:30,db-02,16.2721
2026-01-01T09:41:45,db-03,4.3642
2026-01-01T09:42:17,hd-02,0.4525
2026-01-01T09:42:37,lb-02,0.7654
2026-01-01T09:42:44,cache-03,0.1764
2026-01-01T09:43:04,hd-02,0.2273
2026-01-01T09:43:40,hd-01,2.2704
2026-01-01T09:44:52,hd-01,1.4023
2026-01-01T09:45:21,cache-01,0.5876
2026-01-01T09:46:06,db-02,1.1269
2026-01-01T09:46:17,net-01,0.6549
2026-01-01T09:47:07,web-03,2.9698
2026-01-01T09:47:30,net-01,4.1150
2026-01-01T09:47:51,net-02,3.3381
2026-01-01T09:47:52,hd-01,16.7763
2026-01-01T09:48:20,web-03,3.0030
2026-01-01T09:48:33,db-01,0.6422
2026-01-01T09:48:45,web-03,4.4225
2026-01-01T09:48:50,lb-01,0.7219
2026-01-01T09:49:00,lb-02,2.5173
2026-01-01T09:49:22,web-05,0.1566
2026-01-01T09:49:23,db-03,3.3872
2026-01-01T09:49:53,lb-02,22.7038
2026-01-01T09:50:22,web-02,8.7336
2026-01-01T09:50:40,db-02,0.2051
2026-01-01T09:50:49,cache-02,2.3407
2026-01-01T09:51:09,hd-02,5.1078
2026-01-01T09:51:22,web-04,3.1493
2026-01-01T09:51:44,web-02,11.1740
2026-01-01T09:52:24,net-03,0.7756
2026-01-01T09:52:44,web-01,3.3390
2026-01-01T09:53:06,db-02,3.1595
2026-01-01T09:53:39,lb-01,6.5605
2026-01-01T09:53:49,hd-01,1.9777
2026-01-01T09:54:07,web-03,2.6089
2026-01-01T09:54:23,lb-01,2.7582
2026-01-01T09:54:40,hd-02,0.2333
2026-01-01T09:55:22,lb-01,3.1980
2026-01-01T09:55:59,net-01,3.6795
2026-01-01T09:56:41,cache-02,1.5521
2026-01-01T09:56:59,lb-02,10.3198
2026-01-01T09:57:06,lb-02,2.6756
2026-01-01T09:57:08,lb-02,1.0118
2026-01-01T09:57:16,cache-01,0.4182
2026-01-01T09:57:36,net-01,11.4219
2026-01-01T09:59:57,db-01,0.0661
2026-01-01T10:01:06,db-01,6.6474
2026-01-01T10:02:18,web-01,21.8488
2026-01-01T10:02:41,lb-01,1.3577
2026-01-01T10:03:33,net-03,5.2333
2026-01-01T10:04:35,cache-03,7.1405
2026-01-01T10:05:45,hd-02,4.1103
2026-01-01T10:06:26,web-05,0.7363
2026-01-01T10:08:01,db-03,0.6297
2026-01-01T10:08:09,net-02,3.0518
2026-01-01T10:08:16,cache-03,0.0390
2026-01-01T10:08:49,lb-02,0.6056
2026-01-01T10:09:31,lb-01,0.5011
2026-01-01T10:10:30,hd-01,3.2578
2026-01-01T10:12:29,lb-01,1.4233
2026-01-01T10:13:07,hd-02,6.1645
2026-01-01T10:13:42,db-01,4.2604
2026-01-01T10:14:08,net-04,0.9348
2026-01-01T10:15:53,hd-02,0.1585
2026-01-01T10:16:13,cache-02,1.5105
2026-01-01T10:16:21,web-03,4.5944
2026-01-01T10:16:25,net-01,8.2308
2026-01-01T10:16:38,cache-01,2.0605
2026-01-01T10:17:27,db-03,0.1658
2026-01-01T10:17:42,hd-01,0.6731
2026-01-01T10:18:46,db-01,0.9518
2026-01-01T10:19:01,cache-01,0.0114
2026-01-01T10:19:12,web-04,13.6066
2026-01-01T10:19:56,db-03,9.9189
2026-01-01T10:20:28,cache-02,3.8151
2026-01-01T10:20:55,web-05,0.3972
2026-01-01T10:21:10,net-03,1.3826
2026-01-01T10:21:55,db-02,3.4174
2026-01-01T10:22:10,hd-01,8.2785
2026-01-01T10:22:52,lb-01,0.7051
2026-01-01T10:23:01,web-03,0.5038
2026-01-01T10:23:16,db-01,0.7073
2026-01-01T10:23:38,cache-03,1.9511
2026-01-01T10:25:23,web-02,0.1950
2026-01-01T10:25:54,db-01,10.0858
2026-01-01T10:27:04,db-01,3.5296
2026-01-01T10:27:18,net-02,7.9067
2026-01-01T10:27:36,db-01,0.6905
2026-01-01T10:28:12,web-05,0.5419
2026-01-01T10:29:14,web-02,1.0042
2026-01-01T10:30:53,net-03,1.3792
2026-01-01T10:31:06,cache-03,20.8410
2026-01-01T10:31:21,web-03,1.8756
2026-01-01T10:31:29,web-02,8.6321
2026-01-01T10:31:36,hd-01,0.0701
2026-01-01T10:31:39,net-03,0.0835
2026-01-01T10:32:05,cache-01,0.3434
2026-01-01T10:32:46,net-04,0.0742
2026-01-01T10:33:03,net-02,0.0570
2026-01-01T10:33:04,web-04,0.1387
2026-01-01T10:34:44,hd-01,1.6154
2026-01-01T10:35:16,db-02,0.4581
2026-01-01T10:36:03,lb-02,1.0380
2026-01-01T10:36:11,hd-02,2.0165
2026-01-01T10:36:46,lb-02,3.3564
2026-01-01T10:37:00,db-03,0.0490
2026-01-01T10:37:50,web-03,22.5449
2026-01-01T10:38:17,web-03,2.3611
2026-01-01T10:38:41,net-03,0.4496
2026-01-01T10:38:46,web-01,5.2581
2026-01-01T10:38:55,db-03,0.1196
2026-01-01T10:40:47,lb-01,1.4618
2026-01-01T10:41:47,db-01,16.6682
2026-01-01T10:42:10,db-03,4.2615
2026-01-01T10:42:49,db-03,2.8497
2026-01-01T10:43:10,net-03,0.7094
2026-01-01T10:45:01,web-05,1.8161
2026-01-01T10:45:09,cache-03,4.1958
2026-01-01T10:45:27,web-05,4.4082
2026-01-01T10:45:30,db-02,0.9499
2026-01-01T10:45:37,lb-01,0.4329
2026-01-01T10:47:06,lb-02,2.8608
2026-01-01T10:48:37,web-03,4.1466
2026-01-01T10:49:02,lb-02,0.0104
2026-01-01T10:49:22,db-02,11.1848
2026-01-01T10:49:26,net-02,5.4265
2026-01-01T10:49:28,lb-02,3.6215
2026-01-01T10:49:35,net-01,3.8859
2026-01-01T10:50:05,db-01,3.0933
2026-01-01T10:50:55,web-05,4.9689
2026-01-01T10:51:13,lb-01,0.9069
2026-01-01T10:51:45,web-03,1.3012
2026-01-01T10:52:29,web-04,0.0962
2026-01-01T10:53:10,hd-01,6.8876
2026-01-01T10:54:05,cache-03,6.3166
2026-01-01T10:54:51,cache-01,2.3425
2026-01-01T10:55:44,db-03,1.2875
2026-01-01T10:56:02,lb-01,1.6406
2026-01-01T10:56:10,hd-02,0.8393
2026-01-01T10:57:10,cache-01,4.1990
2026-01-01T10:57:33,web-05,2.9425
2026-01-01T10:57:40,cache-01,3.0071
2026-01-01T10:57:43,lb-02,0.1644
2026-01-01T10:58:03,hd-01,0.7164
2026-01-01T10:59:33,hd-02,6.2263
2026-01-01T11:00:32,lb-01,23.9180
2026-01-01T11:02:10,net-01,3.2640
2026-01-01T11:02:25,hd-02,0.8364
2026-01-01T11:02:28,cache-02,22.7773
2026-01-01T11:03:07,db-03,1.8310
2026-01-01T11:03:43,hd-02,5.5944
2026-01-01T11:03:48,web-02,2.0291
2026-01-01T11:03:51,net-03,0.2380
2026-01-01T11:04:03,cache-02,0.6428
2026-01-01T11:04:49,hd-02,1.8516
2026-01-01T11:05:03,db-02,2.4893
2026-01-01T11:05:14,lb-01,0.4777
2026-01-01T11:05:20,lb-01,4.8458
2026-01-01T11:05:39,net-03,1.0975
2026-01-01T11:06:29,db-02,0.0373
2026-01-01T11:06:52,net-02,10.1980
2026-01-01T11:06:56,hd-01,0.1555
2026-01-01T11:07:13,net-02,23.0136
2026-01-01T11:07:24,lb-02,3.1453
2026-01-01T11:07:27,lb-02,1.6188
2026-01-01T11:07:38,db-02,2.3201
2026-01-01T11:08:30,db-03,26.0866
2026-01-01T11:09:09,hd-01,1.9877
2026-01-01T11:09:45,lb-02,2.6728
2026-01-01T11:10:03,db-03,0.9763
2026-01-01T11:10:13,net-02,0.3071
2026-01-01T11:10:38,lb-02,3.5158
2026-01-01T11:10:38,cache-03,0.4498
2026-01-01T11:11:09,cache-01,14.6049
2026-01-01T11:11:27,db-02,3.1992
2026-01-01T11:11:43,net-04,9.8060
2026-01-01T11:11:52,lb-01,1.2779
2026-01-01T11:11:58,net-04,3.8077
2026-01-01T11:12:21,hd-01,0.8524
2026-01-01T11:12:44,db-03,2.7152
2026-01-01T11:12:51,lb-02,1.5856
2026-01-01T11:13:00,lb-01,0.9474
2026-01-01T11:13:12,web-04,7.1298
2026-01-01T11:13:46,web-02,2.8228
2026-01-01T11:13:56,net-03,3.3005
2026-01-01T11:14:00,hd-02,0.8633
2026-01-01T11:14:13,cache-03,0.4733
2026-01-01T11:14:33,hd-01,0.0345
2026-01-01T11:14:57,web-02,3.6548
2026-01-01T11:15:01,web-04,3.1492
2026-01-01T11:15:03,cache-01,0.9389
2026-01-01T11:15:35,web-01,0.7638
2026-01-01T11:15:48,db-01,0.2581
2026-01-01T11:16:10,cache-02,0.3690
2026-01-01T11:16:23,net-03,0.2660
2026-01-01T11:16:27,web-03,4.7602
2026-01-01T11:16:33,web-04,0.6459
2026-01-01T11:16:35,hd-01,0.0050
2026-01-01T11:17:12,hd-01,14.3498
2026-01-01T11:17:45,cache-01,1.2106
2026-01-01T11:17:50,hd-01,1.9695
2026-01-01T11:18:33,lb-01,10.7242
2026-01-01T11:18:37,db-03,0.3373
2026-01-01T11:18:46,lb-02,5.6379
2026-01-01T11:19:12,hd-01,5.5976
2026-01-01T11:20:08,hd-02,2.3132
2026-01-01T11:20:15,lb-01,0.3384
2026-01-01T11:21:06,hd-01,2.2478
2026-01-01T11:21:19,cache-01,3.6768
2026-01-01T11:21:24,web-01,0.2139
2026-01-01T11:23:21,hd-01,2.7694
2026-01-01T11:24:00,db-03,6.1588
2026-01-01T11:24:04,cache-01,3.1163
2026-01-01T11:24:30,hd-02,2.4125
2026-01-01T11:24:39,db-01,3.8882
2026-01-01T11:24:40,cache-03,3.4368
2026-01-01T11:25:09,lb-01,0.1986
2026-01-01T11:25:31,web-02,7.2715
2026-01-01T11:25:45,hd-02,0.6096
2026-01-01T11:25:56,hd-01,4.9712
2026-01-01T11:27:45,web-03,12.2982
2026-01-01T11:28:02,lb-01,5.3307
2026-01-01T11:28:29,lb-02,0.0429
2026-01-01T11:28:49,hd-02,4.1311
2026-01-01T11:29:45,lb-01,0.1662
2026-01-01T11:30:14,web-03,2.9699
2026-01-01T11:30:38,web-01,14.2055
2026-01-01T11:31:39,lb-01,1.7938
2026-01-01T11:31:57,lb-01,1.3106
2026-01-01T11:32:41,web-04,7.7237
2026-01-01T11:33:31,hd-02,4.4439
2026-01-01T11:33:35,cache-02,0.6884
2026-01-01T11:35:05,db-01,4.2021
2026-01-01T11:35:13,web-05,1.2423
2026-01-01T11:36:56,net-01,1.9048
2026-01-01T11:37:26,db-02,0.8605
2026-01-01T11:37:40,cache-03,2.9510
2026-01-01T11:38:24,lb-01,4.3083
2026-01-01T11:38:56,lb-01,2.0657
2026-01-01T11:39:20,cache-02,0.6163
2026-01-01T11:39:23,web-03,0.6892
2026-01-01T11:39:26,hd-02,9.1791
2026-01-01T11:39:41,web-02,3.2392
2026-01-01T11:40:45,lb-01,2.0534
2026-01-01T11:41:07,db-01,1.7417
2026-01-01T11:43:02,cache-01,1.2633
2026-01-01T11:43:11,db-03,2.8311
2026-01-01T11:44:32,web-02,1.1848
2026-01-01T11:45:23,net-03,1.5031
2026-01-01T11:46:01,net-02,2.5532
2026-01-01T11:46:23,cache-01,0.9435
2026-01-01T11:47:30,net-02,17.5557
2026-01-01T11:47:52,db-01,1.4406
2026-01-01T11:48:13,lb-01,0.5745
2026-01-01T11:48:27,cache-02,7.4762
2026-01-01T11:48:43,net-02,5.5430
2026-01-01T11:49:09,net-01,4.3438
2026-01-01T11:49:30,lb-01,0.0819
2026-01-01T11:49:30,net-04,3.0036
2026-01-01T11:50:14,net-04,1.6066
2026-01-01T11:50:28,net-01,10.8014
2026-01-01T11:50:59,net-01,1.7012
2026-01-01T11:51:22,db-02,4.3499
2026-01-01T11:51:38,db-02,2.1107
2026-01-01T11:52:10,db-02,1.6610
2026-01-01T11:52:55,hd-01,0.2555
2026-01-01T11:53:25,hd-01,2.2839
2026-01-01T11:53:44,cache-03,0.5806
2026-01-01T11:53:44,hd-01,0.0290
2026-01-01T11:54:24,net-03,0.2727
2026-01-01T11:54:26,cache-01,2.9984
2026-01-01T11:54:43,cache-01,3.8886
2026-01-01T11:55:01,web-03,3.9754
2026-01-01T11:55:31,hd-01,5.5565
2026-01-01T11:56:04,web-03,10.2570
2026-01-01T11:56:34,net-01,0.7246
2026-01-01T11:56:38,net-03,1.9808
2026-01-01T11:56:45,net-02,10.3011
2026-01-01T11:57:06,net-01,1.6480
2026-01-01T11:57:09,db-02,0.3584
2026-01-01T11:57:15,hd-01,1.5705
2026-01-01T11:57:37,db-01,1.8809
2026-01-01T11:58:17,net-02,14.7420
2026-01-01T11:58:19,hd-02,5.0606
2026-01-01T11:58:24,web-01,1.7375
2026-01-01T11:58:40,lb-01,1.7391
2026-01-01T11:59:30,lb-01,12.7251
2026-01-01T11:59:59,db-03,4.0302
2026-01-01T12:00:01,db-02,0.3392
2026-01-01T12:00:19,cache-01,7.0055
2026-01-01T12:00:24,hd-02,1.0124
2026-01-01T12:00:26,net-02,5.0939
2026-01-01T12:01:24,cache-03,0.3509
2026-01-01T12:01:48,lb-01,10.5616
2026-01-01T12:01:48,db-01,5.8347
2026-01-01T12:02:09,net-01,0.4121
2026-01-01T12:02:29,net-03,3.3523
2026-01-01T12:02:48,cache-02,1.0597
2026-01-01T12:06:01,web-05,3.3039
2026-01-01T12:06:05,web-04,0.3501
2026-01-01T12:08:43,db-02,2.5928
2026-01-01T12:08:45,net-02,2.5183
2026-01-01T12:10:14,db-03,4.1274
2026-01-01T12:10:37,cache-03,1.7516
2026-01-01T12:11:16,hd-01,21.9608
2026-01-01T12:11:18,cache-03,6.5169
2026-01-01T12:11:19,lb-02,0.6956
2026-01-01T12:11:38,net-02,0.1508
2026-01-01T12:12:05,db-01,7.1704
2026-01-01T12:12:33,lb-02,3.1370
2026-01-01T12:12:36,lb-01,1.7989
2026-01-01T12:13:27,cache-02,0.8766
2026-01-01T12:13:53,lb-02,1.5566
2026-01-01T12:13:54,net-03,1.0658
2026-01-01T12:14:20,db-01,0.5404
2026-01-01T12:15:35,hd-01,2.2162
2026-01-01T12:15:36,hd-01,3.1316
2026-01-01T12:15:54,cache-03,1.0655
2026-01-01T12:15:57,cache-03,0.3792
2026-01-01T12:16:01,db-03,0.6887
2026-01-01T12:16:25,cache-03,13.9898
2026-01-01T12:16:28,web-03,0.5229
2026-01-01T12:16:36,hd-01,2.7191
2026-01-01T12:16:38,cache-02,1.9745
2026-01-01T12:17:20,hd-01,14.2649
2026-01-01T12:17:44,cache-03,2.0409
2026-01-01T12:17:45,cache-01,1.4145
2026-01-01T12:17:50,hd-02,0.4284
2026-01-01T12:18:18,net-03,6.3924
2026-01-01T12:19:47,cache-03,2.5051
2026-01-01T12:20:01,web-01,1.5513
2026-01-01T12:20:12,hd-02,1.6410
2026-01-01T12:20:55,net-02,4.8601
2026-01-01T12:21:43,db-02,0.4602
2026-01-01T12:22:17,hd-02,4.1342
2026-01-01T12:24:14,lb-02,1.0540
2026-01-01T12:24:35,db-02,1.6780
2026-01-01T12:24:56,db-03,0.5063
2026-01-01T12:25:00,cache-01,5.0054
2026-01-01T12:25:47,web-02,0.9894
2026-01-01T12:26:29,lb-01,4.8965
2026-01-01T12:26:32,db-03,0.7645
2026-01-01T12:26:45,web-04,16.3148
2026-01-01T12:26:57,net-03,1.4997
2026-01-01T12:26:58,hd-02,2.0302
2026-01-01T12:27:45,cache-01,0.6229
2026-01-01T12:28:02,hd-02,0.4882
2026-01-01T12:28:02,db-02,1.4839
2026-01-01T12:28:35,lb-02,1.3986
2026-01-01T12:31:44,net-04,0.3862
2026-01-01T12:32:15,lb-02,0.7187
2026-01-01T12:32:24,net-03,9.3099
2026-01-01T12:33:53,hd-02,1.1474
2026-01-01T12:34:47,hd-01,0.4538
2026-01-01T12:35:08,net-02,1.6538
2026-01-01T12:35:15,lb-01,0.1392
2026-01-01T12:35:17,hd-02,2.0658
2026-01-01T12:35:26,db-01,2.1470
2026-01-01T12:35:33,lb-02,0.7975
2026-01-01T12:36:12,cache-01,0.2398
2026-01-01T12:36:47,hd-02,2.7094
2026-01-01T12:37:06,net-04,2.4822
2026-01-01T12:37:31,lb-02,11.8638
2026-01-01T12:37:48,lb-01,2.2783
2026-01-01T12:38:17,web-05,2.2379
2026-01-01T12:38:54,web-05,6.0083
2026-01-01T12:39:22,cache-01,0.3777
2026-01-01T12:40:24,db-01,0.4528
2026-01-01T12:43:23,cache-02,4.8244
2026-01-01T12:43:25,hd-02,6.3998
2026-01-01T12:44:04,db-03,1.4358
2026-01-01T12:45:13,web-02,26.4543
2026-01-01T12:45:59,net-03,24.2080
2026-01-01T12:46:16,db-03,3.4313
2026-01-01T12:46:17,cache-03,0.1211
2026-01-01T12:46:30,web-01,1.3981
2026-01-01T12:47:11,hd-01,6.1645
2026-01-01T12:47:55,web-03,0.1071
2026-01-01T12:49:25,web-04,1.2643
2026-01-01T12:50:20,cache-01,3.1651
2026-01-01T12:50:20,cache-03,0.6921
2026-01-01T12:50:27,cache-02,6.5178
2026-01-01T12:50:53,lb-01,0.0040
2026-01-01T12:51:09,net-04,3.2013
2026-01-01T12:52:07,net-02,9.7622
2026-01-01T12:53:21,cache-03,4.9466
2026-01-01T12:53:33,db-03,9.7027
2026-01-01T12:53:38,db-03,4.6478
2026-01-01T12:53:45,web-02,2.8075
2026-01-01T12:53:54,cache-03,1.1922
2026-01-01T12:54:09,net-04,5.5495
2026-01-01T12:55:02,hd-02,5.0246
2026-01-01T12:56:02,net-03,0.7350
2026-01-01T12:56:41,db-01,1.8602
2026-01-01T12:57:08,db-02,1.0309
2026-01-01T12:57:12,lb-02,0.8387
2026-01-01T12:58:00,hd-01,2.6681
2026-01-01T12:58:40,hd-01,0.8803
2026-01-01T12:58:41,lb-01,1.0915
2026-01-01T12:58:41,cache-01,9.4377
2026-01-01T12:58:46,db-03,1.6547
2026-01-01T13:00:31,web-03,2.1248
2026-01-01T13:00:58,cache-03,1.2290
2026-01-01T13:01:41,lb-02,0.5692
2026-01-01T13:02:35,hd-01,0.6247
2026-01-01T13:03:21,hd-02,1.6439
2026-01-01T13:04:05,net-03,0.0231
2026-01-01T13:04:10,web-01,0.0049
2026-01-01T13:04:12,lb-02,3.5799
2026-01-01T13:05:03,web-03,1.0086
2026-01-01T13:05:31,hd-02,5.7709
2026-01-01T13:06:18,cache-02,3.7153
2026-01-01T13:07:03,db-02,5.9194
2026-01-01T13:07:17,hd-01,12.3641
2026-01-01T13:07:36,web-03,16.8208
2026-01-01T13:07:59,hd-01,1.8893
2026-01-01T13:08:21,hd-01,5.1765
2026-01-01T13:08:37,cache-02,2.1531
2026-01-01T13:08:58,db-03,0.9239
2026-01-01T13:09:02,cache-03,17.0978
2026-01-01T13:10:00,web-03,3.8744
2026-01-01T13:10:19,web-02,3.5764
2026-01-01T13:10:37,lb-02,0.0935
2026-01-01T13:11:11,lb-01,4.3264
2026-01-01T13:11:40,lb-01,4.7798
2026-01-01T13:11:47,lb-02,10.6617
2026-01-01T13:11:54,web-01,2.2416
2026-01-01T13:12:12,lb-01,9.8444
2026-01-01T13:12:13,cache-02,0.6404
2026-01-01T13:13:08,net-01,1.1697
2026-01-01T13:14:18,lb-01,7.3683
2026-01-01T13:14:21,web-04,4.6268
2026-01-01T13:14:31,db-02,6.3400
2026-01-01T13:14:34,db-03,0.5009
2026-01-01T13:14:39,lb-02,2.0247
2026-01-01T13:14:43,net-01,0.1337
2026-01-01T13:15:24,db-02,1.4825
2026-01-01T13:16:11,web-05,3.5285
2026-01-01T13:16:26,lb-02,2.9594
2026-01-01T13:16:52,web-02,6.5478
2026-01-01T13:17:16,web-01,5.2262
2026-01-01T13:17:58,lb-01,4.8953
2026-01-01T13:18:33,cache-02,6.8953
2026-01-01T13:18:59,web-05,3.4648
2026-01-01T13:19:18,web-03,8.6085
2026-01-01T13:20:17,db-03,1.5599
2026-01-01T13:20:26,cache-02,0.1393
2026-01-01T13:20:55,net-03,0.3767
2026-01-01T13:21:55,cache-01,1.8646
2026-01-01T13:22:42,cache-01,10.9803
2026-01-01T13:23:39,cache-01,0.5050
2026-01-01T13:24:42,cache-02,0.5441
2026-01-01T13:24:49,hd-02,6.7176
2026-01-01T13:25:26,net-02,4.4996
2026-01-01T13:25:43,web-02,2.7616
2026-01-01T13:25:55,lb-01,0.1546
2026-01-01T13:25:56,hd-01,0.3060
2026-01-01T13:26:08,db-01,9.0419
2026-01-01T13:26:47,net-02,3.0128
2026-01-01T13:26:52,hd-02,5.5155
2026-01-01T13:27:29,web-02,1.2058
2026-01-01T13:28:08,hd-01,2.1546
2026-01-01T13:28:37,cache-03,0.6777
2026-01-01T13:29:03,hd-01,40.3365
2026-01-01T13:29:34,cache-03,3.4772
2026-01-01T13:29:50,db-01,1.3937
2026-01-01T13:30:27,hd-01,0.7595
2026-01-01T13:30:34,lb-01,0.1106
2026-01-01T13:30:51,cache-02,6.0048
2026-01-01T13:31:57,net-04,2.6134
2026-01-01T13:32:07,net-04,0.8564
2026-01-01T13:33:02,lb-02,3.2269
2026-01-01T13:33:19,hd-02,12.0103
2026-01-01T13:33:48,lb-01,5.6215
2026-01-01T13:34:29,lb-02,3.3440
2026-01-01T13:34:32,cache-03,1.7076
2026-01-01T13:34:39,db-02,1.0486
2026-01-01T13:34:45,db-02,1.2193
2026-01-01T13:35:15,net-04,4.6695
2026-01-01T13:35:54,lb-01,0.1251
2026-01-01T13:36:03,db-02,0.5259
2026-01-01T13:36:22,hd-01,1.0460
2026-01-01T13:36:42,web-02,6.6475
2026-01-01T13:37:01,hd-01,6.3714
2026-01-01T13:37:27,cache-01,3.6752
2026-01-01T13:37:44,db-03,2.1681
2026-01-01T13:37:46,cache-01,12.5216
2026-01-01T13:38:42,net-04,6.1377
2026-01-01T13:39:13,lb-02,5.8182
2026-01-01T13:40:19,cache-01,1.7101
2026-01-01T13:40:21,web-01,0.4984
2026-01-01T13:40:36,lb-01,10.9380
2026-01-01T13:40:58,hd-01,0.9416
2026-01-01T13:41:22,net-03,0.9580
2026-01-01T13:42:22,web-05,0.1514
2026-01-01T13:42:52,net-02,4.3283
2026-01-01T13:43:10,lb-01,3.1093
2026-01-01T13:43:16,db-03,6.9312
2026-01-01T13:43:31,web-01,2.9037
2026-01-01T13:44:15,net-04,16.1855
2026-01-01T13:45:26,lb-01,7.9586
2026-01-01T13:45:29,lb-01,2.0449
2026-01-01T13:47:28,lb-02,6.2512
2026-01-01T13:47:53,hd-02,1.0240
2026-01-01T13:47:54,hd-02,0.0617
2026-01-01T13:48:15,lb-02,12.0635
2026-01-01T13:48:34,web-05,0.3128
2026-01-01T13:49:05,lb-01,19.9938
2026-01-01T13:51:18,db-02,2.6895
2026-01-01T13:52:18,hd-02,0.5446
2026-01-01T13:52:29,lb-01,3.2379
2026-01-01T13:53:00,net-03,9.2019
2026-01-01T13:53:14,net-02,0.2398
2026-01-01T13:53:26,web-04,0.8167
2026-01-01T13:54:06,web-04,0.6131
2026-01-01T13:54:09,net-01,1.7570
2026-01-01T13:54:16,net-01,4.9594
2026-01-01T13:54:28,lb-02,1.6953
2026-01-01T13:54:29,web-05,1.7215
2026-01-01T13:55:09,db-03,3.3840
2026-01-01T13:55:24,lb-01,1.1938
2026-01-01T13:56:18,db-03,3.0394
2026-01-01T13:56:24,lb-01,6.2764
2026-01-01T13:56:25,lb-01,0.1971
2026-01-01T13:56:42,cache-02,1.1765
2026-01-01T13:56:55,hd-02,18.0982
2026-01-01T13:59:15,hd-01,7.8189
2026-01-01T14:01:51,lb-02,4.2204
2026-01-01T14:02:34,lb-01,1.7998
2026-01-01T14:02:49,net-04,5.4466
2026-01-01T14:03:31,cache-02,0.6393
2026-01-01T14:04:02,net-02,1.6159
2026-01-01T14:04:31,db-01,4.2157
2026-01-01T14:07:05,db-01,0.7960
2026-01-01T14:08:18,hd-02,1.5106
2026-01-01T14:08:22,lb-01,2.1726
2026-01-01T14:08:29,lb-01,0.4770
2026-01-01T14:08:37,cache-02,0.8657
2026-01-01T14:08:52,db-01,1.9763
2026-01-01T14:08:55,cache-01,1.4992
2026-01-01T14:09:20,hd-01,0.5093
2026-01-01T14:09:52,net-02,0.1590
2026-01-01T14:10:26,web-02,0.5206
2026-01-01T14:10:44,net-02,12.2451
2026-01-01T14:15:32,web-02,3.0746
2026-01-01T14:16:24,db-01,0.0963
2026-01-01T14:16:34,lb-01,5.3610
2026-01-01T14:16:50,db-02,7.6077
2026-01-01T14:18:23,web-02,0.2223
2026-01-01T14:18:51,net-03,5.1812
2026-01-01T14:19:00,net-04,0.4218
2026-01-01T14:19:06,db-02,3.9783
2026-01-01T14:19:17,web-02,0.1923
2026-01-01T14:20:07,lb-02,2.4349
2026-01-01T14:20:30,db-03,0.7248
2026-01-01T14:21:45,web-03,9.8238
2026-01-01T14:22:02,cache-01,0.2164
2026-01-01T14:22:33,hd-02,0.0382
2026-01-01T14:22:34,db-01,2.0738
2026-01-01T14:22:56,net-02,9.1753
2026-01-01T14:24:57,lb-02,0.0474
2026-01-01T14:25:14,net-02,0.8381
2026-01-01T14:26:27,hd-01,2.4653
2026-01-01T14:27:08,cache-03,0.8701
2026-01-01T14:27:43,db-02,7.9272
2026-01-01T14:27:49,hd-02,0.7100
2026-01-01T14:28:17,db-01,2.8661
2026-01-01T14:28:17,cache-02,1.4729
2026-01-01T14:28:31,hd-02,0.3388
2026-01-01T14:29:29,cache-02,1.0930
2026-01-01T14:30:41,lb-01,11.3870
2026-01-01T14:31:31,cache-01,9.4463
2026-01-01T14:31:37,web-02,9.8210
2026-01-01T14:31:39,db-02,2.9864
2026-01-01T14:31:55,net-01,2.5533
2026-01-01T14:33:00,web-05,14.3024
2026-01-01T14:33:02,db-03,0.4257
2026-01-01T14:33:11,cache-03,3.9580
2026-01-01T14:33:21,net-04,7.6520
2026-01-01T14:33:51,web-05,2.2433
2026-01-01T14:34:57,web-02,4.4305
2026-01-01T14:35:36,hd-01,2.8131
2026-01-01T14:35:43,db-03,1.6476
2026-01-01T14:37:54,lb-02,34.2532
2026-01-01T14:38:15,cache-01,6.3002
2026-01-01T14:38:33,hd-01,4.3452
2026-01-01T14:38:57,db-03,0.1639
2026-01-01T14:39:01,lb-01,0.2900
2026-01-01T14:40:39,web-01,10.0991
2026-01-01T14:41:58,cache-02,5.1376
2026-01-01T14:42:02,db-03,2.3962
2026-01-01T14:42:14,hd-01,1.1366
2026-01-01T14:43:13,lb-01,7.2503
2026-01-01T14:43:46,lb-01,1.3870
2026-01-01T14:43:55,lb-01,0.0063
2026-01-01T14:44:04,net-01,6.2639
2026-01-01T14:44:07,net-04,4.6711
2026-01-01T14:44:26,hd-02,0.0650
2026-01-01T14:44:27,cache-01,0.8447
2026-01-01T14:45:07,net-03,0.0697
2026-01-01T14:46:37,lb-01,2.0744
2026-01-01T14:46:48,db-03,6.3701
2026-01-01T14:46:51,db-02,0.6314
2026-01-01T14:48:34,hd-01,21.1590
2026-01-01T14:49:26,lb-02,7.9556
2026-01-01T14:49:28,net-03,0.1958
2026-01-01T14:49:42,web-04,6.4960
2026-01-01T14:50:28,cache-03,0.8976
2026-01-01T14:50:30,cache-02,0.4868
2026-01-01T14:50:35,hd-01,5.0750
2026-01-01T14:50:53,hd-02,12.0657
2026-01-01T14:51:15,web-04,2.8971
2026-01-01T14:51:29,web-04,3.2085
2026-01-01T14:51:52,lb-01,4.9471
2026-01-01T14:52:02,net-03,1.6981
2026-01-01T14:52:09,net-01,8.0579
2026-01-01T14:52:14,db-03,3.1135
2026-01-01T14:52:29,web-01,11.5129
2026-01-01T14:53:09,lb-02,5.9323
2026-01-01T14:54:16,hd-01,10.1061
2026-01-01T14:54:35,net-04,6.2809
2026-01-01T14:54:37,db-02,0.1944
2026-01-01T14:56:20,cache-01,0.6749
2026-01-01T14:56:36,db-03,11.2388
2026-01-01T14:56:45,lb-01,3.9096
2026-01-01T14:56:53,web-01,3.0300
2026-01-01T14:57:16,hd-02,0.8312
2026-01-01T14:58:02,lb-01,2.3164
2026-01-01T14:58:33,net-03,4.0472
2026-01-01T14:59:09,cache-02,1.2044
2026-01-01T14:59:11,web-03,0.4040
2026-01-01T14:59:13,db-02,1.2304
2026-01-01T14:59:18,hd-01,1.6241
2026-01-01T14:59:21,net-01,0.2396
2026-01-01T14:59:58,lb-02,0.3563
2026-01-01T15:00:44,db-02,0.2002
2026-01-01T15:01:09,lb-02,5.3509
2026-01-01T15:01:36,net-01,0.2261
2026-01-01T15:01:37,lb-01,2.6998
2026-01-01T15:02:00,web-03,0.0220
2026-01-01T15:02:24,cache-02,1.5229
2026-01-01T15:03:14,net-03,2.1004
2026-01-01T15:03:39,db-01,4.7555
2026-01-01T15:04:00,net-01,2.6300
2026-01-01T15:04:01,cache-03,0.4145
2026-01-01T15:04:31,web-03,34.6051
2026-01-01T15:05:04,db-02,9.1763
2026-01-01T15:05:05,cache-03,10.7731
2026-01-01T15:05:13,lb-01,0.0066
2026-01-01T15:06:38,web-04,0.1853
2026-01-01T15:07:13,web-03,7.0435
2026-01-01T15:07:16,web-01,0.9418
2026-01-01T15:07:19,cache-01,3.3210
2026-01-01T15:07:22,web-03,1.3584
2026-01-01T15:07:48,web-01,3.3382
2026-01-01T15:08:11,cache-01,7.9008
2026-01-01T15:08:43,web-03,4.5889
2026-01-01T15:09:06,lb-02,1.5471
2026-01-01T15:09:24,web-01,2.3621
2026-01-01T15:09:33,hd-02,2.4805
2026-01-01T15:09:35,web-05,0.4726
2026-01-01T15:09:40,net-03,0.9385
2026-01-01T15:10:12,net-04,1.7430
2026-01-01T15:10:19,lb-02,5.8114
2026-01-01T15:10:44,net-01,0.9026
2026-01-01T15:11:21,cache-02,4.4181
2026-01-01T15:12:23,net-04,0.8488
2026-01-01T15:14:14,cache-02,1.1105
2026-01-01T15:14:16,web-03,0.0310
2026-01-01T15:14:59,lb-02,0.0524
2026-01-01T15:15:02,db-02,33.1805
2026-01-01T15:15:03,web-02,0.7850
2026-01-01T15:15:08,lb-02,3.4156
2026-01-01T15:15:39,hd-01,3.5112
2026-01-01T15:15:57,net-01,8.8368
2026-01-01T15:16:26,hd-02,1.8689
2026-01-01T15:16:44,db-03,1.1645
2026-01-01T15:18:13,lb-01,0.1760
2026-01-01T15:19:24,hd-01,0.2906
2026-01-01T15:19:25,lb-01,5.6998
2026-01-01T15:20:00,lb-02,8.1655
2026-01-01T15:20:21,cache-01,9.7873
2026-01-01T15:20:45,lb-01,18.9910
2026-01-01T15:21:09,db-03,3.0093
2026-01-01T15:22:56,cache-03,3.7847
2026-01-01T15:23:19,hd-02,1.5504
2026-01-01T15:23:35,db-03,4.0381
2026-01-01T15:23:55,db-02,0.5861
2026-01-01T15:24:09,db-03,3.2264
2026-01-01T15:24:20,net-04,2.4449
2026-01-01T15:24:27,net-03,0.0596
2026-01-01T15:24:28,cache-03,2.0087
2026-01-01T15:25:26,hd-02,0.6015
2026-01-01T15:26:40,cache-03,1.7928
2026-01-01T15:26:55,hd-01,1.6579
2026-01-01T15:26:58,lb-02,5.9382
2026-01-01T15:27:25,hd-02,0.4562
2026-01-01T15:27:28,db-02,13.6409
2026-01-01T15:27:35,web-02,0.9068
2026-01-01T15:28:17,net-01,0.4782
2026-01-01T15:28:26,lb-02,1.8609
2026-01-01T15:28:33,web-03,3.7229
2026-01-01T15:29:13,cache-01,4.5320
2026-01-01T15:29:45,db-03,0.4468
2026-01-01T15:30:11,lb-01,1.4986
2026-01-01T15:31:15,web-02,0.5393
2026-01-01T15:31:42,net-03,33.9843
2026-01-01T15:32:59,lb-02,1.0577
2026-01-01T15:33:45,lb-02,6.1175
2026-01-01T15:33:48,hd-02,2.1553
2026-01-01T15:34:01,lb-02,5.7768
2026-01-01T15:34:06,cache-01,0.1314
2026-01-01T15:34:55,net-01,1.9661
2026-01-01T15:35:45,hd-02,0.8908
2026-01-01T15:35:57,lb-01,16.9562
2026-01-01T15:36:57,db-01,0.2698
2026-01-01T15:37:17,lb-01,1.5430
2026-01-01T15:37:32,web-05,0.0040
2026-01-01T15:37:44,db-01,0.6008
2026-01-01T15:38:05,db-03,0.9575
2026-01-01T15:38:15,cache-02,35.6815
2026-01-01T15:38:25,cache-01,4.8608
2026-01-01T15:38:51,hd-01,2.6674
2026-01-01T15:39:02,db-02,7.1836
2026-01-01T15:39:06,net-02,2.8599
2026-01-01T15:41:01,hd-02,2.7242
2026-01-01T15:41:14,db-02,11.4121
2026-01-01T15:41:53,db-02,1.5705
2026-01-01T15:42:34,db-01,1.5934
2026-01-01T15:43:05,hd-02,0.8605
2026-01-01T15:43:10,lb-02,8.5028
2026-01-01T15:44:06,hd-01,1.8256
2026-01-01T15:44:55,lb-02,3.3256
2026-01-01T15:44:56,net-04,0.7481
2026-01-01T15:45:41,web-05,0.1250
2026-01-01T15:45:53,lb-02,0.9929
2026-01-01T15:46:09,hd-01,2.9562
2026-01-01T15:46:30,web-05,9.2196
2026-01-01T15:47:09,hd-02,2.1076
2026-01-01T15:47:20,net-03,0.3343
2026-01-01T15:48:03,lb-01,0.8298
2026-01-01T15:48:09,web-02,0.8205
2026-01-01T15:48:21,hd-01,0.1172
2026-01-01T15:49:14,web-02,4.3504
2026-01-01T15:49:29,cache-01,0.2380
2026-01-01T15:49:39,cache-02,15.3590
2026-01-01T15:51:05,cache-03,1.0995
2026-01-01T15:51:35,lb-02,11.6974
2026-01-01T15:51:45,hd-02,4.5989
2026-01-01T15:51:57,hd-01,11.6041
2026-01-01T15:54:39,db-01,0.1251
2026-01-01T15:55:31,lb-01,5.8272
2026-01-01T15:55:32,hd-01,0.1095
2026-01-01T15:56:17,web-04,9.1868
2026-01-01T15:56:41,net-02,0.3932
2026-01-01T15:58:25,db-03,3.3076
2026-01-01T16:00:45,db-03,0.0582
2026-01-01T16:01:04,net-01,8.4382
2026-01-01T16:01:18,net-04,1.3088
2026-01-01T16:01:23,web-01,2.3310
2026-01-01T16:01:24,web-05,1.7946
2026-01-01T16:02:46,hd-02,0.1787
2026-01-01T16:02:59,lb-02,12.5405
2026-01-01T16:03:32,hd-02,2.1176
2026-01-01T16:04:13,net-03,1.6197
2026-01-01T16:04:16,cache-03,0.8554
2026-01-01T16:04:37,hd-02,1.9619
2026-01-01T16:04:58,hd-02,3.1331
2026-01-01T16:05:11,cache-03,0.6165
2026-01-01T16:05:19,web-02,2.5506
2026-01-01T16:05:44,web-05,3.6112
2026-01-01T16:06:28,net-01,7.0377
2026-01-01T16:06:36,db-01,2.5197
2026-01-01T16:06:55,lb-02,9.8265
2026-01-01T16:08:08,net-03,0.2892
2026-01-01T16:08:37,web-04,0.4646
2026-01-01T16:08:40,net-04,0.5317
2026-01-01T16:08:48,db-03,3.5460
2026-01-01T16:09:54,cache-03,1.8281
2026-01-01T16:09:57,web-02,0.8840
2026-01-01T16:10:00,web-05,1.4155
2026-01-01T16:10:38,db-02,0.1144
2026-01-01T16:10:55,lb-01,7.5397
2026-01-01T16:11:25,cache-01,0.0858
2026-01-01T16:11:53,cache-02,2.1941
2026-01-01T16:12:06,cache-01,0.3304
2026-01-01T16:13:15,cache-02,5.0445
2026-01-01T16:13:22,hd-02,0.1459
2026-01-01T16:14:11,net-03,5.4018
2026-01-01T16:14:24,net-04,0.1860
2026-01-01T16:14:31,net-01,1.2704
2026-01-01T16:15:38,lb-02,9.9923
2026-01-01T16:16:01,lb-02,1.1329
2026-01-01T16:16:32,hd-02,8.8199
2026-01-01T16:17:37,web-04,0.1880
2026-01-01T16:18:30,net-04,11.5692
2026-01-01T16:18:47,net-02,4.5822
2026-01-01T16:19:15,net-02,1.9658
2026-01-01T16:19:17,lb-02,4.0842
2026-01-01T16:19:46,db-02,14.7688
2026-01-01T16:21:00,lb-01,0.0991
2026-01-01T16:21:22,hd-02,0.0664
2026-01-01T16:21:50,web-02,7.7776
2026-01-01T16:22:08,hd-01,7.8013
2026-01-01T16:22:47,cache-01,0.0340
2026-01-01T16:22:58,db-03,8.7218
2026-01-01T16:23:01,net-04,1.0301
2026-01-01T16:23:23,lb-01,0.5023
2026-01-01T16:24:12,cache-02,4.8911
2026-01-01T16:24:21,hd-01,21.7896
2026-01-01T16:25:47,web-05,2.4746
2026-01-01T16:26:15,db-01,0.1593
2026-01-01T16:26:16,cache-02,3.3995
2026-01-01T16:26:23,lb-02,0.2241
2026-01-01T16:26:52,web-03,0.8444
2026-01-01T16:27:15,db-01,0.6979
2026-01-01T16:27:41,web-01,3.7041
2026-01-01T16:28:34,hd-02,0.7617
2026-01-01T16:28:35,hd-01,7.6902
2026-01-01T16:30:07,db-02,1.4377
2026-01-01T16:30:16,web-05,4.5760
2026-01-01T16:30:21,lb-01,11.8639
2026-01-01T16:30:42,net-04,3.3192
2026-01-01T16:30:54,db-02,1.2631
2026-01-01T16:32:05,lb-02,0.6919
2026-01-01T16:32:08,cache-02,1.7563
2026-01-01T16:32:34,cache-03,8.3690
2026-01-01T16:33:15,db-02,2.0353
2026-01-01T16:33:33,net-03,0.8146
2026-01-01T16:34:02,cache-01,31.1982
2026-01-01T16:34:32,web-04,0.6079
2026-01-01T16:34:33,cache-01,0.6210
2026-01-01T16:34:46,db-01,37.0329
2026-01-01T16:34:54,db-02,2.5164
2026-01-01T16:35:03,db-02,4.3169
2026-01-01T16:35:07,lb-02,1.3645
2026-01-01T16:37:15,web-02,1.5567
2026-01-01T16:38:46,lb-02,53.8787
2026-01-01T16:39:05,db-02,3.5506
2026-01-01T16:39:13,hd-02,1.6105
2026-01-01T16:39:32,web-05,1.7168
2026-01-01T16:39:40,net-04,2.1512
2026-01-01T16:40:17,hd-02,3.1486
2026-01-01T16:40:46,cache-02,1.2156
2026-01-01T16:40:50,net-03,3.4207
2026-01-01T16:41:32,net-04,4.0924
2026-01-01T16:41:34,hd-02,1.6912
2026-01-01T16:42:00,net-02,0.3342
2026-01-01T16:42:49,lb-02,8.2888
2026-01-01T16:43:13,db-02,3.1397
2026-01-01T16:45:00,net-04,1.8586
2026-01-01T16:45:23,cache-03,3.1178
2026-01-01T16:45:59,cache-03,0.0275
2026-01-01T16:47:24,db-01,2.3547
2026-01-01T16:47:53,db-01,0.6971
2026-01-01T16:48:05,net-01,2.5409
2026-01-01T16:48:14,net-03,8.3028
2026-01-01T16:48:23,lb-01,2.9965
2026-01-01T16:48:46,hd-02,0.9563
2026-01-01T16:48:48,net-02,1.7896
2026-01-01T16:49:00,web-04,7.3856
2026-01-01T16:49:27,db-03,4.0870
2026-01-01T16:50:04,hd-02,3.0203
2026-01-01T16:50:48,db-03,1.1199
2026-01-01T16:52:02,hd-02,18.7852
2026-01-01T16:52:03,hd-01,1.3182
2026-01-01T16:53:18,cache-01,2.8380
2026-01-01T16:53:41,cache-01,2.1496
2026-01-01T16:54:13,hd-01,2.1373
2026-01-01T16:55:17,cache-01,6.3643
2026-01-01T16:55:20,hd-01,0.5992
2026-01-01T16:55:28,web-02,1.1901
2026-01-01T16:56:07,web-05,6.9931
2026-01-01T16:56:21,cache-01,1.0809
2026-01-01T16:57:16,cache-03,0.7989
2026-01-01T16:57:18,lb-02,0.0601
2026-01-01T16:57:42,db-02,1.3885
2026-01-01T16:58:36,net-01,0.6585
2026-01-01T16:58:59,db-03,6.6590
2026-01-01T16:59:18,db-01,3.0182
2026-01-01T16:59:18,net-02,0.5269
2026-01-01T17:00:31,lb-01,1.1449
2026-01-01T17:01:27,net-04,8.2107
2026-01-01T17:01:32,hd-02,1.4387
2026-01-01T17:02:03,hd-01,0.0459
2026-01-01T17:02:09,cache-02,0.2419
2026-01-01T17:02:10,db-01,0.7632
2026-01-01T17:02:18,cache-03,0.2255
2026-01-01T17:02:40,cache-03,0.5898
2026-01-01T17:02:56,cache-01,4.2072
2026-01-01T17:03:55,net-04,2.2343
2026-01-01T17:04:12,web-04,0.0345
2026-01-01T17:05:04,cache-01,0.7111
2026-01-01T17:05:59,web-01,6.7676
2026-01-01T17:06:48,cache-03,0.6341
2026-01-01T17:09:31,db-03,1.0194
2026-01-01T17:09:52,web-05,1.4893
2026-01-01T17:09:57,net-04,1.9725
2026-01-01T17:10:41,lb-02,1.3393
2026-01-01T17:10:55,net-03,27.7776
2026-01-01T17:10:57,cache-01,0.8295
2026-01-01T17:10:57,web-03,0.5165
2026-01-01T17:11:54,net-02,0.4380
2026-01-01T17:11:59,web-01,1.1223
2026-01-01T17:13:56,net-04,19.8133
2026-01-01T17:14:31,cache-02,1.7652
2026-01-01T17:14:47,cache-03,0.3484
2026-01-01T17:15:47,net-02,3.6078
2026-01-01T17:15:57,web-04,1.2280
2026-01-01T17:17:03,cache-02,2.2163
2026-01-01T17:17:35,web-05,13.1084
2026-01-01T17:18:15,net-03,0.3356
2026-01-01T17:20:09,hd-01,1.1015
2026-01-01T17:21:21,lb-01,6.5993
2026-01-01T17:21:33,hd-01,2.9185
2026-01-01T17:21:42,net-03,0.5621
2026-01-01T17:21:48,net-01,0.0707
2026-01-01T17:21:59,db-03,0.2162
2026-01-01T17:22:04,web-05,21.6484
2026-01-01T17:22:18,lb-01,38.1539
2026-01-01T17:23:18,web-05,3.0700
2026-01-01T17:23:27,web-02,4.7145
2026-01-01T17:23:39,lb-02,0.4359
2026-01-01T17:24:25,web-01,0.7149
2026-01-01T17:27:07,lb-01,3.7460
2026-01-01T17:27:22,db-03,3.5967
2026-01-01T17:27:46,db-03,0.2157
2026-01-01T17:28:23,db-02,3.2994
2026-01-01T17:28:41,cache-03,16.8216
2026-01-01T17:28:42,net-03,6.8909
2026-01-01T17:28:53,web-04,0.3526
2026-01-01T17:29:13,net-03,4.1638
2026-01-01T17:29:18,cache-01,0.9988
2026-01-01T17:29:24,net-02,4.3645
2026-01-01T17:29:50,db-03,1.2027
2026-01-01T17:31:00,hd-02,0.3001
2026-01-01T17:31:28,cache-02,2.6977
2026-01-01T17:31:28,db-01,1.0896
2026-01-01T17:32:51,net-04,8.1603
2026-01-01T17:33:13,db-03,4.3811
2026-01-01T17:33:28,lb-02,0.0901
2026-01-01T17:33:30,hd-02,0.8672
2026-01-01T17:33:40,lb-02,5.1103
2026-01-01T17:34:13,web-03,1.1341
2026-01-01T17:35:07,lb-02,0.9445
2026-01-01T17:35:34,hd-02,1.5595
2026-01-01T17:35:42,lb-02,0.9486
2026-01-01T17:35:43,hd-01,0.1996
2026-01-01T17:35:43,hd-01,0.8683
2026-01-01T17:35:47,web-02,0.4505
2026-01-01T17:35:52,lb-02,0.0281
2026-01-01T17:35:55,hd-02,2.1572
2026-01-01T17:36:00,db-02,0.9940
2026-01-01T17:36:42,cache-01,0.2791
2026-01-01T17:37:46,web-01,0.5844
2026-01-01T17:38:01,net-01,1.7375
2026-01-01T17:38:16,cache-03,2.7671
2026-01-01T17:38:24,net-03,1.9660
2026-01-01T17:40:02,hd-02,5.4654
2026-01-01T17:40:13,net-02,3.4757
2026-01-01T17:40:37,lb-02,3.6314
2026-01-01T17:40:38,net-04,0.7606
2026-01-01T17:40:41,web-01,0.5576
2026-01-01T17:40:49,db-02,1.6487
2026-01-01T17:41:19,net-03,15.3943
2026-01-01T17:41:36,net-02,1.8191
2026-01-01T17:42:46,lb-01,4.6785
2026-01-01T17:42:57,hd-02,1.5466
2026-01-01T17:43:33,cache-02,2.7162
2026-01-01T17:43:56,net-03,3.8696
2026-01-01T17:44:03,web-04,15.1668
2026-01-01T17:45:10,cache-03,0.2323
2026-01-01T17:45:20,web-05,0.4274
2026-01-01T17:45:24,net-01,2.2030
2026-01-01T17:46:59,net-02,4.5793
2026-01-01T17:47:17,web-05,0.6240
2026-01-01T17:48:04,hd-02,3.6658
2026-01-01T17:48:26,lb-02,4.4785
2026-01-01T17:48:31,net-04,1.2284
2026-01-01T17:48:50,db-02,1.4681
2026-01-01T17:49:07,web-03,1.9982
2026-01-01T17:50:03,hd-01,0.9478
2026-01-01T17:50:45,db-03,0.2076
2026-01-01T17:50:52,db-01,22.0032
2026-01-01T17:51:51,hd-02,0.5567
2026-01-01T17:52:34,lb-02,11.6388
2026-01-01T17:53:23,net-04,5.1695
2026-01-01T17:54:11,hd-02,2.2171
2026-01-01T17:54:14,net-02,5.6128
2026-01-01T17:54:21,net-02,2.0875
2026-01-01T17:55:00,db-01,0.8962
2026-01-01T17:55:07,net-01,6.2209
2026-01-01T17:55:12,cache-03,0.8767
2026-01-01T17:55:25,lb-01,6.1195
2026-01-01T17:56:39,net-01,0.1262
2026-01-01T17:57:07,web-02,0.2902
2026-01-01T17:57:33,db-02,2.4518
2026-01-01T17:57:48,hd-01,29.8873
2026-01-01T17:57:49,net-04,1.9952
2026-01-01T17:58:20,db-02,23.5200
2026-01-01T17:59:30,hd-01,2.3485
2026-01-01T18:00:52,db-02,0.8794
2026-01-01T18:01:28,lb-01,0.3862
2026-01-01T18:01:35,lb-02,3.6909
2026-01-01T18:01:49,hd-02,0.1179
2026-01-01T18:02:47,web-02,4.5905
2026-01-01T18:02:54,net-02,1.0993
2026-01-01T18:03:09,net-01,1.9544
2026-01-01T18:03:13,lb-02,1.6814
2026-01-01T18:03:25,lb-02,1.0716
2026-01-01T18:03:34,cache-01,0.5192
2026-01-01T18:03:55,net-02,1.3186
2026-01-01T18:04:14,net-03,1.2225
2026-01-01T18:04:15,cache-01,43.8374
2026-01-01T18:04:19,net-02,9.3314
2026-01-01T18:05:36,db-02,0.7466
2026-01-01T18:05:38,db-01,0.8921
2026-01-01T18:06:50,cache-03,2.5001
2026-01-01T18:07:21,cache-02,1.7395
2026-01-01T18:07:36,cache-01,0.8665
2026-01-01T18:08:07,db-03,0.1192
2026-01-01T18:08:48,net-04,4.3717
2026-01-01T18:09:05,web-02,0.8351
2026-01-01T18:09:06,cache-01,2.0102
2026-01-01T18:09:20,cache-01,4.4058
2026-01-01T18:09:41,lb-01,2.4922
2026-01-01T18:09:50,web-03,85.0795
2026-01-01T18:11:28,lb-02,1.5985
2026-01-01T18:11:52,db-01,21.8734
2026-01-01T18:12:51,hd-02,2.6788
2026-01-01T18:12:52,hd-02,8.2436
2026-01-01T18:13:29,cache-01,3.3948
2026-01-01T18:13:46,web-04,3.1012
2026-01-01T18:13:51,net-03,1.5825
2026-01-01T18:14:22,web-03,9.1821
2026-01-01T18:14:40,cache-02,0.7017
2026-01-01T18:14:53,cache-03,1.4288
2026-01-01T18:15:02,net-01,2.4153
2026-01-01T18:15:10,hd-01,8.1852
2026-01-01T18:16:16,web-03,2.8291
2026-01-01T18:16:24,cache-01,6.0738
2026-01-01T18:16:46,hd-01,1.8274
2026-01-01T18:17:11,lb-02,22.0988
2026-01-01T18:17:48,net-01,17.3461
2026-01-01T18:17:53,net-02,19.0633
2026-01-01T18:17:56,db-03,0.9420
2026-01-01T18:18:07,lb-01,7.5379
2026-01-01T18:18:25,db-01,5.2314
2026-01-01T18:18:58,db-02,12.9282
2026-01-01T18:19:55,hd-02,0.1522
2026-01-01T18:20:49,hd-01,25.4678
2026-01-01T18:21:44,net-01,1.0340
2026-01-01T18:22:07,web-03,7.2228
2026-01-01T18:22:08,web-03,20.1863
2026-01-01T18:24:05,lb-02,19.5457
2026-01-01T18:25:05,cache-03,6.0514
2026-01-01T18:25:09,web-01,0.1187
2026-01-01T18:25:23,db-03,0.6819
2026-01-01T18:25:33,web-05,6.8718
2026-01-01T18:25:40,net-04,1.5896
2026-01-01T18:26:03,hd-01,1.9637
2026-01-01T18:26:15,hd-02,0.2946
2026-01-01T18:27:14,cache-03,2.5051
2026-01-01T18:27:24,net-02,1.0082
2026-01-01T18:27:40,web-01,0.6341
2026-01-01T18:27:48,lb-01,0.8390
2026-01-01T18:28:04,net-03,10.2702
2026-01-01T18:28:26,web-02,0.6396
2026-01-01T18:29:58,cache-01,1.8461
2026-01-01T18:30:11,net-02,2.2327
2026-01-01T18:31:06,db-02,0.0808
2026-01-01T18:32:33,cache-01,0.4503
2026-01-01T18:33:03,cache-01,0.8984
2026-01-01T18:33:39,net-02,7.4739
2026-01-01T18:33:45,hd-02,0.0841
2026-01-01T18:34:01,web-01,2.6747
2026-01-01T18:34:11,lb-01,15.3938
2026-01-01T18:34:39,db-01,1.5477
2026-01-01T18:34:55,net-03,7.6531
2026-01-01T18:35:05,lb-02,1.0931
2026-01-01T18:35:42,web-02,0.2350
2026-01-01T18:35:51,cache-01,0.6010
2026-01-01T18:36:15,web-01,1.1810
2026-01-01T18:36:26,cache-01,6.4174
2026-01-01T18:37:45,hd-02,1.2834
2026-01-01T18:37:50,net-02,0.5361
2026-01-01T18:39:42,web-02,3.5850
2026-01-01T18:40:12,lb-01,0.3278
2026-01-01T18:42:16,lb-02,0.5333
2026-01-01T18:42:18,hd-02,1.5343
2026-01-01T18:42:35,web-01,0.2600
2026-01-01T18:43:02,cache-02,1.3338
2026-01-01T18:43:10,lb-02,1.2148
2026-01-01T18:43:29,web-01,2.9394
2026-01-01T18:43:38,web-03,4.5653
2026-01-01T18:44:23,cache-02,3.4229
2026-01-01T18:44:29,hd-02,4.6360
2026-01-01T18:45:35,web-05,0.0169
2026-01-01T18:45:57,hd-01,1.2068
2026-01-01T18:46:36,db-03,1.1158
2026-01-01T18:47:08,net-04,1.9762
2026-01-01T18:47:28,cache-03,0.7745
2026-01-01T18:48:12,hd-02,0.9160
2026-01-01T18:48:23,net-02,4.6338
2026-01-01T18:48:51,web-04,0.5915
2026-01-01T18:51:11,db-02,1.9624
2026-01-01T18:51:57,db-01,10.7840
2026-01-01T18:52:12,web-04,7.4989
2026-01-01T18:52:59,cache-03,1.0088
2026-01-01T18:54:36,lb-02,1.5234
2026-01-01T18:54:49,cache-01,1.8174
2026-01-01T18:55:16,hd-02,5.9705
2026-01-01T18:56:03,web-05,4.8708
2026-01-01T18:56:54,cache-02,0.9148
2026-01-01T18:57:17,net-02,0.2812
2026-01-01T18:57:21,cache-02,1.3400
2026-01-01T18:58:02,db-01,0.2696
2026-01-01T18:58:22,net-04,4.7849
2026-01-01T18:58:25,db-03,0.6251
2026-01-01T18:59:08,db-02,2.5306
2026-01-01T18:59:12,net-02,0.3226
2026-01-01T18:59:16,db-02,1.6638
2026-01-01T18:59:20,cache-03,2.0348
2026-01-01T18:59:48,cache-01,1.1203
2026-01-01T19:00:03,net-01,2.7632
2026-01-01T19:00:16,db-02,9.7879
2026-01-01T19:00:19,cache-02,0.3630
2026-01-01T19:00:46,net-04,3.9679
2026-01-01T19:01:17,hd-01,1.1888
2026-01-01T19:01:24,db-01,0.7057
2026-01-01T19:01:29,hd-02,0.3115
2026-01-01T19:02:20,cache-01,1.4425
2026-01-01T19:03:05,hd-02,2.5652
2026-01-01T19:03:15,cache-02,5.5407
2026-01-01T19:03:28,net-03,0.5981
2026-01-01T19:03:48,lb-02,4.3479
2026-01-01T19:03:50,net-02,0.6097
2026-01-01T19:03:55,net-04,1.3405
2026-01-01T19:04:06,hd-01,2.1097
2026-01-01T19:04:10,net-04,12.5894
2026-01-01T19:05:37,web-02,0.0873
2026-01-01T19:06:26,cache-02,1.1459
2026-01-01T19:06:47,net-04,4.0019
2026-01-01T19:07:37,db-01,2.1462
2026-01-01T19:07:53,net-04,1.0319
2026-01-01T19:08:40,db-03,0.6947
2026-01-01T19:09:05,db-03,3.6306
2026-01-01T19:09:36,web-03,0.1401
2026-01-01T19:10:40,cache-03,2.8948
2026-01-01T19:10:52,cache-03,2.3848
2026-01-01T19:10:56,db-03,5.3711
2026-01-01T19:11:10,lb-01,2.6903
2026-01-01T19:11:37,cache-02,0.6703
2026-01-01T19:11:45,hd-02,3.2747
2026-01-01T19:12:10,cache-03,0.1474
2026-01-01T19:13:06,hd-01,1.2817
2026-01-01T19:13:35,cache-02,2.6879
2026-01-01T19:14:13,web-02,1.9001
2026-01-01T19:14:33,hd-01,3.1367
2026-01-01T19:14:36,net-03,6.6052
2026-01-01T19:16:14,web-04,4.5196
2026-01-01T19:16:35,hd-02,2.7985
2026-01-01T19:16:52,hd-02,0.0672
2026-01-01T19:17:07,web-03,0.0487
2026-01-01T19:17:12,cache-01,2.3110
2026-01-01T19:17:15,web-05,4.8322
2026-01-01T19:17:19,web-02,0.7997
2026-01-01T19:17:46,lb-01,1.1605
2026-01-01T19:18:22,lb-01,7.8325
2026-01-01T19:19:01,db-02,1.1879
2026-01-01T19:19:08,web-05,0.7584
2026-01-01T19:19:45,hd-01,0.1564
2026-01-01T19:19:53,hd-02,0.0570
2026-01-01T19:21:52,hd-02,2.5696
2026-01-01T19:22:05,hd-01,2.3017
2026-01-01T19:22:09,lb-02,1.2091
2026-01-01T19:22:18,net-01,1.0251
2026-01-01T19:22:19,cache-02,7.6139
2026-01-01T19:22:48,db-03,8.1285
2026-01-01T19:23:01,cache-01,2.0324
2026-01-01T19:23:19,lb-02,0.0929
2026-01-01T19:23:59,hd-01,1.8248
2026-01-01T19:24:25,cache-03,0.5537
2026-01-01T19:24:48,hd-01,1.6597
2026-01-01T19:25:29,lb-01,2.9538
2026-01-01T19:30:05,db-03,9.5893
2026-01-01T19:31:42,net-03,1.5938
2026-01-01T19:32:18,net-02,2.1823
2026-01-01T19:32:20,lb-02,3.9048
2026-01-01T19:32:21,hd-02,0.9012
2026-01-01T19:33:27,web-01,0.0331
2026-01-01T19:33:35,hd-01,1.0924
2026-01-01T19:35:30,cache-02,3.4653
2026-01-01T19:35:37,db-01,0.3799
2026-01-01T19:36:06,cache-02,19.0308
2026-01-01T19:37:23,lb-01,1.2916
2026-01-01T19:39:35,net-04,4.8554
2026-01-01T19:40:00,db-02,10.4826
2026-01-01T19:40:18,cache-03,3.0437
2026-01-01T19:40:30,lb-01,0.8008
2026-01-01T19:42:37,web-02,6.3349
2026-01-01T19:43:14,cache-03,2.2181
2026-01-01T19:43:50,cache-01,0.3293
2026-01-01T19:44:14,net-04,2.9469
2026-01-01T19:44:29,cache-03,5.7800
2026-01-01T19:44:31,web-02,7.6556
2026-01-01T19:44:38,hd-01,4.0084
2026-01-01T19:44:44,web-04,1.3028
2026-01-01T19:44:45,db-02,0.0477
2026-01-01T19:45:17,lb-01,0.3427
2026-01-01T19:45:20,net-04,2.2351
2026-01-01T19:45:23,hd-02,1.7412
2026-01-01T19:46:34,hd-02,6.7593
2026-01-01T19:47:34,hd-01,3.1908
2026-01-01T19:47:52,net-03,2.8665
2026-01-01T19:48:17,cache-01,6.3586
2026-01-01T19:48:23,net-04,0.7268
2026-01-01T19:49:37,web-02,2.6424
2026-01-01T19:50:31,db-03,4.7690
2026-01-01T19:50:50,cache-01,0.5831
2026-01-01T19:51:14,lb-02,0.8469
2026-01-01T19:51:56,web-05,0.6704
2026-01-01T19:52:15,lb-01,3.3280
2026-01-01T19:53:00,web-05,5.6045
2026-01-01T19:53:17,cache-03,1.6725
2026-01-01T19:53:26,cache-01,10.6517
2026-01-01T19:55:19,web-01,3.8401
2026-01-01T19:55:24,lb-02,0.2542
2026-01-01T19:55:33,db-02,0.5794
2026-01-01T19:56:00,hd-01,2.7274
2026-01-01T19:56:25,net-01,2.4753
2026-01-01T19:56:45,lb-02,1.5812
2026-01-01T19:57:08,db-01,0.6815
2026-01-01T19:57:55,net-03,2.4954
2026-01-01T19:58:33,db-02,1.3378
2026-01-01T19:58:53,db-02,0.3119
2026-01-01T19:59:33,net-03,6.7789
2026-01-01T20:00:26,lb-02,15.6293
2026-01-01T20:01:02,net-02,2.7006
2026-01-01T20:01:06,cache-03,2.9398
2026-01-01T20:03:34,hd-01,1.7827
2026-01-01T20:03:54,db-03,0.1554
2026-01-01T20:04:06,net-03,3.4103
2026-01-01T20:05:02,hd-01,2.3518
2026-01-01T20:06:21,lb-01,1.7076
2026-01-01T20:06:23,web-05,2.3608
2026-01-01T20:07:13,db-03,0.7087
2026-01-01T20:07:53,hd-02,1.5512
2026-01-01T20:08:09,cache-03,2.3117
2026-01-01T20:08:22,db-03,4.3132
2026-01-01T20:08:53,cache-01,9.1287
2026-01-01T20:09:02,db-01,12.4440
2026-01-01T20:09:04,lb-02,0.4523
2026-01-01T20:10:25,lb-01,2.4468
2026-01-01T20:10:36,web-04,3.0791
2026-01-01T20:10:46,cache-03,2.2402
2026-01-01T20:10:48,net-04,0.2742
2026-01-01T20:10:51,lb-02,1.1745
2026-01-01T20:11:28,net-02,0.8887
2026-01-01T20:13:37,web-03,7.5051
2026-01-01T20:13:41,db-01,1.2671
2026-01-01T20:14:05,web-02,11.7855
2026-01-01T20:15:09,lb-01,1.9924
2026-01-01T20:15:17,hd-02,1.2684
2026-01-01T20:15:53,hd-01,3.3119
2026-01-01T20:17:15,db-01,5.5749
2026-01-01T20:17:23,net-03,12.0479
2026-01-01T20:17:34,lb-02,5.7005
2026-01-01T20:17:51,hd-01,2.1812
2026-01-01T20:20:04,db-03,1.8007
2026-01-01T20:20:40,net-02,0.3868
2026-01-01T20:20:46,lb-01,2.6516
2026-01-01T20:21:08,web-03,0.4847
2026-01-01T20:21:11,cache-02,13.8458
2026-01-01T20:21:26,hd-02,14.1542
2026-01-01T20:22:05,cache-02,7.8516
2026-01-01T20:23:26,db-03,5.9600
2026-01-01T20:23:33,cache-01,1.0980
2026-01-01T20:25:35,db-02,17.9582
2026-01-01T20:26:05,web-05,5.5912
2026-01-01T20:26:20,db-01,0.9245
2026-01-01T20:26:27,cache-02,7.0799
2026-01-01T20:26:44,hd-01,3.2684
2026-01-01T20:27:18,lb-01,12.2934
2026-01-01T20:27:44,hd-02,3.8975
2026-01-01T20:28:07,cache-02,3.9806
2026-01-01T20:28:11,db-01,1.7911
2026-01-01T20:28:36,net-01,1.8455
2026-01-01T20:29:14,lb-02,1.0556
2026-01-01T20:29:53,cache-01,1.3217
2026-01-01T20:30:00,db-02,6.6673
2026-01-01T20:30:56,net-04,3.1761
2026-01-01T20:31:05,lb-01,6.4993
2026-01-01T20:31:37,cache-01,12.0241
2026-01-01T20:32:09,db-03,6.4959
2026-01-01T20:32:11,lb-02,0.1986
2026-01-01T20:32:27,cache-01,8.1887
2026-01-01T20:32:48,hd-02,6.5799
2026-01-01T20:33:10,db-03,0.0046
2026-01-01T20:33:44,cache-02,2.6535
2026-01-01T20:33:58,web-02,0.0083
2026-01-01T20:35:25,hd-01,1.1482
2026-01-01T20:36:13,hd-01,3.5271
2026-01-01T20:36:55,hd-01,3.2718
2026-01-01T20:37:19,db-02,3.5744
2026-01-01T20:38:22,hd-02,0.3581
2026-01-01T20:38:31,hd-01,7.1710
2026-01-01T20:38:43,lb-01,1.9048
2026-01-01T20:38:51,lb-01,4.8351
2026-01-01T20:39:33,db-02,0.3617
2026-01-01T20:39:37,cache-03,2.9682
2026-01-01T20:40:01,web-05,14.6715
2026-01-01T20:40:37,cache-03,14.3177
2026-01-01T20:40:51,lb-01,10.2928
2026-01-01T20:41:24,net-04,3.4148
2026-01-01T20:42:53,db-02,0.2656
2026-01-01T20:43:00,cache-03,0.3600
2026-01-01T20:43:02,hd-01,1.0029
2026-01-01T20:44:26,web-01,0.8251
2026-01-01T20:44:30,web-05,2.1986
2026-01-01T20:44:58,net-02,0.0646
2026-01-01T20:45:00,web-02,0.6814
2026-01-01T20:45:03,hd-02,1.5612
2026-01-01T20:45:09,lb-01,1.1999
2026-01-01T20:46:15,db-01,3.0290
2026-01-01T20:46:37,web-02,2.5665
2026-01-01T20:46:46,web-02,0.3746
2026-01-01T20:46:49,lb-02,3.6164
2026-01-01T20:47:10,net-03,0.2773
2026-01-01T20:48:19,db-03,0.7433
2026-01-01T20:48:28,hd-01,0.3057
2026-01-01T20:50:29,hd-02,0.7439
2026-01-01T20:50:50,hd-01,1.8680
2026-01-01T20:51:33,web-05,15.1790
2026-01-01T20:51:34,net-02,1.2871
2026-01-01T20:52:25,web-04,4.5242
2026-01-01T20:52:26,web-05,0.3744
2026-01-01T20:53:20,hd-02,3.8956
2026-01-01T20:53:20,web-02,0.6115
2026-01-01T20:53:33,cache-03,3.0372
2026-01-01T20:54:00,lb-02,0.9959
2026-01-01T20:54:26,cache-01,0.1892
2026-01-01T20:54:33,lb-01,2.2317
2026-01-01T20:55:22,db-02,1.5868
2026-01-01T20:55:58,cache-01,2.5568
2026-01-01T20:57:05,db-01,5.8578
2026-01-01T20:58:51,db-01,1.5351
2026-01-01T20:59:08,hd-01,2.7562
2026-01-01T20:59:18,hd-02,2.1903
2026-01-01T20:59:37,cache-03,2.8482
2026-01-01T20:59:41,hd-01,2.7038
2026-01-01T20:59:48,net-04,0.8320
2026-01-01T20:59:56,net-03,0.3750
2026-01-01T21:00:01,web-02,1.4198
2026-01-01T21:00:17,hd-01,5.1393
2026-01-01T21:01:27,lb-02,1.8459
2026-01-01T21:01:50,net-03,23.9179
2026-01-01T21:03:04,net-01,1.6061
2026-01-01T21:03:06,hd-02,0.9095
2026-01-01T21:03:17,cache-03,0.9946
2026-01-01T21:03:37,net-02,27.9984
2026-01-01T21:03:50,hd-01,0.2324
2026-01-01T21:04:03,web-02,3.8343
2026-01-01T21:04:22,db-02,3.7545
2026-01-01T21:05:25,net-01,0.0353
2026-01-01T21:07:05,lb-02,14.1975
2026-01-01T21:07:35,net-03,2.1393
2026-01-01T21:07:56,cache-01,1.6477
2026-01-01T21:08:18,net-04,1.9401
2026-01-01T21:09:08,db-01,0.2610
2026-01-01T21:10:12,net-03,1.4373
2026-01-01T21:10:49,net-02,0.1325
2026-01-01T21:10:58,hd-01,0.0888
2026-01-01T21:11:13,hd-02,0.5144
2026-01-01T21:11:22,hd-01,3.4617
2026-01-01T21:11:55,lb-01,0.6128
2026-01-01T21:12:05,db-03,6.6288
2026-01-01T21:12:07,cache-01,26.3520
2026-01-01T21:13:35,hd-01,2.8004
2026-01-01T21:13:48,net-01,0.5736
2026-01-01T21:13:51,lb-01,0.4812
2026-01-01T21:15:07,cache-01,0.2557
2026-01-01T21:16:07,db-02,1.4715
2026-01-01T21:16:41,cache-02,6.7434
2026-01-01T21:16:56,lb-01,0.3964
2026-01-01T21:17:18,hd-02,40.2125
2026-01-01T21:17:51,db-03,1.8591
2026-01-01T21:17:51,lb-01,1.5803
2026-01-01T21:17:53,lb-01,0.3750
2026-01-01T21:18:14,net-03,10.4891
2026-01-01T21:18:39,lb-01,3.0908
2026-01-01T21:18:46,lb-01,2.0473
2026-01-01T21:19:50,db-01,1.3312
2026-01-01T21:19:57,hd-01,0.4732
2026-01-01T21:20:16,db-02,2.4684
2026-01-01T21:21:15,lb-01,1.9797
2026-01-01T21:24:01,lb-02,0.1367
2026-01-01T21:26:26,db-03,3.5195
2026-01-01T21:27:01,db-02,0.8713
2026-01-01T21:27:25,hd-01,3.5990
2026-01-01T21:27:29,cache-03,1.4669
2026-01-01T21:28:24,cache-01,0.0422
2026-01-01T21:29:18,hd-02,1.3255
2026-01-01T21:29:49,hd-02,3.5950
2026-01-01T21:30:20,db-02,0.1954
2026-01-01T21:30:59,hd-01,10.6051
2026-01-01T21:31:01,lb-01,1.2398
2026-01-01T21:31:04,db-01,1.7415
2026-01-01T21:31:07,hd-01,20.8322
2026-01-01T21:34:16,cache-01,0.7591
2026-01-01T21:34:17,web-04,8.9819
2026-01-01T21:34:26,db-02,6.7565
2026-01-01T21:34:35,lb-02,4.2564
2026-01-01T21:34:39,web-01,12.2136
2026-01-01T21:35:17,db-02,2.7377
2026-01-01T21:35:44,net-01,9.6920
2026-01-01T21:36:39,cache-02,6.4132
2026-01-01T21:37:23,db-02,0.0726
2026-01-01T21:38:12,db-02,1.4045
2026-01-01T21:38:54,lb-02,0.4875
2026-01-01T21:39:23,cache-03,3.3411
2026-01-01T21:42:29,db-03,1.5396
2026-01-01T21:44:32,lb-02,0.2046
2026-01-01T21:44:38,lb-02,1.4006
2026-01-01T21:44:44,lb-01,2.5754
2026-01-01T21:44:46,hd-02,1.4534
2026-01-01T21:46:14,cache-03,4.3431
2026-01-01T21:46:18,lb-01,6.3562
2026-01-01T21:46:50,web-05,1.0598
2026-01-01T21:46:59,net-03,0.4109
2026-01-01T21:47:24,web-03,1.1923
2026-01-01T21:48:04,web-04,0.7394
2026-01-01T21:48:17,db-01,0.4196
2026-01-01T21:48:52,hd-02,1.8524
2026-01-01T21:49:02,cache-03,22.1174
2026-01-01T21:50:01,cache-03,36.5068
2026-01-01T21:51:20,cache-02,0.5305
2026-01-01T21:51:29,web-01,0.9421
2026-01-01T21:52:31,web-02,7.8465
2026-01-01T21:53:20,db-01,1.2445
2026-01-01T21:53:26,cache-01,3.0093
2026-01-01T21:53:32,db-02,14.2532
2026-01-01T21:53:33,net-04,1.3475
2026-01-01T21:54:31,lb-01,0.9060
2026-01-01T21:54:45,net-02,2.5675
2026-01-01T21:54:51,net-02,0.6466
2026-01-01T21:55:26,db-03,9.9669
2026-01-01T21:55:45,web-03,3.3517
2026-01-01T21:55:51,hd-01,0.3644
2026-01-01T21:55:52,net-03,0.4581
2026-01-01T21:56:44,web-02,3.2342
2026-01-01T21:58:15,web-01,1.8612
2026-01-01T21:58:49,lb-01,2.8839
2026-01-01T21:59:39,cache-02,3.2970
2026-01-01T21:59:50,db-01,1.2316
2026-01-01T22:00:56,web-04,20.1830
2026-01-01T22:01:23,hd-01,0.1031
2026-01-01T22:01:57,hd-01,1.0435
2026-01-01T22:02:04,db-01,2.9903
2026-01-01T22:02:54,db-02,9.3356
2026-01-01T22:03:13,db-03,1.3246
2026-01-01T22:03:18,cache-03,2.0228
2026-01-01T22:03:27,db-03,2.1151
2026-01-01T22:03:50,lb-02,2.8032
2026-01-01T22:04:22,net-04,2.8571
2026-01-01T22:05:26,net-03,2.0427
2026-01-01T22:05:37,cache-03,1.9705
2026-01-01T22:05:37,hd-02,0.0248
2026-01-01T22:06:28,web-01,1.6244
2026-01-01T22:07:22,net-04,0.1807
2026-01-01T22:07:34,net-02,5.7843
2026-01-01T22:08:08,lb-01,0.5635
2026-01-01T22:08:26,net-01,1.8297
2026-01-01T22:09:18,cache-02,12.0262
2026-01-01T22:09:35,cache-03,1.3407
2026-01-01T22:09:39,cache-01,5.4998
2026-01-01T22:10:00,cache-01,2.5491
2026-01-01T22:10:04,lb-01,1.4968
2026-01-01T22:10:21,hd-02,0.3002
2026-01-01T22:11:50,web-03,0.3040
2026-01-01T22:12:08,net-02,2.0317
2026-01-01T22:13:04,lb-01,0.5533
2026-01-01T22:13:51,cache-03,1.8797
2026-01-01T22:14:11,web-03,2.6792
2026-01-01T22:14:19,lb-02,0.0684
2026-01-01T22:14:30,net-01,4.3087
2026-01-01T22:14:36,cache-01,5.1127
2026-01-01T22:15:11,hd-02,1.6593
2026-01-01T22:15:17,lb-01,13.1930
2026-01-01T22:15:20,web-01,0.4015
2026-01-01T22:15:54,db-03,0.1021
2026-01-01T22:15:59,web-03,2.0772
2026-01-01T22:16:19,net-04,0.1004
2026-01-01T22:18:11,cache-03,1.1135
2026-01-01T22:18:26,cache-03,1.1281
2026-01-01T22:18:56,web-03,40.5884
2026-01-01T22:19:18,net-02,0.2928
2026-01-01T22:19:50,lb-01,1.2226
2026-01-01T22:19:52,cache-03,2.3944
2026-01-01T22:19:59,web-03,10.0576
2026-01-01T22:20:15,net-03,7.4079
2026-01-01T22:20:45,cache-03,2.5990
2026-01-01T22:21:14,cache-03,2.7365
2026-01-01T22:22:07,cache-03,3.1285
2026-01-01T22:22:23,hd-01,2.8008
2026-01-01T22:22:47,lb-02,5.0050
2026-01-01T22:23:22,net-02,5.8183
2026-01-01T22:23:25,db-01,2.2302
2026-01-01T22:23:33,web-02,0.9083
2026-01-01T22:23:47,cache-02,5.9324
2026-01-01T22:23:59,hd-01,0.7767
2026-01-01T22:25:01,lb-02,7.4969
2026-01-01T22:25:25,web-04,14.5833
2026-01-01T22:25:49,cache-01,2.3285
2026-01-01T22:26:24,cache-03,0.0249
2026-01-01T22:26:25,hd-02,0.5457
2026-01-01T22:26:44,db-02,2.4181
2026-01-01T22:27:06,web-02,3.1634
2026-01-01T22:27:39,db-03,11.6566
2026-01-01T22:29:29,lb-02,1.0638
2026-01-01T22:29:50,hd-02,7.7734
2026-01-01T22:30:25,cache-02,1.5089
2026-01-01T22:30:27,web-01,4.2601
2026-01-01T22:30:49,net-02,1.9980
2026-01-01T22:31:17,net-01,9.3401
2026-01-01T22:31:58,web-05,6.7643
2026-01-01T22:32:31,hd-01,0.0762
2026-01-01T22:33:22,cache-02,1.6632
2026-01-01T22:33:45,web-01,2.3290
2026-01-01T22:34:25,lb-01,1.1090
2026-01-01T22:34:45,db-02,2.2362
2026-01-01T22:35:13,lb-02,0.4721
2026-01-01T22:35:27,cache-03,0.1466
2026-01-01T22:35:47,lb-02,4.4804
2026-01-01T22:35:52,hd-02,2.9355
2026-01-01T22:35:58,net-02,4.0765
2026-01-01T22:36:54,web-04,2.8819
2026-01-01T22:36:55,web-02,0.7145
2026-01-01T22:36:58,web-02,1.3385
2026-01-01T22:37:01,cache-01,22.5640
2026-01-01T22:37:04,lb-01,0.0687
2026-01-01T22:37:13,db-01,0.0402
2026-01-01T22:38:31,lb-01,4.2315
2026-01-01T22:38:33,net-03,2.2788
2026-01-01T22:38:42,net-02,6.4700
2026-01-01T22:38:48,web-02,2.5140
2026-01-01T22:39:08,cache-02,0.7406
2026-01-01T22:39:11,net-04,1.9770
2026-01-01T22:39:21,lb-02,0.1860
2026-01-01T22:39:30,net-03,5.1653
2026-01-01T22:39:36,web-04,0.0971
2026-01-01T22:40:27,cache-01,1.3117
2026-01-01T22:40:53,cache-02,0.9701
2026-01-01T22:41:02,web-01,1.2717
2026-01-01T22:41:22,cache-03,11.0510
2026-01-01T22:41:22,hd-01,3.9879
2026-01-01T22:41:40,net-02,4.4529
2026-01-01T22:42:07,cache-02,57.9453
2026-01-01T22:42:35,web-03,0.1480
2026-01-01T22:44:03,lb-02,2.7242
2026-01-01T22:45:00,db-02,1.4223
2026-01-01T22:45:16,cache-02,6.4278
2026-01-01T22:45:25,cache-01,4.3448
2026-01-01T22:45:30,web-02,0.4179
2026-01-01T22:45:38,net-01,3.5179
2026-01-01T22:46:19,net-04,1.4643
2026-01-01T22:46:38,web-01,6.2856
2026-01-01T22:46:43,db-03,0.9074
2026-01-01T22:49:05,hd-01,4.8188
2026-01-01T22:49:17,hd-01,2.9089
2026-01-01T22:49:31,hd-02,1.5750
2026-01-01T22:49:50,db-01,4.7455
2026-01-01T22:49:55,net-04,2.2216
2026-01-01T22:49:58,cache-02,4.5232
2026-01-01T22:50:41,cache-02,1.5801
2026-01-01T22:50:47,db-02,0.5389
2026-01-01T22:51:02,db-01,1.3639
2026-01-01T22:51:50,db-01,0.5697
2026-01-01T22:51:58,hd-02,11.4472
2026-01-01T22:53:08,db-01,0.6482
2026-01-01T22:53:16,lb-02,0.2839
2026-01-01T22:53:55,cache-01,8.2744
2026-01-01T22:54:54,db-03,67.7454
2026-01-01T22:55:06,net-02,3.0557
2026-01-01T22:56:24,net-03,11.6618
2026-01-01T22:58:55,hd-02,2.2318
2026-01-01T22:59:11,db-03,2.3142
2026-01-01T23:01:27,web-04,0.5619
2026-01-01T23:01:31,cache-03,2.0782
2026-01-01T23:02:29,web-03,30.6774
2026-01-01T23:04:03,cache-02,0.0512
2026-01-01T23:04:08,net-04,24.5479
2026-01-01T23:04:14,cache-03,1.9829
2026-01-01T23:04:30,hd-02,0.7923
2026-01-01T23:05:04,cache-01,0.7511
2026-01-01T23:05:10,db-01,1.5223
2026-01-01T23:05:54,db-01,4.4456
2026-01-01T23:06:08,hd-02,1.4198
2026-01-01T23:06:09,net-01,3.3286
2026-01-01T23:06:42,web-04,14.0200
2026-01-01T23:09:20,cache-03,1.7587
2026-01-01T23:10:22,lb-01,1.1760
2026-01-01T23:10:37,hd-01,3.3980
2026-01-01T23:11:08,web-01,5.9622
2026-01-01T23:11:11,web-04,13.4419
2026-01-01T23:11:18,db-01,0.6174
2026-01-01T23:11:19,lb-01,0.4733
2026-01-01T23:12:29,cache-03,3.1756
2026-01-01T23:12:34,cache-01,0.0384
2026-01-01T23:12:47,cache-03,1.9599
2026-01-01T23:13:41,cache-03,5.5210
2026-01-01T23:13:54,cache-01,1.3452
2026-01-01T23:14:30,cache-01,2.8999
2026-01-01T23:14:49,lb-01,0.7304
2026-01-01T23:14:49,lb-01,6.4025
2026-01-01T23:15:11,lb-01,1.2435
2026-01-01T23:15:18,cache-02,6.4195
2026-01-01T23:15:24,lb-02,4.8082
2026-01-01T23:16:39,lb-01,2.4256
2026-01-01T23:17:13,web-01,5.9809
2026-01-01T23:17:35,db-01,0.6650
2026-01-01T23:18:16,web-05,5.7336
2026-01-01T23:18:40,hd-02,5.7351
2026-01-01T23:18:52,lb-02,0.4480
2026-01-01T23:21:18,cache-01,1.3784
2026-01-01T23:21:52,lb-01,2.4394
2026-01-01T23:22:04,db-01,0.0644
2026-01-01T23:22:30,net-01,42.6507
2026-01-01T23:23:10,db-03,1.3134
2026-01-01T23:25:24,net-01,0.1648
2026-01-01T23:26:04,net-02,0.1626
2026-01-01T23:26:31,hd-02,4.3103
2026-01-01T23:26:38,net-03,0.6970
2026-01-01T23:27:00,net-03,4.4230
2026-01-01T23:27:05,db-02,0.8119
2026-01-01T23:28:09,lb-01,7.3653
2026-01-01T23:28:37,lb-02,1.7782
2026-01-01T23:29:10,lb-02,3.0430
2026-01-01T23:29:30,hd-01,3.4586
2026-01-01T23:29:55,cache-03,4.2823
2026-01-01T23:31:40,db-03,1.4558
2026-01-01T23:32:13,cache-02,4.4369
2026-01-01T23:33:36,hd-02,0.3574
2026-01-01T23:34:37,db-03,0.3700
2026-01-01T23:34:41,web-03,4.7301
2026-01-01T23:34:48,hd-02,2.4678
2026-01-01T23:35:13,net-03,0.3375
2026-01-01T23:35:26,net-04,3.2685
2026-01-01T23:35:34,web-05,0.6268
2026-01-01T23:36:16,hd-02,1.4265
2026-01-01T23:37:00,net-01,13.0392
2026-01-01T23:37:54,net-02,1.1125
2026-01-01T23:38:10,net-01,3.3421
2026-01-01T23:38:19,db-03,0.6841
2026-01-01T23:38:24,db-02,2.9324
2026-01-01T23:38:32,web-01,0.9829
2026-01-01T23:39:25,db-03,13.2772
2026-01-01T23:39:28,net-01,0.3752
2026-01-01T23:39:43,net-01,1.9873
2026-01-01T23:39:58,net-01,7.5917
2026-01-01T23:40:22,web-03,0.7564
2026-01-01T23:41:04,db-03,1.2443
2026-01-01T23:41:11,web-04,2.4217
2026-01-01T23:41:38,web-03,0.1190
2026-01-01T23:41:39,net-02,1.7306
2026-01-01T23:42:21,net-04,0.5930
2026-01-01T23:42:46,lb-01,3.9073
2026-01-01T23:43:06,net-01,2.9160
2026-01-01T23:43:32,lb-01,2.0608
2026-01-01T23:44:04,net-04,7.2999
2026-01-01T23:44:20,cache-01,10.6956
2026-01-01T23:45:23,web-01,0.9405
2026-01-01T23:45:58,hd-02,3.7383
2026-01-01T23:46:20,hd-01,0.2735
2026-01-01T23:47:23,hd-01,1.4867
2026-01-01T23:47:29,lb-02,4.5441
2026-01-01T23:48:21,cache-03,5.4602
2026-01-01T23:49:05,net-02,3.0330
2026-01-01T23:49:26,web-01,4.8166
2026-01-01T23:49:47,net-01,10.2075
2026-01-01T23:50:11,lb-02,11.3269
2026-01-01T23:52:02,lb-01,12.9676
2026-01-01T23:52:42,net-04,0.3033
2026-01-01T23:53:32,net-03,2.8158
2026-01-01T23:54:39,cache-01,4.1899
2026-01-01T23:55:08,net-01,3.0049
2026-01-01T23:55:29,lb-02,0.1992
2026-01-01T23:55:35,net-04,5.1029
2026-01-01T23:56:00,hd-02,13.5106
2026-01-01T23:56:15,db-01,4.1614
2026-01-01T23:56:17,web-05,0.6630
2026-01-01T23:56:26,cache-01,4.1437
2026-01-01T23:58:23,hd-02,2.0665
2026-01-01T23:58:36,cache-03,6.0450
2026-01-01T23:59:58,hd-01,0.3331
2026-01-02T00:00:19,hd-02,0.9486
2026-01-02T00:00:29,net-04,1.4904
2026-01-02T00:00:43,db-03,0.3264
2026-01-02T00:03:26,cache-02,0.7889
2026-01-02T00:04:05,cache-03,2.2878
2026-01-02T00:05:32,hd-02,6.1789
2026-01-02T00:06:44,db-03,0.2621
2026-01-02T00:06:45,cache-01,4.7805
2026-01-02T00:07:10,web-04,4.5914
2026-01-02T00:07:25,db-01,0.2305
2026-01-02T00:07:27,net-01,0.0979
2026-01-02T00:07:35,cache-03,7.2595
2026-01-02T00:08:02,lb-02,15.4973
2026-01-02T00:08:08,db-03,0.3862
2026-01-02T00:08:47,lb-02,4.0874
2026-01-02T00:08:52,net-01,4.2741
2026-01-02T00:09:13,db-03,0.5952
2026-01-02T00:10:12,hd-02,1.5631
2026-01-02T00:10:41,db-01,4.8029
2026-01-02T00:10:59,lb-02,9.0380
2026-01-02T00:11:12,lb-01,1.8590
2026-01-02T00:11:58,web-04,3.9432
2026-01-02T00:12:00,net-03,2.6244
2026-01-02T00:12:47,db-03,4.2148
2026-01-02T00:13:07,lb-02,2.5508
2026-01-02T00:13:24,lb-01,2.0351
2026-01-02T00:14:02,db-03,1.4571
2026-01-02T00:14:16,net-02,0.4190
2026-01-02T00:14:51,cache-01,4.8077
2026-01-02T00:15:53,web-03,4.1480
2026-01-02T00:16:57,db-03,4.3940
2026-01-02T00:17:07,lb-02,9.6456
2026-01-02T00:18:12,web-03,11.1105
2026-01-02T00:18:36,hd-02,0.8927
2026-01-02T00:19:15,lb-02,1.7334
2026-01-02T00:19:51,hd-02,14.2177
2026-01-02T00:20:19,lb-01,1.0472
2026-01-02T00:20:39,lb-02,2.5328
2026-01-02T00:21:23,lb-01,1.0956
2026-01-02T00:21:30,web-04,3.3342
2026-01-02T00:22:15,net-03,3.3662
2026-01-02T00:22:32,hd-01,3.3990
2026-01-02T00:23:13,lb-02,2.7077
2026-01-02T00:23:43,db-02,2.8914
2026-01-02T00:23:57,web-05,4.0207
2026-01-02T00:24:01,cache-01,1.0362
2026-01-02T00:24:05,cache-03,0.9466
2026-01-02T00:24:30,cache-01,4.2890
2026-01-02T00:25:21,net-03,2.7754
2026-01-02T00:26:51,web-01,0.5076
2026-01-02T00:27:03,cache-02,2.7071
2026-01-02T00:27:29,web-01,3.3877
2026-01-02T00:28:15,hd-02,7.3172
2026-01-02T00:28:28,hd-01,1.6586
2026-01-02T00:28:31,hd-02,10.8056
2026-01-02T00:28:57,net-01,18.1321
2026-01-02T00:28:57,hd-01,2.1596
2026-01-02T00:29:06,hd-01,3.6994
2026-01-02T00:30:02,lb-01,1.5473
2026-01-02T00:30:08,net-04,1.1682
2026-01-02T00:30:12,hd-02,2.5088
2026-01-02T00:30:36,cache-03,4.1339
2026-01-02T00:30:54,web-04,0.3166
2026-01-02T00:31:12,net-03,0.1998
2026-01-02T00:32:22,hd-01,1.7813
2026-01-02T00:32:53,cache-01,1.7295
2026-01-02T00:33:00,db-03,2.6210
2026-01-02T00:34:27,hd-01,0.0623
2026-01-02T00:34:57,web-03,9.5665
2026-01-02T00:35:01,lb-01,2.3895
2026-01-02T00:35:35,cache-01,1.4933
2026-01-02T00:35:35,net-02,1.8965
2026-01-02T00:35:38,net-03,4.2078
2026-01-02T00:35:50,web-02,3.7632
2026-01-02T00:36:01,lb-02,0.3238
2026-01-02T00:36:04,web-04,8.8146
2026-01-02T00:36:38,web-02,0.0883
2026-01-02T00:36:49,net-04,6.3725
2026-01-02T00:37:12,db-01,2.5683
2026-01-02T00:37:58,db-02,0.1928
2026-01-02T00:38:04,cache-02,14.4570
2026-01-02T00:38:44,hd-01,0.8801
2026-01-02T00:38:55,lb-01,2.4444
2026-01-02T00:39:03,net-01,0.9882
2026-01-02T00:39:06,hd-01,0.0765
2026-01-02T00:39:33,web-03,0.2172
2026-01-02T00:40:23,web-01,1.2960
2026-01-02T00:40:24,net-04,2.8217
2026-01-02T00:40:25,net-04,14.7344
2026-01-02T00:40:57,web-05,1.2605
2026-01-02T00:41:33,net-03,1.8623
2026-01-02T00:41:53,net-01,0.3861
2026-01-02T00:42:56,net-02,3.2395
2026-01-02T00:43:29,web-04,12.2615
2026-01-02T00:43:54,cache-01,7.9106
2026-01-02T00:44:39,hd-02,1.0762
2026-01-02T00:45:02,net-03,0.4791
2026-01-02T00:45:31,cache-03,1.9443
2026-01-02T00:45:35,web-05,0.2354
2026-01-02T00:46:17,web-05,0.4299
2026-01-02T00:48:41,web-05,0.1360
2026-01-02T00:48:49,net-04,5.4724
2026-01-02T00:49:51,hd-02,1.1412
2026-01-02T00:51:00,db-01,1.4531
2026-01-02T00:51:14,cache-01,0.9134
2026-01-02T00:52:52,net-02,1.1782
2026-01-02T00:53:23,net-03,5.7820
2026-01-02T00:53:28,lb-01,9.0590
2026-01-02T00:53:30,hd-02,0.8005
2026-01-02T00:53:46,cache-02,3.0602
2026-01-02T00:55:15,lb-01,14.4175
2026-01-02T00:57:14,cache-02,1.0831
2026-01-02T00:57:16,hd-01,3.8794
2026-01-02T00:58:03,hd-02,12.3489
2026-01-02T00:58:35,net-03,7.5681
2026-01-02T00:58:48,lb-02,0.5379
2026-01-02T01:00:16,cache-03,4.5470
2026-01-02T01:00:18,hd-02,1.5416
2026-01-02T01:00:21,net-03,8.5324
2026-01-02T01:00:25,db-03,6.8632
2026-01-02T01:00:58,db-02,1.2416
2026-01-02T01:01:06,net-01,5.2924
2026-01-02T01:01:27,db-03,13.7733
2026-01-02T01:04:09,cache-02,4.7391
2026-01-02T01:04:47,net-01,0.4589
2026-01-02T01:04:54,net-02,0.5210
2026-01-02T01:05:45,net-01,5.3390
2026-01-02T01:06:04,hd-02,1.6564
2026-01-02T01:06:46,lb-01,0.2955
2026-01-02T01:08:01,hd-02,0.2492
2026-01-02T01:08:17,lb-02,0.4539
2026-01-02T01:08:34,hd-01,0.6080
2026-01-02T01:09:00,hd-01,1.4970
2026-01-02T01:09:34,web-05,0.5430
2026-01-02T01:09:45,net-02,2.0000
2026-01-02T01:09:54,db-02,1.1570
2026-01-02T01:10:37,db-01,4.8421
2026-01-02T01:10:37,net-01,2.6720
2026-01-02T01:11:01,web-05,0.7900
2026-01-02T01:11:30,web-03,0.3833
2026-01-02T01:12:27,lb-02,2.4801
2026-01-02T01:13:25,cache-03,0.2025
2026-01-02T01:14:43,db-01,2.4485
2026-01-02T01:15:05,web-02,3.6511
2026-01-02T01:15:08,web-01,4.6876
2026-01-02T01:15:24,lb-02,1.0534
2026-01-02T01:15:28,web-05,0.9159
2026-01-02T01:16:24,net-03,0.7316
2026-01-02T01:16:30,db-01,0.3349
2026-01-02T01:16:52,db-02,6.9316
2026-01-02T01:17:02,hd-01,1.7273
2026-01-02T01:17:56,hd-02,5.3444
2026-01-02T01:17:59,cache-01,1.1579
2026-01-02T01:18:07,hd-02,1.7469
2026-01-02T01:19:53,net-04,5.5455
2026-01-02T01:22:13,net-03,4.9003
2026-01-02T01:22:20,lb-01,0.7045
2026-01-02T01:22:27,lb-01,0.0872
2026-01-02T01:22:47,web-03,0.0985
2026-01-02T01:23:07,lb-02,0.2796
2026-01-02T01:23:44,lb-02,0.7194
2026-01-02T01:25:43,lb-01,1.6426
2026-01-02T01:25:49,db-03,9.7148
2026-01-02T01:26:15,cache-02,5.0852
2026-01-02T01:26:54,hd-02,14.4259
2026-01-02T01:27:12,web-02,12.8396
2026-01-02T01:27:16,net-04,5.7021
2026-01-02T01:27:33,cache-02,45.7718
2026-01-02T01:27:42,net-02,2.3763
2026-01-02T01:27:48,lb-02,0.5479
2026-01-02T01:28:09,net-04,2.5132
2026-01-02T01:28:45,hd-02,2.2223
2026-01-02T01:29:19,web-02,5.4061
2026-01-02T01:29:19,db-03,0.8613
2026-01-02T01:31:20,cache-03,2.5765
2026-01-02T01:32:05,cache-02,1.1513
2026-01-02T01:32:28,hd-01,1.7263
2026-01-02T01:32:30,db-02,1.8880
2026-01-02T01:33:40,cache-03,2.4102
2026-01-02T01:34:10,web-03,0.5305
2026-01-02T01:34:19,cache-02,5.4191
2026-01-02T01:34:22,cache-02,0.2700
2026-01-02T01:35:05,db-01,10.5429
2026-01-02T01:35:36,db-01,1.4020
2026-01-02T01:35:51,net-04,0.9741
2026-01-02T01:35:55,web-02,0.7663
2026-01-02T01:36:11,lb-01,1.1469
2026-01-02T01:36:13,web-03,2.0713
2026-01-02T01:36:55,web-01,0.0956
2026-01-02T01:37:01,lb-01,2.9877
2026-01-02T01:37:06,lb-01,53.8809
2026-01-02T01:37:28,db-01,2.6669
2026-01-02T01:39:22,hd-01,2.3158
2026-01-02T01:39:27,lb-01,2.1056
2026-01-02T01:39:56,hd-02,0.2745
2026-01-02T01:40:34,hd-02,3.6336
2026-01-02T01:40:50,web-04,1.1679
2026-01-02T01:40:57,lb-02,0.4354
2026-01-02T01:41:35,lb-01,1.3272
2026-01-02T01:42:01,cache-01,9.3580
2026-01-02T01:43:18,db-03,6.6314
2026-01-02T01:43:27,web-03,8.5959
2026-01-02T01:43:55,hd-01,2.4132
2026-01-02T01:44:06,db-03,0.9095
2026-01-02T01:44:20,cache-03,4.8766
2026-01-02T01:45:47,web-01,1.7426
2026-01-02T01:46:15,lb-02,2.6175
2026-01-02T01:47:07,hd-01,2.1108
2026-01-02T01:47:08,db-01,6.3554
2026-01-02T01:47:11,web-02,0.5969
2026-01-02T01:47:14,web-02,0.0952
2026-01-02T01:47:34,hd-01,1.0744
2026-01-02T01:47:52,web-02,3.9784
2026-01-02T01:48:38,lb-02,10.0788
2026-01-02T01:48:47,lb-01,2.1821
2026-01-02T01:49:23,cache-02,2.6246
2026-01-02T01:49:54,cache-01,0.5085
2026-01-02T01:50:32,db-03,1.9759
2026-01-02T01:51:23,hd-01,7.7056
2026-01-02T01:51:31,web-05,2.1490
2026-01-02T01:51:36,db-03,3.3092
2026-01-02T01:52:06,db-02,0.1347
2026-01-02T01:52:19,cache-01,2.9208
2026-01-02T01:52:54,db-02,0.0663
2026-01-02T01:53:23,lb-02,0.1524
2026-01-02T01:53:30,hd-01,3.4332
2026-01-02T01:53:56,cache-01,5.4813
2026-01-02T01:54:43,cache-01,0.9284
2026-01-02T01:54:59,web-05,3.9944
2026-01-02T01:55:18,lb-02,4.7164
2026-01-02T01:57:05,net-03,0.7266
2026-01-02T01:57:07,web-02,13.2533
2026-01-02T01:57:09,net-03,1.9611
2026-01-02T01:59:38,hd-02,0.2274
2026-01-02T02:00:15,lb-02,0.2743
2026-01-02T02:00:16,db-02,0.9609
2026-01-02T02:00:32,cache-03,2.0248
2026-01-02T02:01:09,cache-01,10.5353
2026-01-02T02:02:13,net-01,0.6393
2026-01-02T02:02:58,lb-02,1.0772
2026-01-02T02:03:12,hd-02,2.9484
2026-01-02T02:03:38,cache-01,3.6910
2026-01-02T02:05:51,web-03,3.6239
2026-01-02T02:05:58,net-04,2.1571
2026-01-02T02:06:39,web-02,1.0223
2026-01-02T02:07:20,net-01,4.3181
2026-01-02T02:08:03,db-02,1.4666
2026-01-02T02:09:05,cache-02,5.5870
2026-01-02T02:12:19,hd-02,2.5066
2026-01-02T02:13:30,hd-01,5.4308
2026-01-02T02:13:36,lb-02,0.7249
2026-01-02T02:14:14,web-02,2.7840
2026-01-02T02:15:29,net-03,0.8421
2026-01-02T02:15:33,net-04,2.2692
2026-01-02T02:16:14,lb-02,1.1214
2026-01-02T02:16:14,net-04,3.4278
2026-01-02T02:16:22,web-01,4.1557
2026-01-02T02:16:29,db-01,0.9439
2026-01-02T02:17:43,lb-02,1.0928
2026-01-02T02:17:50,lb-02,3.2670
2026-01-02T02:19:52,cache-01,0.9860
2026-01-02T02:20:53,db-02,11.6629
2026-01-02T02:21:24,lb-02,2.1121
2026-01-02T02:21:52,db-02,0.6370
2026-01-02T02:22:17,web-03,10.8193
2026-01-02T02:22:20,cache-02,0.7061
2026-01-02T02:22:41,cache-03,4.8524
2026-01-02T02:22:45,net-04,0.2469
2026-01-02T02:23:04,web-04,2.0993
2026-01-02T02:23:24,hd-01,22.3593
2026-01-02T02:23:40,web-05,11.4326
2026-01-02T02:23:48,net-03,6.3095
2026-01-02T02:24:30,db-03,49.6650
2026-01-02T02:24:53,db-02,1.0136
2026-01-02T02:25:18,web-04,1.3844
2026-01-02T02:26:57,db-02,0.8350
2026-01-02T02:27:23,net-04,4.1803
2026-01-02T02:28:08,net-03,1.4897
2026-01-02T02:29:09,hd-02,2.3556
2026-01-02T02:29:15,lb-02,1.1356
2026-01-02T02:29:30,lb-02,0.5760
2026-01-02T02:30:45,hd-02,3.8824
2026-01-02T02:31:39,net-04,1.0333
2026-01-02T02:32:08,cache-01,1.6909
2026-01-02T02:33:11,net-03,2.0528
2026-01-02T02:33:48,hd-01,1.9012
2026-01-02T02:34:25,lb-01,0.8116
2026-01-02T02:34:26,hd-02,5.8276
2026-01-02T02:34:42,hd-01,4.2468
2026-01-02T02:35:41,net-03,2.3052
2026-01-02T02:36:01,lb-02,0.1576
2026-01-02T02:36:43,hd-02,1.9691
2026-01-02T02:36:58,cache-02,19.9393
2026-01-02T02:37:24,hd-01,16.8048
2026-01-02T02:37:51,web-05,1.3758
2026-01-02T02:38:51,web-04,3.6247
2026-01-02T02:39:31,lb-02,0.5145
2026-01-02T02:40:52,net-04,0.6176
2026-01-02T02:41:58,hd-02,6.2448
2026-01-02T02:42:08,lb-02,0.0717
2026-01-02T02:42:29,web-02,3.3670
2026-01-02T02:43:11,net-03,3.2856
2026-01-02T02:43:14,hd-01,1.0219
2026-01-02T02:43:49,hd-02,0.3153
2026-01-02T02:44:01,net-03,10.9796
2026-01-02T02:45:01,cache-03,4.1794
2026-01-02T02:45:27,db-03,2.1729
2026-01-02T02:45:28,web-01,0.5429
2026-01-02T02:46:27,cache-01,4.6426
2026-01-02T02:49:17,lb-02,0.4975
2026-01-02T02:49:48,cache-01,1.5967
2026-01-02T02:50:31,net-01,0.5319
2026-01-02T02:50:47,web-04,0.0050
2026-01-02T02:52:25,lb-01,1.6013
2026-01-02T02:52:34,lb-01,0.8457
2026-01-02T02:53:16,db-03,10.1762
2026-01-02T02:53:51,web-04,1.1101
2026-01-02T02:54:28,cache-02,2.8658
2026-01-02T02:54:48,cache-03,1.3306
2026-01-02T02:55:29,lb-01,0.3886
2026-01-02T02:55:49,net-02,1.6142
2026-01-02T02:56:00,web-03,0.0011
2026-01-02T02:57:06,web-01,7.0565
2026-01-02T02:57:21,web-02,1.0834
2026-01-02T02:59:01,lb-02,0.4746
2026-01-02T02:59:08,net-01,0.9410
2026-01-02T02:59:15,db-01,2.5702
2026-01-02T02:59:22,db-01,1.9618
2026-01-02T02:59:41,hd-01,0.6737
2026-01-02T03:00:13,db-03,2.0780
2026-01-02T03:00:17,cache-03,9.2994
2026-01-02T03:01:11,lb-02,0.9006
2026-01-02T03:02:00,db-03,5.6016
2026-01-02T03:02:04,net-02,4.1468
2026-01-02T03:02:26,lb-02,1.2770
2026-01-02T03:02:28,hd-02,0.8196
2026-01-02T03:02:36,cache-03,1.9978
2026-01-02T03:03:53,net-01,1.5953
2026-01-02T03:04:35,db-03,2.4264
2026-01-02T03:04:58,web-03,1.7317
2026-01-02T03:06:51,hd-02,1.6111
2026-01-02T03:07:40,db-01,1.6414
2026-01-02T03:08:59,hd-01,5.8335
2026-01-02T03:09:34,hd-02,0.0767
2026-01-02T03:09:49,cache-03,8.4966
2026-01-02T03:10:01,db-03,3.8496
2026-01-02T03:10:47,db-03,0.7139
2026-01-02T03:11:52,web-01,0.0095
2026-01-02T03:12:19,web-04,0.2909
2026-01-02T03:12:46,net-03,0.5848
2026-01-02T03:13:12,hd-01,0.2612
2026-01-02T03:13:55,lb-02,0.5291
2026-01-02T03:16:14,cache-03,4.7809
2026-01-02T03:16:28,net-03,3.8399
2026-01-02T03:16:32,cache-02,2.2428
2026-01-02T03:16:33,net-02,19.9628
2026-01-02T03:17:36,net-02,7.7800
2026-01-02T03:17:59,hd-01,0.0842
2026-01-02T03:18:07,lb-01,1.6478
2026-01-02T03:18:46,cache-03,0.5417
2026-01-02T03:18:48,net-02,0.9058
2026-01-02T03:19:11,cache-02,0.4754
2026-01-02T03:19:35,cache-01,10.1944
2026-01-02T03:19:59,hd-01,1.8951
2026-01-02T03:20:20,hd-01,1.4293
2026-01-02T03:20:27,cache-02,0.6250
2026-01-02T03:20:46,web-03,0.8405
2026-01-02T03:22:00,lb-02,3.9750
2026-01-02T03:22:27,cache-02,0.1078
2026-01-02T03:22:57,web-01,1.5096
2026-01-02T03:24:01,hd-01,0.9082
2026-01-02T03:24:47,db-01,1.5835
2026-01-02T03:25:28,net-03,0.8778
2026-01-02T03:26:31,hd-02,6.9153
2026-01-02T03:26:34,net-03,0.2691
2026-01-02T03:27:01,lb-02,5.9620
2026-01-02T03:27:22,web-02,0.0342
2026-01-02T03:28:20,web-01,1.7717
2026-01-02T03:28:30,hd-01,2.0478
2026-01-02T03:28:31,cache-02,0.6072
2026-01-02T03:28:54,net-04,2.8720
2026-01-02T03:29:25,db-03,2.2358
2026-01-02T03:30:05,db-03,1.5102
2026-01-02T03:32:13,db-01,6.7113
2026-01-02T03:32:33,web-04,12.8293
2026-01-02T03:34:07,net-04,3.9461
2026-01-02T03:34:41,db-02,0.4763
2026-01-02T03:35:29,hd-01,1.3900
2026-01-02T03:36:00,lb-01,1.3203
2026-01-02T03:36:52,cache-01,26.6611
2026-01-02T03:37:26,hd-01,0.7600
2026-01-02T03:37:28,lb-02,2.5381
2026-01-02T03:38:08,lb-01,4.9499
2026-01-02T03:38:47,web-01,4.7782
2026-01-02T03:38:51,hd-01,1.1181
2026-01-02T03:39:12,db-03,1.7624
2026-01-02T03:39:37,net-03,5.1055
2026-01-02T03:39:54,web-03,3.1187
2026-01-02T03:40:28,hd-02,0.1247
2026-01-02T03:40:51,db-03,4.1908
2026-01-02T03:40:55,lb-02,0.7785
2026-01-02T03:41:47,lb-01,0.2121
2026-01-02T03:42:17,cache-02,0.3357
2026-01-02T03:42:47,hd-01,6.6479
2026-01-02T03:42:58,web-04,0.1708
2026-01-02T03:43:08,web-02,4.7200
2026-01-02T03:43:11,lb-02,0.2104
2026-01-02T03:43:52,net-04,2.4625
2026-01-02T03:44:12,net-01,0.2225
2026-01-02T03:44:15,net-04,2.7866
2026-01-02T03:45:10,web-03,42.8180
2026-01-02T03:45:29,lb-02,0.0107
2026-01-02T03:46:15,db-01,0.4041
2026-01-02T03:46:23,cache-01,2.1668
2026-01-02T03:46:33,cache-02,1.4547
2026-01-02T03:46:59,hd-02,0.9166
2026-01-02T03:47:58,cache-03,3.7267
2026-01-02T03:48:25,db-02,7.8860
2026-01-02T03:48:30,web-01,0.8577
2026-01-02T03:48:34,cache-02,7.5866
2026-01-02T03:48:56,hd-01,1.9304
2026-01-02T03:49:10,db-01,16.1680
2026-01-02T03:49:12,hd-02,10.9627
2026-01-02T03:49:37,hd-01,0.1166
2026-01-02T03:49:49,db-03,5.6429
2026-01-02T03:51:07,net-02,2.4704
2026-01-02T03:51:08,cache-03,7.9057
2026-01-02T03:51:09,lb-01,2.9920
2026-01-02T03:51:11,hd-02,0.4055
2026-01-02T03:51:23,net-03,3.9652
2026-01-02T03:51:24,db-01,2.2113
2026-01-02T03:52:00,net-03,3.9656
2026-01-02T03:52:55,cache-01,0.4747
2026-01-02T03:53:18,net-03,6.9668
2026-01-02T03:53:28,lb-02,0.4026
2026-01-02T03:53:30,net-03,12.7224
2026-01-02T03:53:37,web-03,0.5112
2026-01-02T03:53:50,hd-01,10.3044
2026-01-02T03:54:35,db-02,9.3116
2026-01-02T03:54:50,db-02,0.6356
2026-01-02T03:55:38,net-02,0.4006
2026-01-02T03:55:53,hd-01,0.6064
2026-01-02T03:55:59,web-05,2.9360
2026-01-02T03:56:11,cache-03,0.0576
2026-01-02T03:56:18,cache-02,0.2688
2026-01-02T03:57:22,cache-02,4.7358
2026-01-02T03:58:16,db-02,1.1336
2026-01-02T03:58:49,web-05,1.4267
2026-01-02T03:59:11,db-03,0.2475
2026-01-02T03:59:48,lb-01,0.3600
2026-01-02T03:59:58,web-01,0.5469
2026-01-02T04:00:29,lb-01,4.2548
2026-01-02T04:01:32,db-02,0.8136
2026-01-02T04:01:34,web-01,1.8628
2026-01-02T04:01:50,hd-02,0.3875
2026-01-02T04:02:05,hd-01,1.4853
2026-01-02T04:02:17,cache-03,3.1667
2026-01-02T04:02:19,lb-02,0.4159
2026-01-02T04:03:14,cache-02,0.6639
2026-01-02T04:03:23,hd-02,3.1957
2026-01-02T04:03:37,hd-01,4.2470
2026-01-02T04:04:30,web-03,0.7915
2026-01-02T04:04:32,web-03,1.8275
2026-01-02T04:04:48,web-01,4.8519
2026-01-02T04:06:31,cache-01,15.8706
2026-01-02T04:06:49,web-02,0.1280
2026-01-02T04:07:07,net-01,1.1636
2026-01-02T04:07:08,db-01,2.6768
2026-01-02T04:07:09,net-02,1.7407
2026-01-02T04:08:24,cache-03,0.0635
2026-01-02T04:08:35,net-04,2.4369
2026-01-02T04:08:45,db-03,3.3407
2026-01-02T04:09:14,web-03,1.4933
2026-01-02T04:09:31,lb-02,1.0152
2026-01-02T04:09:33,hd-02,0.9073
2026-01-02T04:10:32,web-04,0.6748
2026-01-02T04:10:34,web-05,0.4779
2026-01-02T04:10:55,db-03,20.6408
2026-01-02T04:11:11,web-05,0.7072
2026-01-02T04:11:13,web-03,0.1199
2026-01-02T04:13:10,cache-01,5.2891
2026-01-02T04:13:53,db-03,7.4034
2026-01-02T04:15:06,hd-01,1.4271
2026-01-02T04:16:18,cache-02,3.7607
2026-01-02T04:17:45,cache-03,0.4172
2026-01-02T04:17:48,net-04,6.5375
2026-01-02T04:18:23,lb-01,0.0694
2026-01-02T04:18:28,net-02,1.4210
2026-01-02T04:18:43,lb-01,5.9957
2026-01-02T04:20:32,cache-03,1.3965
2026-01-02T04:21:03,hd-02,0.2772
2026-01-02T04:22:17,web-04,5.3785
2026-01-02T04:22:43,web-05,0.1828
2026-01-02T04:23:35,net-03,0.1345
2026-01-02T04:23:37,net-01,0.3748
2026-01-02T04:24:45,cache-02,0.0829
2026-01-02T04:25:11,hd-01,3.6661
2026-01-02T04:25:19,web-01,0.4095
2026-01-02T04:26:00,db-03,0.1045
2026-01-02T04:26:17,lb-01,1.2974
2026-01-02T04:26:53,web-01,7.8157
2026-01-02T04:27:42,hd-02,0.3359
2026-01-02T04:28:07,db-01,6.9963
2026-01-02T04:28:44,net-04,0.3843
2026-01-02T04:29:30,cache-01,4.8596
2026-01-02T04:30:34,cache-02,4.8118
2026-01-02T04:30:36,net-03,0.8126
2026-01-02T04:31:21,cache-03,5.7774
2026-01-02T04:33:25,web-01,0.9220
2026-01-02T04:34:07,net-02,1.8866
2026-01-02T04:34:08,web-04,0.9542
2026-01-02T04:34:32,web-04,1.0705
2026-01-02T04:34:36,lb-02,2.2734
2026-01-02T04:35:04,cache-02,0.5561
2026-01-02T04:35:30,cache-03,1.1573
2026-01-02T04:35:36,net-01,1.2973
2026-01-02T04:35:40,web-05,2.1694
2026-01-02T04:35:49,web-02,2.7811
2026-01-02T04:36:33,lb-02,4.4015
2026-01-02T04:37:22,hd-01,3.6314
2026-01-02T04:37:27,db-03,1.1688
2026-01-02T04:37:52,net-03,46.7049
2026-01-02T04:38:11,db-02,3.4788
2026-01-02T04:38:37,db-02,2.0267
2026-01-02T04:39:22,net-04,3.7790
2026-01-02T04:40:32,hd-02,1.0398
2026-01-02T04:40:44,web-02,0.3447
2026-01-02T04:40:51,web-01,0.8186
2026-01-02T04:43:05,net-04,0.0427
2026-01-02T04:44:00,hd-02,0.0384
2026-01-02T04:44:37,lb-02,0.6052
2026-01-02T04:44:40,net-04,3.4417
2026-01-02T04:45:43,hd-01,3.1862
2026-01-02T04:45:57,lb-01,16.5828
2026-01-02T04:46:39,cache-01,0.3880
2026-01-02T04:47:02,hd-02,5.3102
2026-01-02T04:47:35,net-01,8.9124
2026-01-02T04:47:48,web-01,3.4258
2026-01-02T04:49:08,hd-01,7.5580
2026-01-02T04:49:21,cache-01,10.7033
2026-01-02T04:50:23,net-04,0.3217
2026-01-02T04:50:23,db-03,0.2748
2026-01-02T04:50:58,db-03,5.3288
2026-01-02T04:52:20,hd-01,0.2525
2026-01-02T04:52:24,lb-02,1.7822
2026-01-02T04:52:35,web-02,1.8916
2026-01-02T04:53:09,web-03,3.9745
2026-01-02T04:55:49,web-01,1.8378
2026-01-02T04:57:18,cache-01,1.7913
2026-01-02T04:57:38,net-04,9.2960
2026-01-02T04:58:38,web-03,2.7260
2026-01-02T05:00:06,hd-02,4.2480
2026-01-02T05:00:34,hd-01,2.4923
2026-01-02T05:01:18,net-01,0.3872
2026-01-02T05:01:23,net-02,1.9801
2026-01-02T05:02:40,db-01,3.9536
2026-01-02T05:04:20,web-05,1.0348
2026-01-02T05:04:32,hd-02,0.0246
2026-01-02T05:05:28,net-04,1.9566
2026-01-02T05:06:31,cache-03,6.0828
2026-01-02T05:07:31,hd-02,2.3769
2026-01-02T05:07:35,net-02,4.0215
2026-01-02T05:08:09,cache-02,41.2458
2026-01-02T05:08:23,hd-01,1.0659
2026-01-02T05:09:16,cache-02,3.1489
2026-01-02T05:09:16,net-04,1.8493
2026-01-02T05:09:40,net-03,9.7223
2026-01-02T05:10:07,hd-02,5.4697
2026-01-02T05:10:10,web-02,16.4973
2026-01-02T05:10:16,net-04,2.2529
2026-01-02T05:11:11,lb-02,2.9467
2026-01-02T05:11:31,lb-02,3.5991
2026-01-02T05:12:37,cache-03,7.7044
2026-01-02T05:13:00,hd-02,0.1700
2026-01-02T05:13:17,lb-01,2.6004
2026-01-02T05:13:18,cache-02,2.2106
2026-01-02T05:13:24,db-02,0.9591
2026-01-02T05:13:44,cache-02,8.5180
2026-01-02T05:14:04,web-02,0.1057
2026-01-02T05:14:36,hd-02,0.0284
2026-01-02T05:14:52,hd-02,7.9714
2026-01-02T05:15:28,db-03,0.1553
2026-01-02T05:16:24,lb-02,3.9133
2026-01-02T05:16:37,db-03,0.4026
2026-01-02T05:18:00,net-02,4.2398
2026-01-02T05:18:05,cache-03,1.6921
2026-01-02T05:18:26,net-01,3.5320
2026-01-02T05:18:52,lb-02,7.4372
2026-01-02T05:19:32,db-01,0.9378
2026-01-02T05:19:43,web-05,0.4418
2026-01-02T05:20:00,db-02,0.1647
2026-01-02T05:20:46,net-02,0.2445
2026-01-02T05:21:26,lb-01,1.3702
2026-01-02T05:22:41,net-01,31.7835
2026-01-02T05:22:47,hd-02,2.2596
2026-01-02T05:22:59,hd-01,2.0912
2026-01-02T05:24:13,cache-02,1.4177
2026-01-02T05:24:28,hd-02,2.5258
2026-01-02T05:24:45,web-02,2.5299
2026-01-02T05:25:07,lb-01,0.2384
2026-01-02T05:25:30,db-03,1.3531
2026-01-02T05:25:41,lb-01,1.0629
2026-01-02T05:25:51,db-01,0.3266
2026-01-02T05:26:03,lb-02,1.0251
2026-01-02T05:26:41,web-02,1.3357
2026-01-02T05:26:53,lb-02,3.6573
2026-01-02T05:28:11,db-01,0.4579
2026-01-02T05:28:13,db-02,0.6843
2026-01-02T05:28:17,db-03,0.4252
2026-01-02T05:30:06,net-02,8.7347
2026-01-02T05:32:05,web-03,0.4977
2026-01-02T05:32:18,web-03,5.1977
2026-01-02T05:32:31,cache-02,1.5573
2026-01-02T05:33:28,db-01,0.5043
2026-01-02T05:33:45,cache-03,10.3205
2026-01-02T05:34:19,net-03,18.5794
2026-01-02T05:35:33,net-04,0.8252
2026-01-02T05:35:40,db-03,1.9255
2026-01-02T05:35:47,web-05,5.4613
2026-01-02T05:35:48,cache-01,6.7516
2026-01-02T05:36:49,hd-01,0.0584
2026-01-02T05:37:06,web-04,2.2355
2026-01-02T05:37:31,hd-02,2.6917
2026-01-02T05:37:51,db-03,0.1895
2026-01-02T05:38:35,lb-02,0.1392
2026-01-02T05:39:20,db-02,0.9110
2026-01-02T05:39:55,net-03,5.0222
2026-01-02T05:40:08,web-05,2.4861
2026-01-02T05:41:08,cache-03,1.1079
2026-01-02T05:41:14,cache-02,43.1412
2026-01-02T05:41:56,db-01,35.7898
2026-01-02T05:42:41,lb-02,3.6172
2026-01-02T05:42:48,hd-01,5.9913
2026-01-02T05:43:09,hd-02,7.9509
2026-01-02T05:43:44,lb-01,0.6269
2026-01-02T05:44:08,lb-01,3.7464
2026-01-02T05:44:55,cache-02,5.0423
2026-01-02T05:45:17,net-04,8.7467
2026-01-02T05:45:36,hd-02,38.8253
2026-01-02T05:45:41,web-01,0.2018
2026-01-02T05:45:56,lb-02,0.9411
2026-01-02T05:46:33,hd-01,5.0337
2026-01-02T05:46:37,hd-01,7.8072
2026-01-02T05:46:55,hd-01,0.2672
2026-01-02T05:47:18,cache-01,0.0602
2026-01-02T05:48:42,db-02,0.6002
2026-01-02T05:48:51,web-01,0.8201
2026-01-02T05:49:26,web-01,0.6845
2026-01-02T05:49:45,hd-01,12.5000
2026-01-02T05:49:49,hd-02,2.0260
2026-01-02T05:50:18,db-03,3.2576
2026-01-02T05:50:25,web-02,1.3119
2026-01-02T05:50:30,hd-02,0.4708
2026-01-02T05:51:20,hd-01,0.8678
2026-01-02T05:52:33,lb-02,0.4442
2026-01-02T05:52:46,db-03,2.4420
2026-01-02T05:52:54,hd-02,1.3697
2026-01-02T05:53:09,db-03,6.0570
2026-01-02T05:53:53,db-03,0.5561
2026-01-02T05:54:37,web-04,0.6128
2026-01-02T05:54:41,net-02,0.1143
2026-01-02T05:54:43,cache-01,1.4456
2026-01-02T05:55:13,cache-02,0.2776
2026-01-02T05:57:18,cache-03,3.4587
2026-01-02T05:57:51,cache-02,0.1978
2026-01-02T05:58:18,lb-02,0.2705
2026-01-02T05:59:18,db-03,1.0212
2026-01-02T06:00:01,cache-03,1.6934
2026-01-02T06:00:38,cache-01,0.9132
2026-01-02T06:01:29,net-04,2.0130
2026-01-02T06:01:42,db-01,0.4987
2026-01-02T06:01:55,hd-01,25.2384
2026-01-02T06:03:28,cache-03,1.3755
2026-01-02T06:04:56,cache-02,0.2378
2026-01-02T06:05:04,db-03,4.3999
2026-01-02T06:06:24,db-02,0.8012
2026-01-02T06:06:33,net-03,0.5002
2026-01-02T06:07:21,net-01,0.1433
2026-01-02T06:08:00,cache-01,0.0553
2026-01-02T06:08:23,cache-02,1.0533
2026-01-02T06:08:34,web-02,0.4675
2026-01-02T06:10:18,hd-01,0.8975
2026-01-02T06:10:39,lb-02,4.0056
2026-01-02T06:10:42,web-02,1.4083
2026-01-02T06:11:19,lb-02,10.2882
2026-01-02T06:13:16,cache-03,0.8889
2026-01-02T06:13:19,net-04,1.1163
2026-01-02T06:13:58,cache-03,20.2615
2026-01-02T06:14:21,cache-01,17.9398
2026-01-02T06:14:45,db-02,1.9714
2026-01-02T06:14:51,net-04,0.8743
2026-01-02T06:16:05,web-04,3.4129
2026-01-02T06:16:36,hd-02,0.4570
2026-01-02T06:17:03,hd-02,4.9724
2026-01-02T06:17:20,db-02,1.7259
2026-01-02T06:17:36,hd-01,8.6993
2026-01-02T06:18:25,net-02,1.3769
2026-01-02T06:18:54,web-01,4.0446
2026-01-02T06:19:11,net-01,2.7111
2026-01-02T06:19:41,cache-01,0.2067
2026-01-02T06:19:53,cache-02,0.6179
2026-01-02T06:20:06,web-03,3.4587
2026-01-02T06:21:37,lb-02,0.0095
2026-01-02T06:22:07,db-02,3.4165
2026-01-02T06:22:56,hd-01,0.4083
2026-01-02T06:23:15,lb-01,3.6555
2026-01-02T06:23:32,lb-01,24.6801
2026-01-02T06:24:28,net-01,2.3860
2026-01-02T06:25:03,hd-01,0.3533
2026-01-02T06:25:19,lb-01,9.8116
2026-01-02T06:25:40,hd-02,0.4068
2026-01-02T06:25:45,cache-03,1.0383
2026-01-02T06:28:17,db-02,0.2589
2026-01-02T06:28:22,db-02,0.8707
2026-01-02T06:28:43,web-01,1.5220
2026-01-02T06:29:10,net-01,0.1714
2026-01-02T06:29:45,web-03,7.6378
2026-01-02T06:30:18,net-03,4.5485
2026-01-02T06:30:50,hd-02,0.5631
2026-01-02T06:33:05,hd-02,2.9798
2026-01-02T06:34:31,db-03,1.7429
2026-01-02T06:34:34,web-03,0.1092
2026-01-02T06:34:54,lb-02,1.7206
2026-01-02T06:35:14,hd-01,1.4410
2026-01-02T06:36:21,cache-01,0.7097
2026-01-02T06:36:29,hd-01,0.4645
2026-01-02T06:36:51,lb-02,0.5828
2026-01-02T06:37:25,db-02,0.4490
2026-01-02T06:37:39,web-02,3.5486
2026-01-02T06:37:52,net-03,1.9259
2026-01-02T06:39:23,hd-01,3.3122
2026-01-02T06:39:56,web-05,1.5891
2026-01-02T06:40:02,web-01,2.5036
2026-01-02T06:40:15,web-02,5.6711
2026-01-02T06:40:56,cache-02,2.3392
2026-01-02T06:41:24,net-02,0.6042
2026-01-02T06:41:42,cache-03,0.5092
2026-01-02T06:42:12,cache-01,7.1914
2026-01-02T06:42:19,cache-01,4.1345
2026-01-02T06:42:44,web-02,3.2022
2026-01-02T06:43:06,web-03,1.5965
2026-01-02T06:43:25,db-02,10.7805
2026-01-02T06:44:26,web-04,3.8220
2026-01-02T06:45:52,web-01,0.4711
2026-01-02T06:45:56,net-03,11.2366
2026-01-02T06:46:21,web-05,0.4883
2026-01-02T06:47:14,web-05,1.6705
2026-01-02T06:48:07,web-05,0.3021
2026-01-02T06:48:16,db-03,2.3067
2026-01-02T06:49:55,net-04,0.4302
2026-01-02T06:50:13,net-03,2.2869
2026-01-02T06:50:16,hd-02,24.0995
2026-01-02T06:51:52,db-02,9.9105
2026-01-02T06:51:53,cache-02,16.5327
2026-01-02T06:52:01,cache-02,1.0466
2026-01-02T06:52:42,lb-01,0.3183
2026-01-02T06:52:46,lb-02,57.0814
2026-01-02T06:53:37,db-03,1.0893
2026-01-02T06:54:24,db-02,0.2379
2026-01-02T06:55:32,db-03,0.0186
2026-01-02T06:55:36,net-04,14.8008
2026-01-02T06:55:40,net-01,0.2474
2026-01-02T06:55:48,db-03,0.6626
2026-01-02T06:55:48,hd-02,1.0409
2026-01-02T06:57:08,hd-01,11.4394
2026-01-02T06:57:20,cache-01,0.5998
2026-01-02T06:57:32,net-03,0.9901
2026-01-02T06:58:32,web-04,6.1193
2026-01-02T06:59:25,lb-01,1.7635
2026-01-02T06:59:40,hd-01,1.3372
2026-01-02T07:00:06,db-02,0.6567
2026-01-02T07:00:39,web-04,0.8030
2026-01-02T07:01:21,net-02,5.5676
2026-01-02T07:01:53,web-05,7.1165
2026-01-02T07:01:56,hd-02,3.8204
2026-01-02T07:01:58,web-01,1.5149
2026-01-02T07:02:16,lb-02,14.7255
2026-01-02T07:02:27,lb-01,1.3183
2026-01-02T07:03:02,cache-03,3.2979
2026-01-02T07:04:05,cache-03,3.5402
2026-01-02T07:04:38,cache-02,2.0786
2026-01-02T07:05:47,db-01,1.4000
2026-01-02T07:06:10,cache-01,1.8491
2026-01-02T07:06:18,cache-03,3.8997
2026-01-02T07:06:28,hd-02,2.2418
2026-01-02T07:06:58,db-03,0.8707
2026-01-02T07:07:32,cache-03,15.0450
2026-01-02T07:07:44,db-02,0.4618
2026-01-02T07:09:17,lb-02,1.9810
2026-01-02T07:09:20,lb-02,13.8225
2026-01-02T07:10:27,web-03,17.1857
2026-01-02T07:11:36,db-01,5.8984
2026-01-02T07:12:42,db-02,1.2475
2026-01-02T07:12:43,lb-02,2.9619
2026-01-02T07:12:52,hd-01,5.7724
2026-01-02T07:13:08,hd-01,2.2717
2026-01-02T07:13:09,net-02,3.5585
2026-01-02T07:13:37,db-02,3.4322
2026-01-02T07:15:18,web-03,0.4125
2026-01-02T07:15:28,db-01,2.4614
2026-01-02T07:15:29,db-01,0.1978
2026-01-02T07:17:21,net-02,0.0697
2026-01-02T07:18:18,hd-02,0.5209
2026-01-02T07:18:38,web-04,0.1467
2026-01-02T07:18:39,hd-01,2.0736
2026-01-02T07:19:22,web-05,0.6546
2026-01-02T07:19:27,lb-02,4.2811
2026-01-02T07:19:32,net-04,0.0523
2026-01-02T07:19:51,net-03,0.1346
2026-01-02T07:20:04,hd-01,1.6612
2026-01-02T07:21:07,hd-02,0.3776
2026-01-02T07:22:00,net-02,10.1048
2026-01-02T07:22:15,web-01,1.0114
2026-01-02T07:22:26,cache-01,1.7971
2026-01-02T07:22:31,lb-02,14.0365
2026-01-02T07:22:33,hd-01,1.4440
2026-01-02T07:22:47,net-03,0.0229
2026-01-02T07:22:57,lb-02,3.6103
2026-01-02T07:23:52,db-03,6.7058
2026-01-02T07:24:03,net-01,1.6262
2026-01-02T07:24:13,lb-02,1.2447
2026-01-02T07:24:37,db-01,3.9766
2026-01-02T07:25:17,net-04,1.1747
2026-01-02T07:25:32,cache-03,1.5351
2026-01-02T07:25:35,cache-02,0.1611
2026-01-02T07:25:36,cache-03,4.8870
2026-01-02T07:25:50,lb-02,4.8255
2026-01-02T07:25:52,web-05,9.4383
2026-01-02T07:25:53,web-03,0.7483
2026-01-02T07:26:30,web-03,0.2640
2026-01-02T07:26:37,db-01,1.9155
2026-01-02T07:26:56,cache-02,0.2980
2026-01-02T07:27:00,lb-01,0.4500
2026-01-02T07:27:10,hd-01,1.7147
2026-01-02T07:27:23,db-02,3.4305
2026-01-02T07:28:18,cache-02,1.5159
2026-01-02T07:28:35,cache-03,1.9080
2026-01-02T07:29:01,net-01,0.8039
2026-01-02T07:29:09,net-02,4.2049
2026-01-02T07:29:24,web-05,0.9499
2026-01-02T07:29:57,db-03,0.8094
2026-01-02T07:30:03,cache-03,1.5029
2026-01-02T07:30:11,cache-02,12.7207
2026-01-02T07:31:08,lb-01,1.5887
2026-01-02T07:31:28,net-03,0.0058
2026-01-02T07:33:38,lb-01,3.5735
2026-01-02T07:34:34,db-03,0.3203
2026-01-02T07:35:17,net-04,0.8254
2026-01-02T07:35:33,net-01,0.8239
2026-01-02T07:35:40,web-05,8.4160
2026-01-02T07:35:42,db-02,1.3597
2026-01-02T07:36:50,db-02,6.1550
2026-01-02T07:37:19,net-02,1.0293
2026-01-02T07:37:26,db-01,3.2129
2026-01-02T07:37:43,hd-02,0.3757
2026-01-02T07:37:50,lb-02,0.3295
2026-01-02T07:40:19,net-04,0.0205
2026-01-02T07:40:32,net-01,11.7883
2026-01-02T07:40:36,net-01,7.6391
2026-01-02T07:40:46,db-01,0.0955
2026-01-02T07:40:58,hd-01,0.0045
2026-01-02T07:41:11,db-02,0.7145
2026-01-02T07:41:23,db-02,2.5288
2026-01-02T07:41:27,lb-02,0.8837
2026-01-02T07:41:32,db-01,3.2545
2026-01-02T07:41:48,lb-02,2.4153
2026-01-02T07:42:20,db-02,2.8664
2026-01-02T07:43:09,net-02,0.9638
2026-01-02T07:43:29,hd-01,1.2479
2026-01-02T07:43:45,db-03,0.5940
2026-01-02T07:44:20,db-01,1.1710
2026-01-02T07:44:36,hd-01,0.5764
2026-01-02T07:45:20,web-01,0.3678
2026-01-02T07:45:50,hd-01,0.2045
2026-01-02T07:45:50,cache-01,0.0471
2026-01-02T07:47:32,lb-01,1.5072
2026-01-02T07:47:45,cache-01,12.3656
2026-01-02T07:47:57,net-03,1.2159
2026-01-02T07:48:32,net-02,0.6618
2026-01-02T07:48:38,net-03,0.3060
2026-01-02T07:48:51,hd-02,1.6068
2026-01-02T07:48:57,cache-01,16.0778
2026-01-02T07:49:10,net-01,1.0334
2026-01-02T07:49:55,lb-02,0.4964
2026-01-02T07:50:04,net-03,2.4733
2026-01-02T07:50:35,net-01,2.4724
2026-01-02T07:51:33,net-04,3.8434
2026-01-02T07:52:13,net-03,0.2006
2026-01-02T07:52:27,web-04,4.2413
2026-01-02T07:52:38,net-03,2.6466
2026-01-02T07:53:55,web-03,0.1904
2026-01-02T07:53:57,db-03,0.9829
2026-01-02T07:54:13,hd-02,1.7642
2026-01-02T07:54:57,lb-01,9.4298
2026-01-02T07:54:58,db-03,6.3769
2026-01-02T07:55:50,db-02,2.8522
2026-01-02T07:56:09,cache-03,36.7514
2026-01-02T07:56:30,web-03,0.6436
2026-01-02T07:56:52,hd-02,0.4383
2026-01-02T07:58:09,hd-01,0.8164
2026-01-02T07:58:27,db-03,0.0188
2026-01-02T07:58:55,cache-02,5.9031
2026-01-02T07:59:09,db-02,1.3323
2026-01-02T07:59:18,web-05,30.3572
2026-01-02T07:59:43,db-01,0.9051
2026-01-02T08:00:14,db-02,0.5962
2026-01-02T08:00:52,lb-02,2.0681
2026-01-02T08:01:02,web-02,0.1330
2026-01-02T08:02:21,hd-01,0.2045
2026-01-02T08:02:32,lb-01,0.3922
2026-01-02T08:03:39,cache-03,12.2591
2026-01-02T08:04:37,net-01,12.2739
2026-01-02T08:04:40,hd-01,1.9751
2026-01-02T08:04:53,hd-01,4.5276
2026-01-02T08:04:55,net-01,6.9034
2026-01-02T08:04:57,web-01,6.5789
2026-01-02T08:05:20,cache-02,29.6551
2026-01-02T08:06:01,web-04,3.0330
2026-01-02T08:06:41,lb-01,0.9887
2026-01-02T08:06:52,web-02,4.7081
2026-01-02T08:07:14,hd-01,1.2617
2026-01-02T08:07:35,web-01,6.3033
2026-01-02T08:07:41,hd-01,0.5311
2026-01-02T08:08:25,net-03,3.5260
2026-01-02T08:09:22,db-01,3.5932
2026-01-02T08:09:33,db-01,0.3980
2026-01-02T08:09:50,net-04,0.7473
2026-01-02T08:10:19,hd-01,1.0637
2026-01-02T08:10:29,cache-01,2.5085
2026-01-02T08:11:48,cache-01,1.4768
2026-01-02T08:12:05,net-01,0.2464
2026-01-02T08:12:31,web-04,8.4607
2026-01-02T08:12:39,net-01,2.1966
2026-01-02T08:15:50,hd-02,7.1454
2026-01-02T08:16:25,cache-02,1.4673
2026-01-02T08:16:36,cache-03,8.2421
2026-01-02T08:16:39,hd-01,3.5685
2026-01-02T08:17:47,net-02,0.6340
2026-01-02T08:18:05,lb-01,1.9259
2026-01-02T08:19:12,hd-01,2.1426
2026-01-02T08:19:24,web-05,3.5739
2026-01-02T08:19:33,net-02,3.1498
2026-01-02T08:20:47,lb-02,1.7937
2026-01-02T08:21:02,lb-02,0.2482
2026-01-02T08:21:52,cache-01,6.3474
2026-01-02T08:22:46,net-04,3.6741
2026-01-02T08:23:12,lb-01,0.9473
2026-01-02T08:23:17,db-02,0.6141
2026-01-02T08:23:38,lb-01,13.9666
2026-01-02T08:24:01,cache-03,0.3869
2026-01-02T08:24:19,db-02,19.7941
2026-01-02T08:25:57,cache-02,0.4942
2026-01-02T08:26:21,cache-02,7.8823
2026-01-02T08:26:55,web-04,0.4017
2026-01-02T08:27:12,cache-03,1.0085
2026-01-02T08:27:52,lb-02,22.6323
2026-01-02T08:27:53,web-02,10.0333
2026-01-02T08:28:02,cache-02,5.4179
2026-01-02T08:28:20,db-02,13.6186
2026-01-02T08:28:52,db-03,14.0524
2026-01-02T08:28:55,cache-03,7.8362
2026-01-02T08:29:14,web-05,0.8186
2026-01-02T08:29:40,net-01,1.3506
2026-01-02T08:29:45,cache-01,2.1797
2026-01-02T08:31:08,net-04,1.6226
2026-01-02T08:31:14,lb-02,0.6107
2026-01-02T08:31:31,lb-02,0.1565
2026-01-02T08:31:38,cache-03,0.4974
2026-01-02T08:34:13,web-02,1.6138
2026-01-02T08:34:52,web-01,0.4647
2026-01-02T08:34:58,cache-03,17.9154
2026-01-02T08:36:29,net-01,3.5987
2026-01-02T08:37:01,cache-03,3.2757
2026-01-02T08:37:06,cache-02,1.6867
2026-01-02T08:37:30,lb-01,7.7895
2026-01-02T08:37:45,net-03,0.2841
2026-01-02T08:37:47,lb-01,2.6333
2026-01-02T08:38:01,web-04,4.3168
2026-01-02T08:38:07,net-03,3.8920
2026-01-02T08:38:43,db-03,0.1160
2026-01-02T08:39:13,cache-03,23.5389
2026-01-02T08:39:55,hd-01,0.3158
2026-01-02T08:40:00,web-02,4.6068
2026-01-02T08:40:22,web-04,2.5377
2026-01-02T08:40:33,web-02,2.3448
2026-01-02T08:40:35,db-01,2.8589
2026-01-02T08:41:15,web-03,1.1491
2026-01-02T08:41:15,web-05,8.1421
2026-01-02T08:41:33,cache-03,2.1441
2026-01-02T08:41:36,web-02,4.1430
2026-01-02T08:42:16,db-03,2.7775
2026-01-02T08:42:16,cache-03,14.0133
2026-01-02T08:42:18,net-04,19.2717
2026-01-02T08:43:36,net-04,0.2500
2026-01-02T08:43:46,hd-02,6.8790
2026-01-02T08:44:51,db-01,0.8672
2026-01-02T08:44:53,net-01,14.0613
2026-01-02T08:45:58,cache-03,8.9107
2026-01-02T08:46:34,web-04,0.3033
2026-01-02T08:46:53,db-02,17.4097
2026-01-02T08:47:29,web-01,1.6303
2026-01-02T08:47:43,db-03,2.7484
2026-01-02T08:48:09,net-03,0.9379
2026-01-02T08:48:24,hd-02,0.3631
2026-01-02T08:48:31,hd-01,0.5922
2026-01-02T08:48:43,db-03,0.6704
2026-01-02T08:48:54,web-04,0.5003
2026-01-02T08:48:56,hd-02,4.2276
2026-01-02T08:49:30,net-02,0.2630
2026-01-02T08:49:51,lb-01,0.5927
2026-01-02T08:50:38,hd-01,0.4257
2026-01-02T08:50:41,net-02,11.9493
2026-01-02T08:51:12,web-01,0.5772
2026-01-02T08:51:32,db-01,1.5292
2026-01-02T08:51:35,net-02,4.1160
2026-01-02T08:51:48,web-04,0.3718
2026-01-02T08:51:53,web-03,6.2983
2026-01-02T08:52:10,db-01,10.9087
2026-01-02T08:54:49,cache-01,1.3813
2026-01-02T08:55:46,cache-01,4.7441
2026-01-02T08:56:22,web-05,2.5521
2026-01-02T08:56:48,net-04,0.7705
2026-01-02T08:56:49,hd-02,19.0959
2026-01-02T08:57:45,lb-01,8.5425
2026-01-02T08:58:23,web-05,4.2892
2026-01-02T08:58:31,lb-01,2.3557
2026-01-02T08:58:35,cache-03,2.0605
2026-01-02T08:58:46,web-04,1.0437
2026-01-02T09:01:00,lb-02,0.1759
2026-01-02T09:01:22,lb-01,6.6803
2026-01-02T09:02:01,net-04,8.7728
2026-01-02T09:02:23,db-01,4.4179
2026-01-02T09:02:45,net-01,0.4523
2026-01-02T09:02:48,lb-02,0.4478
2026-01-02T09:03:33,net-04,1.3312
2026-01-02T09:03:38,web-05,0.6235
2026-01-02T09:03:38,db-02,1.2355
2026-01-02T09:05:03,cache-01,2.9583
2026-01-02T09:05:24,cache-01,0.0205
2026-01-02T09:05:36,net-02,3.0924
2026-01-02T09:06:13,web-03,0.0525
2026-01-02T09:07:42,net-04,3.2677
2026-01-02T09:08:15,web-04,0.0897
2026-01-02T09:09:06,cache-01,7.6351
2026-01-02T09:09:50,lb-02,3.4211
2026-01-02T09:11:06,lb-02,2.4162
2026-01-02T09:11:09,lb-01,2.1228
2026-01-02T09:11:21,cache-02,7.3232
2026-01-02T09:11:37,lb-01,0.7173
2026-01-02T09:11:47,cache-01,5.0999
2026-01-02T09:11:50,cache-01,0.1061
2026-01-02T09:12:10,db-02,7.4342
2026-01-02T09:14:19,net-04,5.0720
2026-01-02T09:15:10,cache-02,0.2133
2026-01-02T09:15:50,cache-01,2.0635
2026-01-02T09:15:58,lb-02,1.3014
2026-01-02T09:16:13,db-02,0.6006
2026-01-02T09:17:05,web-01,7.7744
2026-01-02T09:18:21,lb-02,0.6716
2026-01-02T09:18:26,lb-01,0.4900
2026-01-02T09:18:52,hd-01,3.7231
2026-01-02T09:19:40,lb-02,0.5898
2026-01-02T09:20:00,cache-02,0.7818
2026-01-02T09:20:11,hd-02,0.0128
2026-01-02T09:21:01,cache-01,0.7736
2026-01-02T09:21:33,cache-02,0.5360
2026-01-02T09:21:52,db-03,1.6027
2026-01-02T09:22:01,lb-02,10.7873
2026-01-02T09:22:17,cache-01,12.3471
2026-01-02T09:22:23,net-01,0.6192
2026-01-02T09:22:35,hd-01,0.2733
2026-01-02T09:22:45,hd-01,1.3697
2026-01-02T09:22:56,hd-01,4.4440
2026-01-02T09:23:59,hd-02,27.3926
2026-01-02T09:24:36,web-05,0.0423
2026-01-02T09:24:57,lb-01,6.7136
2026-01-02T09:26:22,cache-01,24.5012
2026-01-02T09:27:04,hd-02,0.1632
2026-01-02T09:28:44,lb-01,0.5206
2026-01-02T09:29:06,net-04,3.5268
2026-01-02T09:29:38,db-03,1.7494
2026-01-02T09:29:48,db-03,0.1178
2026-01-02T09:30:54,db-01,20.0588
2026-01-02T09:31:26,net-01,0.3996
2026-01-02T09:33:39,net-04,19.3984
2026-01-02T09:34:30,lb-02,1.5272
2026-01-02T09:35:27,lb-01,1.3250
2026-01-02T09:37:15,cache-02,10.8219
2026-01-02T09:37:33,hd-01,2.3348
2026-01-02T09:37:38,cache-02,0.4189
2026-01-02T09:38:06,net-02,0.6694
2026-01-02T09:38:23,net-02,8.6543
2026-01-02T09:41:11,web-05,3.2359
2026-01-02T09:42:18,net-02,11.3034
2026-01-02T09:42:37,lb-02,5.2146
2026-01-02T09:42:42,hd-02,0.6851
2026-01-02T09:43:29,cache-01,18.7796
2026-01-02T09:44:37,hd-02,0.4319
2026-01-02T09:44:57,web-02,2.3492
2026-01-02T09:44:57,cache-03,0.2700
2026-01-02T09:45:23,hd-01,1.7778
2026-01-02T09:46:12,db-02,5.1851
2026-01-02T09:46:17,db-01,0.8653
2026-01-02T09:46:39,hd-01,0.4726
2026-01-02T09:47:02,hd-01,8.9382
2026-01-02T09:47:33,hd-01,0.2003
2026-01-02T09:50:36,web-03,0.5535
2026-01-02T09:51:00,lb-02,0.9308
2026-01-02T09:51:32,db-03,0.6654
2026-01-02T09:52:07,web-04,0.7414
2026-01-02T09:52:19,web-01,0.0028
2026-01-02T09:52:35,db-03,1.2660
2026-01-02T09:53:27,web-02,4.5435
2026-01-02T09:53:39,lb-02,1.8501
2026-01-02T09:53:48,net-01,0.3211
2026-01-02T09:53:59,db-01,1.3578
2026-01-02T09:54:32,db-03,3.0435
2026-01-02T09:54:54,web-03,30.4782
2026-01-02T09:55:22,db-03,9.4049
2026-01-02T09:56:03,cache-01,10.8328
2026-01-02T09:56:09,hd-01,1.3433
2026-01-02T09:57:10,cache-02,44.1249
2026-01-02T09:57:27,db-02,3.0652
2026-01-02T09:57:36,cache-01,0.1462
2026-01-02T09:57:45,lb-01,5.7693
2026-01-02T09:58:03,cache-01,0.9087
2026-01-02T09:58:32,hd-01,3.3885
2026-01-02T09:58:41,db-03,0.6685
2026-01-02T09:58:42,lb-02,2.5479
2026-01-02T09:58:42,db-02,2.9384
2026-01-02T09:59:33,lb-01,6.1400
2026-01-02T09:59:46,net-01,4.7435
2026-01-02T09:59:57,db-02,2.2614
2026-01-02T10:00:03,cache-03,8.1138
2026-01-02T10:00:50,hd-01,3.4246
2026-01-02T10:03:28,net-03,0.0627
2026-01-02T10:03:44,web-04,1.5321
2026-01-02T10:04:18,cache-01,9.3488
2026-01-02T10:05:57,cache-02,1.7961
2026-01-02T10:05:57,web-02,13.0388
2026-01-02T10:06:10,db-01,3.6958
2026-01-02T10:07:02,db-02,5.3083
2026-01-02T10:07:05,db-02,0.5483
2026-01-02T10:08:20,hd-02,3.4880
2026-01-02T10:08:23,net-03,4.2898
2026-01-02T10:08:33,web-03,3.1750
2026-01-02T10:09:34,web-02,0.4568
2026-01-02T10:10:36,cache-01,0.2160
2026-01-02T10:10:50,hd-01,0.3866
2026-01-02T10:11:34,hd-02,0.5451
2026-01-02T10:12:06,lb-01,2.9289
2026-01-02T10:12:52,net-04,0.9123
2026-01-02T10:13:49,net-03,2.5587
2026-01-02T10:14:50,cache-01,6.0861
2026-01-02T10:15:14,cache-02,0.1383
2026-01-02T10:15:46,net-03,2.3700
2026-01-02T10:16:31,net-04,3.5063
2026-01-02T10:16:38,net-02,3.8125
2026-01-02T10:17:17,web-01,0.2682
2026-01-02T10:17:35,web-02,5.2008
2026-01-02T10:17:40,db-01,1.3801
2026-01-02T10:17:41,net-02,7.1649
2026-01-02T10:17:53,net-04,0.5618
2026-01-02T10:17:56,db-02,0.3413
2026-01-02T10:18:10,web-03,0.2002
2026-01-02T10:18:31,web-02,0.2724
2026-01-02T10:18:41,net-01,1.4419
2026-01-02T10:19:30,web-02,1.2711
2026-01-02T10:19:32,lb-02,5.6138
2026-01-02T10:20:04,db-03,7.0530
2026-01-02T10:20:11,net-01,0.1720
2026-01-02T10:20:25,web-01,1.9122
2026-01-02T10:21:09,cache-03,0.4891
2026-01-02T10:21:58,lb-01,0.1892
2026-01-02T10:22:09,db-02,1.3437
2026-01-02T10:22:10,web-03,2.5570
2026-01-02T10:23:11,lb-02,1.0807
2026-01-02T10:24:09,net-03,2.9491
2026-01-02T10:25:22,db-03,2.2689
2026-01-02T10:26:31,lb-01,5.4887
2026-01-02T10:27:43,net-04,0.8976
2026-01-02T10:28:17,hd-01,0.4902
2026-01-02T10:28:32,cache-02,8.9427
2026-01-02T10:28:46,cache-02,2.3120
2026-01-02T10:29:36,web-04,0.4911
2026-01-02T10:30:02,web-01,2.2695
2026-01-02T10:30:17,web-01,0.3005
2026-01-02T10:30:40,net-04,2.6227
2026-01-02T10:30:50,db-01,12.4760
2026-01-02T10:31:07,hd-01,2.1101
2026-01-02T10:31:41,lb-01,1.1145
2026-01-02T10:31:46,hd-02,0.0523
2026-01-02T10:32:15,net-02,0.1780
2026-01-02T10:32:18,hd-02,1.8024
2026-01-02T10:32:37,hd-02,6.2976
2026-01-02T10:33:49,lb-02,1.9284
2026-01-02T10:33:58,cache-03,10.6820
2026-01-02T10:34:22,net-01,6.1513
2026-01-02T10:34:46,hd-01,1.6030
2026-01-02T10:34:47,db-01,3.1192
2026-01-02T10:35:25,net-01,1.1727
2026-01-02T10:36:01,net-04,5.1059
2026-01-02T10:36:18,web-01,4.8410
2026-01-02T10:36:19,hd-02,1.4550
2026-01-02T10:36:33,cache-02,16.6139
2026-01-02T10:36:51,cache-03,0.3612
2026-01-02T10:36:56,lb-02,0.9750
2026-01-02T10:37:04,cache-01,15.4997
2026-01-02T10:37:12,net-04,15.1245
2026-01-02T10:37:14,hd-02,0.1160
2026-01-02T10:37:44,net-02,0.0304
2026-01-02T10:37:56,net-03,1.4357
2026-01-02T10:38:37,web-05,1.8576
2026-01-02T10:40:09,net-04,4.5029
2026-01-02T10:40:34,net-01,1.0795
2026-01-02T10:40:56,db-03,5.1890
2026-01-02T10:41:18,web-03,5.6439
2026-01-02T10:43:07,cache-02,5.7210
2026-01-02T10:44:02,lb-02,2.1681
2026-01-02T10:44:38,db-03,1.1597
2026-01-02T10:46:00,cache-01,3.3671
2026-01-02T10:46:36,db-03,0.1654
2026-01-02T10:46:48,db-01,4.8434
2026-01-02T10:47:13,hd-02,0.4200
2026-01-02T10:47:31,web-01,0.7692
2026-01-02T10:47:36,web-01,4.0945
2026-01-02T10:47:51,db-02,2.0508
2026-01-02T10:47:58,lb-01,0.7483
2026-01-02T10:48:09,net-03,5.2109
2026-01-02T10:48:28,web-05,2.3607
2026-01-02T10:48:31,db-02,0.6523
2026-01-02T10:48:51,lb-02,1.9788
2026-01-02T10:49:07,hd-01,3.3993
2026-01-02T10:49:26,net-01,3.1271
2026-01-02T10:49:29,db-02,1.6709
2026-01-02T10:52:19,cache-03,0.0426
2026-01-02T10:52:24,db-01,0.2906
2026-01-02T10:53:30,web-03,7.4101
2026-01-02T10:53:53,db-03,9.2165
2026-01-02T10:54:09,hd-02,2.3812
2026-01-02T10:54:42,hd-01,2.6804
2026-01-02T10:54:48,web-01,4.5537
2026-01-02T10:54:58,web-02,1.8703
2026-01-02T10:55:15,web-05,4.4881
2026-01-02T10:56:15,cache-02,2.9707
2026-01-02T10:56:34,net-04,4.5073
2026-01-02T10:57:29,hd-02,0.5319
2026-01-02T10:57:33,web-02,3.0475
2026-01-02T10:57:34,lb-02,1.4960
2026-01-02T10:58:23,web-05,1.4563
2026-01-02T10:58:31,lb-01,0.5811
2026-01-02T10:58:56,db-03,1.3663
2026-01-02T10:58:58,web-04,34.5751
2026-01-02T10:59:18,web-02,0.4140
2026-01-02T10:59:33,net-01,1.6184
2026-01-02T10:59:45,db-01,35.0170
2026-01-02T10:59:54,cache-03,1.1327
2026-01-02T11:00:15,hd-02,3.7302
2026-01-02T11:00:38,net-01,5.5009
2026-01-02T11:01:04,web-01,0.5442
2026-01-02T11:02:11,db-01,1.4326
2026-01-02T11:02:19,hd-02,4.8747
2026-01-02T11:03:02,net-04,1.1650
2026-01-02T11:03:34,net-04,0.3638
2026-01-02T11:03:36,lb-01,0.9146
2026-01-02T11:05:41,net-02,1.2967
2026-01-02T11:06:04,hd-02,0.4592
2026-01-02T11:06:12,db-03,2.5679
2026-01-02T11:06:15,net-02,4.1828
2026-01-02T11:06:36,hd-02,1.6164
2026-01-02T11:06:39,db-01,0.5690
2026-01-02T11:06:42,hd-02,3.2598
2026-01-02T11:06:51,web-04,1.0242
2026-01-02T11:06:55,db-01,0.3030
2026-01-02T11:06:57,net-02,16.6413
2026-01-02T11:07:13,cache-03,0.5110
2026-01-02T11:07:22,hd-02,7.1185
2026-01-02T11:08:29,hd-02,7.7931
2026-01-02T11:08:40,cache-02,1.6329
2026-01-02T11:09:16,lb-01,3.2876
2026-01-02T11:09:19,net-04,1.1661
2026-01-02T11:10:08,hd-01,4.9492
2026-01-02T11:10:10,lb-02,2.5929
2026-01-02T11:10:13,hd-02,1.5466
2026-01-02T11:11:04,web-03,0.4807
2026-01-02T11:11:44,lb-02,12.4278
2026-01-02T11:11:54,web-01,0.5205
2026-01-02T11:11:59,web-02,0.3067
2026-01-02T11:12:40,net-01,0.0287
2026-01-02T11:13:51,lb-01,0.6855
2026-01-02T11:14:06,lb-02,3.7714
2026-01-02T11:14:22,web-03,0.2758
2026-01-02T11:14:48,web-03,0.0938
2026-01-02T11:14:52,lb-01,6.1638
2026-01-02T11:15:09,net-01,0.3001
2026-01-02T11:15:42,hd-01,1.7564
2026-01-02T11:15:45,lb-02,3.5605
2026-01-02T11:16:03,lb-02,0.3435
2026-01-02T11:17:08,net-03,0.3787
2026-01-02T11:17:23,web-04,2.5112
2026-01-02T11:17:32,net-01,2.7463
2026-01-02T11:20:03,web-04,1.3907
2026-01-02T11:20:53,cache-01,0.5773
2026-01-02T11:21:31,db-01,4.6298
2026-01-02T11:21:58,hd-01,0.0531
2026-01-02T11:22:03,db-03,2.9579
2026-01-02T11:23:41,lb-02,0.0156
2026-01-02T11:24:39,lb-02,2.9976
2026-01-02T11:25:01,db-02,5.6147
2026-01-02T11:25:05,cache-03,0.5121
2026-01-02T11:25:08,net-03,0.5503
2026-01-02T11:26:20,net-02,0.4466
2026-01-02T11:27:28,web-01,3.2115
2026-01-02T11:27:37,cache-01,2.2134
2026-01-02T11:27:55,hd-01,0.9717
2026-01-02T11:28:20,cache-02,0.9370
2026-01-02T11:28:24,cache-03,4.4620
2026-01-02T11:29:08,web-04,9.4055
2026-01-02T11:29:32,net-04,1.9270
2026-01-02T11:30:45,net-01,1.6625
2026-01-02T11:31:52,hd-01,2.5687
2026-01-02T11:32:16,net-04,1.5046
2026-01-02T11:32:18,cache-02,0.3686
2026-01-02T11:32:53,lb-01,4.6969
2026-01-02T11:32:58,net-02,0.2825
2026-01-02T11:33:14,web-01,11.9849
2026-01-02T11:33:23,cache-03,3.1441
2026-01-02T11:33:29,cache-03,0.9344
2026-01-02T11:33:34,net-01,1.2128
2026-01-02T11:33:41,web-05,0.2089
2026-01-02T11:34:12,lb-01,0.8730
2026-01-02T11:34:45,cache-03,7.2500
2026-01-02T11:35:17,web-01,0.6753
2026-01-02T11:35:26,hd-02,2.1401
2026-01-02T11:35:46,cache-03,10.8360
2026-01-02T11:36:44,lb-02,0.2895
2026-01-02T11:37:02,db-02,1.9013
2026-01-02T11:37:56,db-03,0.1101
2026-01-02T11:38:17,db-03,5.5926
2026-01-02T11:38:18,db-02,3.1005
2026-01-02T11:39:11,web-05,1.0557
2026-01-02T11:39:37,lb-01,3.7677
2026-01-02T11:40:43,db-02,0.6131
2026-01-02T11:42:57,db-02,0.3850
2026-01-02T11:43:27,lb-02,1.3572
2026-01-02T11:43:33,hd-01,1.1888
2026-01-02T11:44:36,lb-01,1.4425
2026-01-02T11:44:39,web-02,0.3677
2026-01-02T11:45:02,web-03,0.8784
2026-01-02T11:45:55,db-01,11.4756
2026-01-02T11:45:58,web-03,5.2395
2026-01-02T11:46:13,net-01,0.3701
2026-01-02T11:46:22,lb-01,1.2243
2026-01-02T11:46:48,hd-02,1.9857
2026-01-02T11:47:23,hd-01,0.8443
2026-01-02T11:47:53,db-02,0.0187
2026-01-02T11:47:54,cache-02,0.8034
2026-01-02T11:48:33,hd-01,9.2225
2026-01-02T11:48:58,cache-01,1.9638
2026-01-02T11:49:12,hd-02,20.5001
2026-01-02T11:49:13,lb-01,1.2429
2026-01-02T11:49:44,net-04,6.9520
2026-01-02T11:49:58,lb-01,0.0807
2026-01-02T11:50:09,db-03,7.6384
2026-01-02T11:50:12,hd-02,0.4075
2026-01-02T11:52:40,db-01,2.6604
2026-01-02T11:52:45,web-01,0.6114
2026-01-02T11:53:07,hd-02,4.3781
2026-01-02T11:53:10,hd-01,1.4669
2026-01-02T11:53:29,net-01,1.8896
2026-01-02T11:54:05,cache-01,1.9716
2026-01-02T11:54:48,web-02,1.5881
2026-01-02T11:55:10,net-04,6.9326
2026-01-02T11:55:26,web-01,0.4524
2026-01-02T11:55:32,db-03,2.9605
2026-01-02T11:55:58,web-05,22.3255
2026-01-02T11:56:27,hd-01,0.1486
2026-01-02T11:56:51,hd-01,11.1952
2026-01-02T11:57:25,web-05,1.3538
2026-01-02T11:57:52,cache-01,0.6393
2026-01-02T11:58:13,lb-02,3.8150
2026-01-02T11:58:29,db-03,3.0920
2026-01-02T11:58:32,web-02,0.1450
2026-01-02T11:58:48,lb-01,2.3905
2026-01-02T12:00:29,web-02,1.1571
2026-01-02T12:00:56,db-02,5.3435
2026-01-02T12:01:23,hd-02,0.2382
2026-01-02T12:01:36,cache-01,0.5767
2026-01-02T12:02:02,lb-02,6.1926
2026-01-02T12:03:11,cache-03,4.7155
2026-01-02T12:03:46,lb-02,13.4862
2026-01-02T12:04:17,db-03,7.8792
2026-01-02T12:04:18,lb-01,0.6247
2026-01-02T12:05:17,lb-02,2.1644
2026-01-02T12:05:41,cache-03,0.1083
2026-01-02T12:05:42,db-02,11.1297
2026-01-02T12:05:57,web-03,2.9389
2026-01-02T12:06:49,lb-02,1.0566
2026-01-02T12:07:13,web-03,11.8213
2026-01-02T12:08:30,web-05,10.0431
2026-01-02T12:08:59,db-03,0.3636
2026-01-02T12:10:30,lb-01,6.4633
2026-01-02T12:10:35,cache-02,0.6521
2026-01-02T12:11:06,cache-03,0.6014
2026-01-02T12:11:16,net-02,4.5994
2026-01-02T12:12:10,db-01,0.0321
2026-01-02T12:12:13,db-03,12.5005
2026-01-02T12:12:26,hd-02,13.5682
2026-01-02T12:12:41,hd-02,0.0507
2026-01-02T12:12:43,web-01,5.6838
2026-01-02T12:12:54,net-01,0.4179
2026-01-02T12:14:02,db-01,2.1899
2026-01-02T12:14:17,db-03,0.9270
2026-01-02T12:15:24,web-05,0.4329
2026-01-02T12:16:00,lb-01,2.0745
2026-01-02T12:16:04,hd-01,0.2714
2026-01-02T12:16:15,net-01,0.1394
2026-01-02T12:16:50,net-02,1.1107
2026-01-02T12:16:56,web-02,0.5534
2026-01-02T12:17:13,web-05,3.2025
2026-01-02T12:18:09,net-04,5.9920
2026-01-02T12:18:13,cache-01,0.8188
2026-01-02T12:18:48,web-01,0.3451
2026-01-02T12:19:20,cache-02,5.6926
2026-01-02T12:19:49,hd-01,0.5882
2026-01-02T12:19:49,lb-02,11.7264
2026-01-02T12:20:47,web-04,1.5325
2026-01-02T12:21:46,web-04,0.2185
2026-01-02T12:21:46,web-05,1.4044
2026-01-02T12:21:53,lb-02,0.6765
2026-01-02T12:22:01,db-02,1.0243
2026-01-02T12:24:41,net-04,14.4738
2026-01-02T12:25:49,hd-02,3.8662
2026-01-02T12:26:14,db-02,10.9848
2026-01-02T12:26:59,hd-01,3.4641
2026-01-02T12:27:06,lb-02,1.1221
2026-01-02T12:27:07,hd-01,6.6610
2026-01-02T12:28:17,db-01,7.4842
2026-01-02T12:28:40,db-02,4.4998
2026-01-02T12:29:40,web-01,1.6174
2026-01-02T12:30:05,web-03,0.6901
2026-01-02T12:30:22,db-03,3.6173
2026-01-02T12:30:56,web-03,1.3599
2026-01-02T12:30:58,hd-01,50.2446
2026-01-02T12:32:50,lb-02,7.2698
2026-01-02T12:33:15,web-02,0.6380
2026-01-02T12:33:52,db-02,0.2558
2026-01-02T12:34:19,lb-02,6.3055
2026-01-02T12:36:01,cache-02,1.8310
2026-01-02T12:36:26,lb-02,0.4675
2026-01-02T12:36:43,cache-01,0.3984
2026-01-02T12:38:10,web-05,3.9707
2026-01-02T12:38:43,db-03,0.5499
2026-01-02T12:39:13,lb-01,0.0109
2026-01-02T12:40:12,hd-02,0.4258
2026-01-02T12:40:23,db-03,5.6980
2026-01-02T12:40:41,db-01,1.6359
2026-01-02T12:40:48,hd-01,0.2556
2026-01-02T12:41:14,hd-01,3.4993
2026-01-02T12:41:49,hd-02,2.3852
2026-01-02T12:42:15,db-03,0.3483
2026-01-02T12:43:51,hd-02,0.5141
2026-01-02T12:43:59,web-02,0.8420
2026-01-02T12:45:52,cache-01,5.7596
2026-01-02T12:47:54,web-04,9.7448
2026-01-02T12:47:57,web-01,1.4446
2026-01-02T12:48:40,db-02,0.7624
2026-01-02T12:49:57,cache-01,2.3248
2026-01-02T12:50:48,cache-01,7.5961
2026-01-02T12:51:08,web-04,3.1728
2026-01-02T12:51:08,db-02,3.1754
2026-01-02T12:51:15,cache-03,3.5405
2026-01-02T12:51:20,web-05,12.5183
2026-01-02T12:51:36,net-02,2.0559
2026-01-02T12:52:35,db-03,1.8618
2026-01-02T12:52:47,hd-01,1.0408
2026-01-02T12:53:06,web-03,0.0645
2026-01-02T12:54:10,net-02,0.6158
2026-01-02T12:54:56,lb-01,1.0997
2026-01-02T12:55:28,hd-01,2.5339
2026-01-02T12:57:15,net-04,4.0711
2026-01-02T12:57:20,cache-02,1.3445
2026-01-02T12:57:20,lb-02,0.2454
2026-01-02T12:57:45,db-02,2.2426
2026-01-02T12:57:47,lb-01,3.0429
2026-01-02T12:58:06,cache-01,1.4570
2026-01-02T12:58:09,db-02,0.5629
2026-01-02T12:58:12,cache-02,2.3056
2026-01-02T12:58:15,db-03,3.4118
2026-01-02T12:58:22,web-01,6.4045
2026-01-02T13:00:26,cache-02,3.0400
2026-01-02T13:00:30,db-02,0.7472
2026-01-02T13:00:41,net-04,1.0135
2026-01-02T13:02:00,db-03,0.0664
2026-01-02T13:02:31,web-04,4.2215
2026-01-02T13:03:15,cache-02,2.6111
2026-01-02T13:03:20,net-04,3.0255
2026-01-02T13:03:29,db-01,1.1974
2026-01-02T13:03:32,net-03,0.3289
2026-01-02T13:04:15,net-04,0.4910
2026-01-02T13:04:33,hd-02,0.2452
2026-01-02T13:04:40,hd-02,7.1063
2026-01-02T13:05:07,web-03,0.7002
2026-01-02T13:05:37,hd-01,1.4399
2026-01-02T13:05:43,db-02,0.2807
2026-01-02T13:06:02,lb-02,14.6523
2026-01-02T13:06:39,lb-02,0.2482
2026-01-02T13:06:50,net-01,6.4425
2026-01-02T13:06:54,web-03,1.0837
2026-01-02T13:07:41,hd-01,4.7548
2026-01-02T13:07:44,cache-03,7.2670
2026-01-02T13:07:49,lb-02,1.0082
2026-01-02T13:08:12,net-01,4.0384
2026-01-02T13:09:21,web-02,1.1463
2026-01-02T13:10:00,web-02,6.0553
2026-01-02T13:10:08,hd-01,1.1444
2026-01-02T13:10:28,lb-02,3.5154
2026-01-02T13:10:36,lb-01,19.9153
2026-01-02T13:10:53,hd-02,1.3855
2026-01-02T13:11:27,hd-01,1.7015
2026-01-02T13:12:03,hd-02,4.6077
2026-01-02T13:13:42,web-03,0.3294
2026-01-02T13:14:39,cache-02,1.2266
2026-01-02T13:15:42,hd-02,1.5595
2026-01-02T13:16:37,net-04,2.0109
2026-01-02T13:17:16,cache-02,5.8068
2026-01-02T13:18:18,lb-02,3.3189
2026-01-02T13:18:25,db-03,2.2198
2026-01-02T13:18:37,web-02,3.1311
2026-01-02T13:18:40,db-02,6.9871
2026-01-02T13:19:10,lb-02,1.5436
2026-01-02T13:20:13,lb-02,4.2247
2026-01-02T13:20:43,cache-01,21.4944
2026-01-02T13:21:24,web-05,9.0349
2026-01-02T13:21:33,db-02,0.0492
2026-01-02T13:22:44,web-01,5.7111
2026-01-02T13:23:03,db-02,3.8127
2026-01-02T13:23:55,hd-02,0.6376
2026-01-02T13:24:14,db-03,0.1998
2026-01-02T13:25:10,web-03,13.5269
2026-01-02T13:25:17,net-04,7.1054
2026-01-02T13:26:14,net-04,3.0669
2026-01-02T13:26:14,cache-01,1.4119
2026-01-02T13:27:07,db-01,1.9695
2026-01-02T13:27:22,web-05,4.9854
2026-01-02T13:28:57,net-03,4.1394
2026-01-02T13:28:59,net-04,6.0657
2026-01-02T13:29:14,db-03,1.8809
2026-01-02T13:30:11,hd-02,35.0777
2026-01-02T13:30:30,cache-02,1.2119
2026-01-02T13:30:39,lb-01,1.8417
2026-01-02T13:30:46,lb-02,0.9451
2026-01-02T13:31:06,hd-01,0.1920
2026-01-02T13:31:24,db-01,0.0584
2026-01-02T13:31:24,cache-01,3.0185
2026-01-02T13:31:28,hd-02,1.7705
2026-01-02T13:31:47,lb-02,0.1797
2026-01-02T13:32:53,net-04,5.6010
2026-01-02T13:33:04,net-04,0.4657
2026-01-02T13:33:22,net-03,0.7842
2026-01-02T13:34:16,db-02,3.1579
2026-01-02T13:34:28,net-03,9.4745
2026-01-02T13:36:40,lb-01,1.5773
2026-01-02T13:36:47,web-03,0.2423
2026-01-02T13:37:12,lb-01,0.0998
2026-01-02T13:38:35,db-03,14.0103
2026-01-02T13:38:38,web-04,5.5405
2026-01-02T13:38:47,lb-01,2.9214
2026-01-02T13:39:34,net-01,2.8783
2026-01-02T13:39:54,cache-03,4.1508
2026-01-02T13:40:04,lb-02,5.3214
2026-01-02T13:40:12,hd-02,1.7627
2026-01-02T13:40:44,lb-02,6.4734
2026-01-02T13:40:44,web-05,0.4187
2026-01-02T13:40:47,web-04,0.2684
2026-01-02T13:41:17,net-03,3.1693
2026-01-02T13:41:23,cache-01,7.7827
2026-01-02T13:42:15,cache-01,11.6698
2026-01-02T13:43:46,web-01,1.3490
2026-01-02T13:44:20,web-02,0.3562
2026-01-02T13:44:41,hd-01,4.2371
2026-01-02T13:45:30,db-02,27.5019
2026-01-02T13:46:03,lb-02,0.7349
2026-01-02T13:46:26,cache-02,0.2770
2026-01-02T13:46:39,web-01,2.3560
2026-01-02T13:47:04,cache-01,1.7819
2026-01-02T13:48:13,db-03,0.8808
2026-01-02T13:48:47,cache-01,13.9489
2026-01-02T13:49:05,web-05,1.4436
2026-01-02T13:49:13,hd-01,2.1931
2026-01-02T13:49:30,db-02,0.7103
2026-01-02T13:49:39,hd-01,2.1451
2026-01-02T13:49:57,net-03,0.3467
2026-01-02T13:49:58,hd-01,2.0856
2026-01-02T13:50:08,web-02,1.4234
2026-01-02T13:51:02,web-03,0.5362
2026-01-02T13:51:22,web-04,1.6766
2026-01-02T13:52:21,lb-02,8.6304
2026-01-02T13:52:28,cache-02,5.6888
2026-01-02T13:52:47,web-03,11.3859
2026-01-02T13:54:42,net-02,0.2829
2026-01-02T13:55:49,lb-01,0.3569
2026-01-02T13:56:04,web-03,0.4988
2026-01-02T13:56:46,lb-02,0.1628
2026-01-02T13:57:07,db-01,4.0805
2026-01-02T13:57:33,net-01,0.5044
2026-01-02T13:58:35,lb-01,1.2447
2026-01-02T13:58:50,db-01,8.9972
2026-01-02T13:58:54,net-01,1.4828
2026-01-02T13:59:34,cache-01,26.0547
2026-01-02T14:00:47,hd-02,1.1958
2026-01-02T14:01:20,cache-03,2.6252
2026-01-02T14:02:28,hd-02,4.9510
2026-01-02T14:03:10,cache-03,11.4348
2026-01-02T14:03:39,net-02,2.2256
2026-01-02T14:04:05,db-01,0.3754
2026-01-02T14:05:00,hd-01,0.0238
2026-01-02T14:05:23,lb-01,1.5362
2026-01-02T14:05:33,db-03,6.1344
2026-01-02T14:05:46,db-03,0.1031
2026-01-02T14:05:53,db-01,0.0602
2026-01-02T14:05:54,lb-01,0.9455
2026-01-02T14:06:15,db-02,5.9540
2026-01-02T14:06:31,cache-03,0.4237
2026-01-02T14:06:52,hd-02,2.5966
2026-01-02T14:07:31,db-01,3.8127
2026-01-02T14:08:39,cache-02,0.8331
2026-01-02T14:09:16,lb-02,2.0221
2026-01-02T14:10:08,hd-02,1.3637
2026-01-02T14:10:19,db-01,0.4765
2026-01-02T14:10:30,hd-01,12.5522
2026-01-02T14:11:01,hd-02,5.5390
2026-01-02T14:11:20,lb-02,4.9227
2026-01-02T14:12:22,web-03,8.2071
2026-01-02T14:12:51,db-03,0.3041
2026-01-02T14:13:07,hd-01,2.7635
2026-01-02T14:13:34,cache-03,5.3060
2026-01-02T14:13:49,lb-02,2.7012
2026-01-02T14:14:01,net-03,1.6236
2026-01-02T14:15:07,lb-01,15.4277
2026-01-02T14:15:09,web-02,1.6228
2026-01-02T14:15:16,db-01,5.4493
2026-01-02T14:16:01,hd-01,1.2182
2026-01-02T14:16:10,web-05,0.8958
2026-01-02T14:16:26,net-03,7.2719
2026-01-02T14:16:45,cache-03,16.0493
2026-01-02T14:17:16,net-03,6.0497
2026-01-02T14:17:31,net-03,1.7073
2026-01-02T14:18:01,cache-02,3.1216
2026-01-02T14:18:03,db-03,0.4791
2026-01-02T14:18:05,lb-01,0.3810
2026-01-02T14:18:49,lb-02,0.2034
2026-01-02T14:18:54,db-02,3.5529
2026-01-02T14:19:00,net-01,3.3892
2026-01-02T14:19:38,db-03,1.6551
2026-01-02T14:19:58,cache-02,0.6673
2026-01-02T14:20:14,web-03,5.1887
2026-01-02T14:23:58,db-03,0.8757
2026-01-02T14:24:02,lb-01,0.4242
2026-01-02T14:24:27,hd-02,0.8557
2026-01-02T14:25:08,db-03,0.2878
2026-01-02T14:25:36,cache-01,1.8864
2026-01-02T14:26:35,hd-02,0.8098
2026-01-02T14:26:39,hd-02,6.7816
2026-01-02T14:27:16,cache-02,0.3822
2026-01-02T14:28:07,net-01,2.7291
2026-01-02T14:28:29,lb-02,5.5225
2026-01-02T14:28:40,cache-01,7.9634
2026-01-02T14:29:31,hd-02,1.1662
2026-01-02T14:29:41,web-04,0.6284
2026-01-02T14:29:50,web-04,0.4928
2026-01-02T14:29:54,lb-02,1.8912
2026-01-02T14:30:24,cache-02,2.9473
2026-01-02T14:30:33,db-02,3.0350
2026-01-02T14:30:34,web-01,2.5096
2026-01-02T14:30:39,db-02,0.0132
2026-01-02T14:30:50,db-03,5.8182
2026-01-02T14:31:11,hd-01,1.3216
2026-01-02T14:31:13,web-05,1.8523
2026-01-02T14:31:22,db-03,7.8308
2026-01-02T14:31:56,lb-02,0.2963
2026-01-02T14:32:16,net-03,2.8996
2026-01-02T14:32:29,net-04,0.4605
2026-01-02T14:32:40,web-02,1.2516
2026-01-02T14:33:32,web-02,4.1053
2026-01-02T14:33:38,db-03,19.9345
2026-01-02T14:34:25,db-02,9.3582
2026-01-02T14:35:19,cache-02,0.5454
2026-01-02T14:35:20,web-02,5.1485
2026-01-02T14:35:24,lb-01,4.7973
2026-01-02T14:36:56,cache-01,3.0199
2026-01-02T14:36:57,web-05,8.9622
2026-01-02T14:37:27,lb-01,0.2770
2026-01-02T14:37:31,db-02,0.0964
2026-01-02T14:37:34,net-02,3.4308
2026-01-02T14:38:10,web-01,3.4778
2026-01-02T14:38:49,net-04,2.0806
2026-01-02T14:39:55,hd-02,2.5304
2026-01-02T14:41:29,db-01,1.3984
2026-01-02T14:41:55,web-03,11.8844
2026-01-02T14:42:24,hd-02,1.1795
2026-01-02T14:42:34,web-03,1.3293
2026-01-02T14:42:38,cache-01,0.2542
2026-01-02T14:43:16,web-04,0.5475
2026-01-02T14:44:31,hd-02,11.2341
2026-01-02T14:45:03,lb-02,0.0544
2026-01-02T14:45:09,net-01,0.3749
2026-01-02T14:46:08,lb-01,0.6237
2026-01-02T14:46:13,cache-01,2.9982
2026-01-02T14:46:19,hd-01,0.6729
2026-01-02T14:46:22,lb-02,2.6608
2026-01-02T14:46:44,db-01,0.4243
2026-01-02T14:47:07,db-01,3.7818
2026-01-02T14:47:45,db-03,3.3453
2026-01-02T14:47:53,lb-01,15.7228
2026-01-02T14:48:15,lb-02,0.1971
2026-01-02T14:48:24,cache-02,3.7712
2026-01-02T14:48:29,cache-01,3.4199
2026-01-02T14:48:41,web-02,2.6222
2026-01-02T14:52:18,hd-02,0.2314
2026-01-02T14:53:16,db-03,0.4897
2026-01-02T14:53:32,net-02,5.1657
2026-01-02T14:54:27,hd-02,0.2129
2026-01-02T14:55:29,hd-02,1.4952
2026-01-02T14:55:42,net-04,2.9504
2026-01-02T14:56:31,web-03,2.7538
2026-01-02T14:57:04,lb-02,0.6864
2026-01-02T14:58:56,lb-02,8.0036
2026-01-02T14:59:10,web-04,4.1126
2026-01-02T14:59:26,net-01,2.0734
2026-01-02T14:59:58,hd-02,1.6906
2026-01-02T15:00:53,web-04,7.8794
2026-01-02T15:00:54,lb-02,1.3645
2026-01-02T15:00:54,hd-02,0.0937
2026-01-02T15:01:38,web-01,1.0032
2026-01-02T15:02:13,lb-02,1.6260
2026-01-02T15:02:22,lb-02,0.7449
2026-01-02T15:03:53,cache-03,6.4410
2026-01-02T15:03:54,net-03,5.5013
2026-01-02T15:04:08,lb-02,0.9340
2026-01-02T15:04:12,web-04,2.6930
2026-01-02T15:04:17,hd-02,0.3157
2026-01-02T15:04:30,web-03,1.9758
2026-01-02T15:04:41,hd-01,8.5564
2026-01-02T15:05:58,db-03,0.4947
2026-01-02T15:06:24,web-01,3.7103
2026-01-02T15:06:28,web-05,3.3123
2026-01-02T15:07:14,hd-02,2.8348
2026-01-02T15:07:34,web-04,3.5205
2026-01-02T15:08:11,web-02,0.3561
2026-01-02T15:08:13,net-04,0.8947
2026-01-02T15:08:15,web-03,4.9435
2026-01-02T15:08:26,web-05,1.3925
2026-01-02T15:08:26,hd-01,10.8970
2026-01-02T15:08:58,hd-02,5.2004
2026-01-02T15:09:31,cache-01,2.2181
2026-01-02T15:09:57,net-02,0.9532
2026-01-02T15:14:02,db-01,3.4022
2026-01-02T15:14:08,web-02,1.9596
2026-01-02T15:14:16,db-02,16.4956
2026-01-02T15:14:31,db-03,4.0144
2026-01-02T15:14:51,lb-01,0.7774
2026-01-02T15:15:33,net-04,3.6053
2026-01-02T15:16:01,db-03,8.1998
2026-01-02T15:17:35,web-04,1.8304
2026-01-02T15:18:19,db-02,0.0871
2026-01-02T15:18:29,db-01,0.2248
2026-01-02T15:18:50,cache-01,0.8913
2026-01-02T15:19:03,cache-02,0.7859
2026-01-02T15:20:01,db-01,1.8442
2026-01-02T15:20:34,hd-02,1.0460
2026-01-02T15:20:49,db-03,3.5431
2026-01-02T15:20:54,web-01,7.1967
2026-01-02T15:20:59,web-04,3.1215
2026-01-02T15:21:30,hd-01,0.1628
2026-01-02T15:21:44,db-03,10.1296
2026-01-02T15:21:52,hd-02,0.6056
2026-01-02T15:22:12,cache-02,14.9685
2026-01-02T15:23:41,web-01,33.8167
2026-01-02T15:24:27,net-03,1.3890
2026-01-02T15:24:44,lb-02,1.5622
2026-01-02T15:24:49,hd-02,0.6190
2026-01-02T15:25:07,lb-01,3.4499
2026-01-02T15:25:13,net-01,0.6777
2026-01-02T15:25:16,hd-01,0.7643
2026-01-02T15:27:08,net-01,9.1990
2026-01-02T15:27:35,lb-02,4.2233
2026-01-02T15:27:59,db-02,0.3273
2026-01-02T15:29:01,hd-02,0.2843
2026-01-02T15:29:30,lb-02,0.1866
2026-01-02T15:29:50,net-04,16.3641
2026-01-02T15:30:00,web-04,10.9516
2026-01-02T15:30:17,hd-02,20.5989
2026-01-02T15:30:21,hd-02,1.4717
2026-01-02T15:30:22,cache-02,7.9044
2026-01-02T15:30:24,net-03,11.7902
2026-01-02T15:30:42,net-04,1.5461
2026-01-02T15:31:11,lb-02,0.3009
2026-01-02T15:31:25,db-03,3.6223
2026-01-02T15:31:38,cache-03,1.2588
2026-01-02T15:32:06,lb-02,0.7400
2026-01-02T15:32:25,db-03,2.8531
2026-01-02T15:33:00,web-01,4.3243
2026-01-02T15:33:59,db-03,0.6499
2026-01-02T15:34:45,db-03,0.1509
2026-01-02T15:35:04,net-04,2.4376
2026-01-02T15:35:53,cache-01,2.8018
2026-01-02T15:37:46,cache-03,0.0373
2026-01-02T15:39:07,web-05,0.8786
2026-01-02T15:39:53,hd-02,1.8503
2026-01-02T15:39:57,lb-01,1.3231
2026-01-02T15:40:01,web-03,2.0973
2026-01-02T15:40:02,db-01,0.7902
2026-01-02T15:40:41,net-04,2.0970
2026-01-02T15:41:08,lb-02,0.8506
2026-01-02T15:42:12,hd-02,1.8779
2026-01-02T15:44:49,cache-03,0.0794
2026-01-02T15:44:51,cache-03,2.4646
2026-01-02T15:44:55,web-01,10.0819
2026-01-02T15:45:21,hd-02,0.9484
2026-01-02T15:45:31,net-02,1.1595
2026-01-02T15:45:40,lb-01,0.2688
2026-01-02T15:46:20,net-02,5.5951
2026-01-02T15:46:44,db-03,11.3090
2026-01-02T15:47:42,cache-03,1.9643
2026-01-02T15:47:49,hd-02,1.0355
2026-01-02T15:48:49,hd-01,2.1991
2026-01-02T15:49:18,net-01,5.7199
2026-01-02T15:49:30,lb-02,1.3607
2026-01-02T15:49:36,hd-02,2.0486
2026-01-02T15:50:15,lb-01,1.6929
2026-01-02T15:50:26,net-01,14.9974
2026-01-02T15:50:34,net-03,3.9817
2026-01-02T15:51:09,cache-02,3.0688
2026-01-02T15:51:45,lb-02,2.4043
2026-01-02T15:52:08,db-03,2.3958
2026-01-02T15:52:17,web-03,0.1127
2026-01-02T15:52:50,net-04,1.8846
2026-01-02T15:53:04,net-01,2.7924
2026-01-02T15:54:16,hd-01,2.5856
2026-01-02T15:54:46,net-04,4.9444
2026-01-02T15:54:52,cache-01,2.9336
2026-01-02T15:54:58,cache-01,0.8908
2026-01-02T15:55:28,lb-01,2.2533
2026-01-02T15:55:53,net-04,1.2916
2026-01-02T15:56:10,web-01,4.1786
2026-01-02T15:56:26,net-03,1.3792
2026-01-02T15:57:27,lb-01,0.7226
2026-01-02T15:58:24,web-03,16.9615
2026-01-02T15:58:28,net-02,5.9447
2026-01-02T15:58:45,cache-03,0.1747
2026-01-02T15:59:20,net-03,1.3426
2026-01-02T15:59:29,lb-01,2.1108
2026-01-02T15:59:58,web-04,0.7385
2026-01-02T16:00:13,hd-01,0.8639
2026-01-02T16:02:29,web-01,8.9491
2026-01-02T16:02:31,web-02,0.1305
2026-01-02T16:02:31,db-03,7.2757
2026-01-02T16:02:32,db-03,0.5792
2026-01-02T16:02:41,db-01,0.1459
2026-01-02T16:02:42,db-02,1.4650
2026-01-02T16:02:48,web-04,3.1291
2026-01-02T16:02:50,db-01,2.1286
2026-01-02T16:03:10,db-01,0.3046
2026-01-02T16:03:28,lb-02,2.9766
2026-01-02T16:03:37,web-02,3.4332
2026-01-02T16:04:35,hd-02,8.2869
2026-01-02T16:05:25,net-02,1.1434
2026-01-02T16:06:00,net-04,0.1091
2026-01-02T16:06:53,lb-02,0.0127
2026-01-02T16:07:03,net-04,0.8182
2026-01-02T16:07:38,lb-02,1.9393
2026-01-02T16:08:36,cache-01,0.3537
2026-01-02T16:08:51,db-03,1.8353
2026-01-02T16:10:03,lb-01,13.8295
2026-01-02T16:10:28,net-02,3.0123
2026-01-02T16:10:38,web-02,1.8169
2026-01-02T16:11:03,web-04,1.6614
2026-01-02T16:11:28,hd-01,3.5448
2026-01-02T16:12:30,cache-01,4.2993
2026-01-02T16:13:38,cache-03,2.0451
2026-01-02T16:14:13,net-01,2.5720
2026-01-02T16:14:29,cache-02,7.0126
2026-01-02T16:14:35,hd-02,4.2064
2026-01-02T16:15:00,web-03,0.4959
2026-01-02T16:15:08,lb-01,0.3289
2026-01-02T16:17:11,lb-02,5.5071
2026-01-02T16:19:10,hd-01,1.2756
2026-01-02T16:19:17,cache-01,5.8792
2026-01-02T16:19:39,net-01,5.3403
2026-01-02T16:20:19,cache-02,2.6340
2026-01-02T16:20:22,cache-03,2.9340
2026-01-02T16:20:29,db-01,1.0330
2026-01-02T16:20:36,db-02,0.6464
2026-01-02T16:21:09,web-04,27.8615
2026-01-02T16:22:19,net-04,0.7178
2026-01-02T16:22:21,lb-01,0.4674
2026-01-02T16:23:14,net-03,10.9045
2026-01-02T16:23:19,cache-02,0.5062
2026-01-02T16:23:22,lb-01,1.0837
2026-01-02T16:24:26,lb-01,0.7699
2026-01-02T16:24:40,lb-01,4.1349
2026-01-02T16:25:19,net-01,0.9203
2026-01-02T16:25:28,hd-02,0.9164
2026-01-02T16:25:47,hd-01,1.6633
2026-01-02T16:25:49,net-03,4.2825
2026-01-02T16:26:02,web-03,3.4531
2026-01-02T16:26:15,cache-01,0.6924
2026-01-02T16:27:35,net-04,1.9933
2026-01-02T16:27:37,lb-01,5.0124
2026-01-02T16:28:08,cache-03,1.2869
2026-01-02T16:29:04,hd-02,0.0467
2026-01-02T16:29:31,cache-03,0.7775
2026-01-02T16:30:03,lb-01,1.7138
2026-01-02T16:30:23,net-04,3.9472
2026-01-02T16:30:41,hd-01,0.0550
2026-01-02T16:31:12,web-04,1.8936
2026-01-02T16:31:51,web-04,0.3566
2026-01-02T16:32:27,db-02,1.0046
2026-01-02T16:32:36,cache-03,0.3378
2026-01-02T16:33:53,lb-02,10.5602
2026-01-02T16:34:05,net-02,7.3377
2026-01-02T16:34:26,net-02,0.9942
2026-01-02T16:34:44,db-02,3.4090
2026-01-02T16:36:24,db-02,2.7233
2026-01-02T16:37:02,lb-01,0.0442
2026-01-02T16:37:02,cache-01,0.8375
2026-01-02T16:37:12,cache-03,0.2108
2026-01-02T16:37:26,net-04,2.4351
2026-01-02T16:37:40,hd-01,3.8542
2026-01-02T16:37:45,lb-01,0.8521
2026-01-02T16:37:46,lb-01,3.2863
2026-01-02T16:37:57,lb-01,1.6129
2026-01-02T16:39:07,net-04,0.8565
2026-01-02T16:39:17,hd-01,0.3776
2026-01-02T16:39:48,cache-02,1.4067
2026-01-02T16:40:15,hd-02,7.6939
2026-01-02T16:40:30,web-01,2.7892
2026-01-02T16:41:05,net-04,12.3745
2026-01-02T16:41:55,hd-02,0.9339
2026-01-02T16:42:02,lb-02,0.6516
2026-01-02T16:42:39,cache-03,0.4014
2026-01-02T16:42:48,net-01,1.2063
2026-01-02T16:43:25,hd-01,5.3822
2026-01-02T16:43:43,web-05,2.0726
2026-01-02T16:43:47,hd-01,2.5530
2026-01-02T16:44:00,net-04,5.4417
2026-01-02T16:45:05,hd-02,4.9727
2026-01-02T16:45:08,lb-02,0.4788
2026-01-02T16:45:12,cache-01,6.4038
2026-01-02T16:45:20,cache-01,6.2458
2026-01-02T16:46:46,db-02,10.2403
2026-01-02T16:47:39,net-04,0.6798
2026-01-02T16:47:55,lb-01,2.6167
2026-01-02T16:48:00,db-02,1.4987
2026-01-02T16:48:07,web-01,11.7832
2026-01-02T16:49:01,hd-01,2.2029
2026-01-02T16:49:31,hd-01,0.5141
2026-01-02T16:49:53,cache-02,0.6419
2026-01-02T16:50:28,lb-01,1.6635
2026-01-02T16:50:38,web-01,3.7247
2026-01-02T16:50:47,db-02,1.4308
2026-01-02T16:51:30,cache-02,3.9263
2026-01-02T16:51:39,web-04,0.1268
2026-01-02T16:53:07,web-02,2.3003
2026-01-02T16:53:44,net-03,2.8050
2026-01-02T16:54:19,net-04,3.8757
2026-01-02T16:56:22,cache-01,0.7952
2026-01-02T16:56:25,db-02,1.8023
2026-01-02T16:57:39,db-03,1.5077
2026-01-02T16:58:05,db-02,21.0094
2026-01-02T16:59:10,db-01,1.7782
2026-01-02T16:59:59,cache-01,0.8433
2026-01-02T17:01:00,web-03,1.2560
2026-01-02T17:01:01,net-02,2.5491
2026-01-02T17:01:25,db-01,1.2234
2026-01-02T17:03:07,hd-01,2.6681
2026-01-02T17:05:38,cache-03,4.6698
2026-01-02T17:05:57,lb-02,0.0557
2026-01-02T17:06:57,web-05,41.3335
2026-01-02T17:07:56,web-01,2.8289
2026-01-02T17:08:17,db-01,0.2687
2026-01-02T17:08:25,web-05,2.9617
2026-01-02T17:08:34,lb-02,1.1690
2026-01-02T17:09:32,hd-01,1.8273
2026-01-02T17:10:43,web-01,0.1346
2026-01-02T17:11:02,hd-01,1.9531
2026-01-02T17:11:02,cache-01,0.0873
2026-01-02T17:11:04,db-02,0.8573
2026-01-02T17:11:07,web-03,1.9145
2026-01-02T17:11:35,cache-03,3.1776
2026-01-02T17:12:17,lb-02,1.1291
2026-01-02T17:12:51,web-05,3.1576
2026-01-02T17:12:54,lb-01,5.6591
2026-01-02T17:13:18,db-03,14.3396
2026-01-02T17:13:25,hd-01,1.2636
2026-01-02T17:13:26,lb-02,3.1599
2026-01-02T17:13:29,db-02,5.7981
2026-01-02T17:14:01,web-03,0.5074
2026-01-02T17:14:13,hd-01,13.8002
2026-01-02T17:14:26,web-01,0.4503
2026-01-02T17:16:05,cache-03,6.8668
2026-01-02T17:17:21,cache-02,0.6946
2026-01-02T17:17:31,hd-02,1.9055
2026-01-02T17:17:31,cache-03,9.8461
2026-01-02T17:18:00,lb-01,2.1717
2026-01-02T17:19:03,cache-01,0.0384
2026-01-02T17:21:21,net-01,5.3691
2026-01-02T17:23:20,net-01,2.0060
2026-01-02T17:23:57,db-01,3.0249
2026-01-02T17:24:04,hd-02,3.3646
2026-01-02T17:25:54,web-01,1.4920
2026-01-02T17:26:17,net-02,0.6230
2026-01-02T17:26:19,web-03,9.2560
2026-01-02T17:26:21,web-04,2.0666
2026-01-02T17:26:23,cache-02,2.7075
2026-01-02T17:26:41,web-05,13.4233
2026-01-02T17:26:42,hd-02,1.3047
2026-01-02T17:26:48,net-03,3.5900
2026-01-02T17:27:01,cache-02,1.0859
2026-01-02T17:27:14,hd-02,3.7768
2026-01-02T17:27:31,cache-01,1.6297
2026-01-02T17:28:12,hd-01,0.6114
2026-01-02T17:29:33,lb-02,1.9103
2026-01-02T17:29:39,hd-01,3.8632
2026-01-02T17:30:05,net-03,2.4413
2026-01-02T17:30:09,hd-01,0.2897
2026-01-02T17:30:25,web-05,0.0111
2026-01-02T17:30:31,web-02,0.2191
2026-01-02T17:30:38,web-02,0.7048
2026-01-02T17:31:21,net-03,2.8667
2026-01-02T17:35:39,db-01,4.2779
2026-01-02T17:35:46,web-05,11.3621
2026-01-02T17:36:05,lb-01,0.0826
2026-01-02T17:36:28,cache-03,4.5489
2026-01-02T17:36:48,db-02,0.7821
2026-01-02T17:38:18,web-02,29.4501
2026-01-02T17:38:27,db-01,1.0418
2026-01-02T17:39:05,hd-01,13.4917
2026-01-02T17:39:33,net-02,7.5815
2026-01-02T17:40:02,net-02,5.3387
2026-01-02T17:40:14,web-03,63.8062
2026-01-02T17:41:54,cache-02,0.6570
2026-01-02T17:44:36,web-03,5.3963
2026-01-02T17:46:08,db-03,17.6633
2026-01-02T17:46:18,web-04,9.7068
2026-01-02T17:46:47,net-02,1.6536
2026-01-02T17:46:48,net-03,2.5811
2026-01-02T17:48:00,db-03,3.6209
2026-01-02T17:48:13,hd-01,0.7480
2026-01-02T17:48:29,lb-02,5.0516
2026-01-02T17:49:07,web-05,1.7145
2026-01-02T17:49:32,net-02,3.6020
2026-01-02T17:49:49,db-01,6.0195
2026-01-02T17:50:29,cache-02,0.5959
2026-01-02T17:50:37,hd-02,4.0768
2026-01-02T17:51:48,hd-01,0.4731
2026-01-02T17:51:56,lb-02,1.8156
2026-01-02T17:52:06,db-01,4.6776
2026-01-02T17:53:18,hd-02,2.1680
2026-01-02T17:53:20,db-03,14.6285
2026-01-02T17:53:23,net-02,0.0873
2026-01-02T17:53:46,lb-01,1.3583
2026-01-02T17:54:00,hd-02,6.0605
2026-01-02T17:54:06,lb-02,9.6629
2026-01-02T17:54:31,net-04,1.6884
2026-01-02T17:54:47,net-02,1.6625
2026-01-02T17:54:52,db-02,1.1334
2026-01-02T17:55:17,cache-01,0.1934
2026-01-02T17:55:32,web-05,0.4330
2026-01-02T17:55:42,cache-02,1.2451
2026-01-02T17:55:46,net-04,18.2830
2026-01-02T17:58:17,lb-01,0.1210
2026-01-02T17:59:12,lb-02,6.2381
2026-01-02T17:59:52,hd-02,0.1618
2026-01-02T17:59:55,cache-01,0.5765
2026-01-02T18:00:44,cache-02,3.9168
2026-01-02T18:00:50,hd-02,1.6957
2026-01-02T18:00:54,cache-01,3.1132
2026-01-02T18:01:23,cache-01,2.3595
2026-01-02T18:01:42,cache-02,0.5204
2026-01-02T18:02:04,db-03,1.0659
2026-01-02T18:02:22,db-01,10.4968
2026-01-02T18:03:39,lb-02,3.3176
2026-01-02T18:04:17,hd-02,8.8019
2026-01-02T18:04:17,cache-02,0.3291
2026-01-02T18:04:30,net-01,0.2418
2026-01-02T18:05:02,lb-02,7.0805
2026-01-02T18:06:09,net-04,7.8863
2026-01-02T18:07:06,hd-01,4.9559
2026-01-02T18:07:09,hd-02,2.5593
2026-01-02T18:07:28,web-02,1.0312
2026-01-02T18:07:44,web-02,0.8206
2026-01-02T18:09:22,lb-02,1.0603
2026-01-02T18:09:28,net-03,0.6304
2026-01-02T18:09:37,db-02,1.4880
2026-01-02T18:09:47,db-02,3.4245
2026-01-02T18:09:59,lb-01,2.6098
2026-01-02T18:10:13,hd-01,1.1558
2026-01-02T18:10:38,db-01,4.6177
2026-01-02T18:11:32,cache-02,8.7480
2026-01-02T18:13:22,lb-01,4.0499
2026-01-02T18:13:38,db-02,11.2704
2026-01-02T18:14:09,db-02,1.5438
2026-01-02T18:14:43,lb-02,2.6152
2026-01-02T18:15:04,db-01,0.9845
2026-01-02T18:15:09,net-02,2.7021
2026-01-02T18:15:13,web-04,0.7437
2026-01-02T18:15:28,net-03,9.4472
2026-01-02T18:19:02,web-05,1.8108
2026-01-02T18:19:12,net-01,0.2706
2026-01-02T18:19:20,db-01,1.5598
2026-01-02T18:19:31,net-01,1.5047
2026-01-02T18:20:50,web-05,1.5497
2026-01-02T18:22:07,net-02,1.5513
2026-01-02T18:22:17,db-03,5.2375
2026-01-02T18:22:21,hd-02,7.3134
2026-01-02T18:22:54,lb-02,4.9493
2026-01-02T18:23:04,net-01,1.6109
2026-01-02T18:23:48,web-05,39.3935
2026-01-02T18:24:04,lb-02,4.7873
2026-01-02T18:24:13,lb-01,0.1395
2026-01-02T18:24:40,db-03,2.7326
2026-01-02T18:24:45,net-03,11.0064
2026-01-02T18:25:22,net-04,12.0588
2026-01-02T18:25:44,cache-01,1.9085
2026-01-02T18:25:48,lb-01,0.1632
2026-01-02T18:25:58,web-05,2.5751
2026-01-02T18:26:16,cache-02,1.3111
2026-01-02T18:26:29,web-01,4.8464
2026-01-02T18:27:05,web-01,0.1434
2026-01-02T18:28:55,net-01,5.2330
2026-01-02T18:29:33,db-02,1.5224
2026-01-02T18:29:59,lb-02,0.4692
2026-01-02T18:30:05,web-03,0.6535
2026-01-02T18:30:18,web-05,13.1763
2026-01-02T18:30:35,lb-01,5.9327
2026-01-02T18:30:38,db-01,0.9326
2026-01-02T18:31:41,web-04,5.3521
2026-01-02T18:32:01,web-01,18.8906
2026-01-02T18:32:35,db-03,2.0450
2026-01-02T18:32:57,web-02,0.6699
2026-01-02T18:34:20,lb-02,1.0748
2026-01-02T18:34:33,hd-02,14.9154
2026-01-02T18:36:13,cache-01,17.6852
2026-01-02T18:37:01,net-04,0.5371
2026-01-02T18:37:09,web-01,2.1290
2026-01-02T18:37:43,lb-02,3.7013
2026-01-02T18:38:46,db-03,1.7816
2026-01-02T18:39:01,lb-02,0.2163
2026-01-02T18:39:12,lb-01,0.6093
2026-01-02T18:39:51,web-01,7.0402
2026-01-02T18:41:10,net-03,0.9306
2026-01-02T18:41:54,cache-01,1.8207
2026-01-02T18:42:29,hd-02,0.5623
2026-01-02T18:42:42,lb-02,0.2330
2026-01-02T18:43:20,web-04,12.9364
2026-01-02T18:43:45,web-02,1.8201
2026-01-02T18:44:30,lb-02,3.2846
2026-01-02T18:45:10,lb-01,0.6523
2026-01-02T18:45:36,lb-02,5.9389
2026-01-02T18:46:03,web-05,2.8201
2026-01-02T18:46:26,db-03,1.5105
2026-01-02T18:46:38,cache-02,0.2814
2026-01-02T18:46:45,db-01,2.4971
2026-01-02T18:47:08,hd-01,0.5916
2026-01-02T18:47:26,hd-01,3.5367
2026-01-02T18:48:22,net-04,0.8145
2026-01-02T18:48:42,db-01,0.6973
2026-01-02T18:48:51,web-03,14.1763
2026-01-02T18:48:52,cache-02,0.4347
2026-01-02T18:49:02,net-04,11.3789
2026-01-02T18:49:19,lb-01,0.1333
2026-01-02T18:49:27,db-02,7.3137
2026-01-02T18:49:31,web-05,0.8720
2026-01-02T18:50:40,cache-03,1.7523
2026-01-02T18:50:53,web-02,2.2780
2026-01-02T18:52:22,web-02,0.0795
2026-01-02T18:52:33,cache-02,3.8619
2026-01-02T18:53:10,hd-01,17.7481
2026-01-02T18:53:21,web-02,5.6965
2026-01-02T18:53:25,db-01,0.5577
2026-01-02T18:54:07,cache-01,1.8816
2026-01-02T18:54:15,net-02,1.4012
2026-01-02T18:54:53,lb-01,0.7564
2026-01-02T18:54:55,net-01,0.1605
2026-01-02T18:55:04,web-05,1.7359
2026-01-02T18:55:19,lb-02,1.4551
2026-01-02T18:56:06,cache-02,0.5625
2026-01-02T18:56:11,net-01,5.3095
2026-01-02T18:57:42,lb-01,1.9932
2026-01-02T18:57:54,lb-01,7.6698
2026-01-02T18:58:41,hd-02,0.3873
2026-01-02T18:59:14,lb-01,0.9503
2026-01-02T18:59:46,cache-03,3.6673
2026-01-02T19:00:02,db-01,0.3125
2026-01-02T19:00:52,db-02,11.8648
2026-01-02T19:01:28,hd-01,0.1689
2026-01-02T19:02:24,web-02,8.1175
2026-01-02T19:03:07,hd-01,1.7328
2026-01-02T19:03:22,net-01,10.5441
2026-01-02T19:03:31,lb-01,2.5118
2026-01-02T19:03:56,db-01,3.6225
2026-01-02T19:03:57,net-02,3.8387
2026-01-02T19:04:04,lb-02,0.8480
2026-01-02T19:04:13,lb-02,0.9035
2026-01-02T19:05:17,db-02,3.0917
2026-01-02T19:05:23,db-03,1.2857
2026-01-02T19:05:32,db-03,0.7554
2026-01-02T19:05:59,hd-02,3.5166
2026-01-02T19:06:54,net-02,5.0527
2026-01-02T19:07:40,hd-02,6.5921
2026-01-02T19:08:29,lb-02,0.0893
2026-01-02T19:09:30,lb-02,1.0023
2026-01-02T19:10:14,net-01,33.5913
2026-01-02T19:10:43,db-01,0.7067
2026-01-02T19:10:49,web-02,1.9414
2026-01-02T19:11:54,db-03,3.2904
2026-01-02T19:13:02,lb-01,19.1700
2026-01-02T19:13:22,hd-02,1.3535
2026-01-02T19:13:28,net-04,3.9137
2026-01-02T19:13:36,db-03,8.3327
2026-01-02T19:13:39,cache-02,3.3573
2026-01-02T19:13:43,web-03,0.8050
2026-01-02T19:13:48,lb-02,1.2044
2026-01-02T19:14:08,net-01,0.1752
2026-01-02T19:14:08,db-02,23.2855
2026-01-02T19:15:38,net-04,2.2409
2026-01-02T19:15:46,net-01,0.7642
2026-01-02T19:16:16,lb-01,59.1844
2026-01-02T19:17:09,lb-01,2.3801
2026-01-02T19:18:11,db-01,0.9135
2026-01-02T19:18:22,net-04,0.2228
2026-01-02T19:19:45,cache-01,1.2688
2026-01-02T19:19:48,db-03,2.2982
2026-01-02T19:20:22,net-02,9.9123
2026-01-02T19:20:33,web-04,0.6433
2026-01-02T19:21:19,db-02,15.0731
2026-01-02T19:21:58,lb-01,1.3064
2026-01-02T19:22:22,db-01,0.5429
2026-01-02T19:22:52,lb-01,0.8133
2026-01-02T19:23:17,cache-03,3.9656
2026-01-02T19:23:18,lb-01,4.9453
2026-01-02T19:23:20,web-05,1.2951
2026-01-02T19:24:04,web-03,0.7144
2026-01-02T19:24:56,hd-02,0.2443
2026-01-02T19:25:11,lb-01,0.6194
2026-01-02T19:25:38,web-03,1.3421
2026-01-02T19:25:38,web-01,2.2794
2026-01-02T19:25:40,hd-02,0.3815
2026-01-02T19:26:50,db-03,0.0377
2026-01-02T19:28:12,lb-02,7.0186
2026-01-02T19:28:12,web-04,0.0037
2026-01-02T19:29:12,cache-02,1.2114
2026-01-02T19:29:23,db-03,0.5323
2026-01-02T19:29:26,hd-02,2.2040
2026-01-02T19:30:00,hd-01,7.4647
2026-01-02T19:30:09,lb-02,4.9386
2026-01-02T19:30:15,db-03,0.4522
2026-01-02T19:30:24,db-03,1.7344
2026-01-02T19:30:48,db-02,4.4671
2026-01-02T19:31:13,lb-01,5.2192
2026-01-02T19:32:33,hd-02,0.9014
2026-01-02T19:33:13,cache-03,7.3672
2026-01-02T19:33:38,db-01,5.8355
2026-01-02T19:34:06,web-05,5.0315
2026-01-02T19:34:07,hd-01,1.1037
2026-01-02T19:34:22,lb-01,1.2502
2026-01-02T19:34:46,lb-02,8.8226
2026-01-02T19:35:32,net-04,8.7005
2026-01-02T19:35:38,net-03,0.6604
2026-01-02T19:37:02,lb-01,9.6749
2026-01-02T19:37:58,db-02,7.6685
2026-01-02T19:38:03,db-03,0.2233
2026-01-02T19:39:09,hd-01,0.8445
2026-01-02T19:39:25,cache-01,3.7076
2026-01-02T19:39:25,web-04,0.2074
2026-01-02T19:39:37,hd-02,1.4460
2026-01-02T19:39:47,lb-01,32.3225
2026-01-02T19:39:54,db-02,2.2978
2026-01-02T19:39:56,net-04,2.9302
2026-01-02T19:40:53,net-01,2.1299
2026-01-02T19:42:19,cache-03,1.3380
2026-01-02T19:43:15,db-02,3.9005
2026-01-02T19:43:22,lb-02,8.0013
2026-01-02T19:44:25,lb-02,9.2204
2026-01-02T19:46:25,net-04,2.2706
2026-01-02T19:49:03,hd-01,0.5468
2026-01-02T19:49:04,net-03,0.4518
2026-01-02T19:49:09,net-03,3.8876
2026-01-02T19:51:16,hd-01,3.2418
2026-01-02T19:51:17,cache-01,0.7908
2026-01-02T19:51:54,db-02,0.2974
2026-01-02T19:52:06,db-03,0.4106
2026-01-02T19:52:11,hd-02,2.3393
2026-01-02T19:52:23,db-02,0.2489
2026-01-02T19:53:59,lb-01,16.3821
2026-01-02T19:55:22,db-03,0.7747
2026-01-02T19:56:08,cache-02,0.8406
2026-01-02T19:56:13,db-02,0.9677
2026-01-02T19:56:18,db-02,4.0820
2026-01-02T19:57:08,hd-02,11.7473
2026-01-02T19:57:24,db-02,0.3495
2026-01-02T19:58:24,cache-01,0.2921
2026-01-02T19:58:48,hd-02,6.8859
2026-01-02T20:01:51,web-02,3.0630
2026-01-02T20:02:08,db-01,3.4940
2026-01-02T20:02:35,cache-02,0.3070
2026-01-02T20:03:12,hd-02,0.0689
2026-01-02T20:03:14,net-01,3.6551
2026-01-02T20:04:06,net-04,4.9418
2026-01-02T20:04:58,db-02,0.9319
2026-01-02T20:05:49,db-02,0.0653
2026-01-02T20:06:48,lb-02,0.0983
2026-01-02T20:07:22,web-03,0.2963
2026-01-02T20:07:23,cache-02,4.0748
2026-01-02T20:07:43,net-01,5.0115
2026-01-02T20:08:01,net-03,4.0141
2026-01-02T20:08:02,lb-01,1.6979
2026-01-02T20:08:50,db-01,3.4283
2026-01-02T20:09:21,hd-02,2.1908
2026-01-02T20:09:22,web-04,1.8335
2026-01-02T20:09:56,web-01,0.4768
2026-01-02T20:11:01,db-03,4.1600
2026-01-02T20:11:28,net-03,1.1256
2026-01-02T20:11:38,db-01,4.9013
2026-01-02T20:12:06,cache-03,0.8536
2026-01-02T20:12:42,net-04,1.7632
2026-01-02T20:12:44,net-03,1.8807
2026-01-02T20:13:28,cache-03,3.4131
2026-01-02T20:13:32,hd-01,2.0567
2026-01-02T20:14:17,db-02,3.0896
2026-01-02T20:14:17,net-01,2.4987
2026-01-02T20:14:49,web-03,0.4971
2026-01-02T20:15:54,lb-01,0.0677
2026-01-02T20:16:19,lb-01,0.3105
2026-01-02T20:17:00,lb-02,0.3897
2026-01-02T20:17:06,web-05,4.5627
2026-01-02T20:17:31,db-03,3.3820
2026-01-02T20:17:52,db-03,19.5341
2026-01-02T20:18:03,cache-02,2.8350
2026-01-02T20:18:49,net-02,1.5556
2026-01-02T20:18:59,web-02,0.2942
2026-01-02T20:20:05,lb-01,2.6367
2026-01-02T20:20:44,cache-02,5.8891
2026-01-02T20:21:05,net-03,3.9360
2026-01-02T20:22:07,hd-01,0.1383
2026-01-02T20:23:20,web-02,11.5709
2026-01-02T20:23:55,cache-03,0.0024
2026-01-02T20:25:07,db-02,4.2288
2026-01-02T20:26:07,hd-02,7.0166
2026-01-02T20:26:17,db-02,5.9562
2026-01-02T20:28:33,net-01,0.0217
2026-01-02T20:28:39,cache-03,0.7683
2026-01-02T20:28:41,db-03,3.3060
2026-01-02T20:29:00,cache-03,0.4242
2026-01-02T20:29:20,hd-01,48.4256
2026-01-02T20:30:03,db-02,5.8720
2026-01-02T20:30:45,net-02,1.8642
2026-01-02T20:30:52,lb-01,0.4311
2026-01-02T20:31:15,web-02,0.0439
2026-01-02T20:31:25,db-03,1.3681
2026-01-02T20:31:43,net-02,0.5256
2026-01-02T20:31:55,web-02,1.0359
2026-01-02T20:32:31,cache-02,2.7816
2026-01-02T20:33:11,db-01,59.5304
2026-01-02T20:33:21,db-01,9.5512
2026-01-02T20:33:32,cache-01,1.1573
2026-01-02T20:33:42,net-02,4.4200
2026-01-02T20:35:53,db-02,0.0812
2026-01-02T20:36:01,lb-02,0.7040
2026-01-02T20:36:50,hd-01,11.3207
2026-01-02T20:37:09,net-02,9.4465
2026-01-02T20:38:17,db-03,2.9036
2026-01-02T20:38:48,cache-01,2.1687
2026-01-02T20:39:14,hd-02,5.4549
2026-01-02T20:39:27,lb-01,12.3589
2026-01-02T20:40:25,db-03,9.5554
2026-01-02T20:41:20,lb-02,0.0770
2026-01-02T20:41:23,net-03,0.6649
2026-01-02T20:42:29,db-02,1.3706
2026-01-02T20:43:00,net-02,5.2059
2026-01-02T20:43:00,cache-03,0.4047
2026-01-02T20:43:12,net-01,5.6186
2026-01-02T20:43:26,cache-01,18.0868
2026-01-02T20:43:34,cache-01,0.9143
2026-01-02T20:43:37,web-01,0.5069
2026-01-02T20:43:48,hd-02,1.0745
2026-01-02T20:43:58,lb-01,6.0931
2026-01-02T20:44:25,hd-02,1.3543
2026-01-02T20:45:09,web-02,3.1961
2026-01-02T20:45:09,cache-02,23.8804
2026-01-02T20:46:20,lb-01,0.1216
2026-01-02T20:48:53,web-02,0.6891
2026-01-02T20:49:09,hd-01,2.4145
2026-01-02T20:49:25,db-02,1.2868
2026-01-02T20:49:37,hd-02,11.9117
2026-01-02T20:49:39,lb-01,2.5236
2026-01-02T20:49:58,db-03,1.0510
2026-01-02T20:51:13,hd-01,0.6927
2026-01-02T20:52:32,lb-01,2.5958
2026-01-02T20:52:54,db-01,3.6191
2026-01-02T20:53:25,cache-03,10.7477
2026-01-02T20:53:35,web-05,0.5776
2026-01-02T20:54:10,net-03,1.3008
2026-01-02T20:54:10,db-02,2.9843
2026-01-02T20:54:40,web-04,0.2278
2026-01-02T20:55:02,db-02,1.4702
2026-01-02T20:55:42,db-02,5.8705
2026-01-02T20:56:04,net-04,1.0225
2026-01-02T20:56:06,hd-02,3.2283
2026-01-02T20:56:09,hd-01,0.3916
2026-01-02T20:57:00,web-05,2.2149
2026-01-02T20:57:01,db-03,0.7856
2026-01-02T20:58:08,web-01,5.7791
2026-01-02T20:59:15,lb-01,0.0376
2026-01-02T20:59:39,db-01,1.1692
2026-01-02T21:01:30,cache-01,1.3821
2026-01-02T21:01:34,db-02,0.7214
2026-01-02T21:01:34,web-01,7.0232
2026-01-02T21:01:57,net-02,0.7070
2026-01-02T21:02:50,web-04,1.3682
2026-01-02T21:05:17,lb-02,0.6055
2026-01-02T21:05:53,web-05,0.7714
2026-01-02T21:06:23,net-03,3.0472
2026-01-02T21:06:44,web-02,0.5452
2026-01-02T21:06:58,lb-01,4.6606
2026-01-02T21:07:07,db-03,0.3756
2026-01-02T21:07:30,hd-01,4.0567
2026-01-02T21:07:36,lb-02,12.7274
2026-01-02T21:07:40,web-04,3.1298
2026-01-02T21:07:50,lb-01,4.1060
2026-01-02T21:08:32,web-05,7.0021
2026-01-02T21:09:10,db-02,91.9220
2026-01-02T21:10:08,db-03,0.2929
2026-01-02T21:10:23,net-02,0.1877
2026-01-02T21:10:32,hd-01,0.6503
2026-01-02T21:11:04,lb-02,12.3237
2026-01-02T21:11:14,hd-01,10.3458
2026-01-02T21:12:24,net-02,0.7315
2026-01-02T21:13:05,lb-01,1.3289
2026-01-02T21:13:50,web-04,3.2912
2026-01-02T21:14:41,net-02,7.3787
2026-01-02T21:14:50,web-02,6.1786
2026-01-02T21:15:18,web-03,26.7109
2026-01-02T21:15:52,lb-01,16.3609
2026-01-02T21:16:09,lb-02,4.8538
2026-01-02T21:16:37,hd-01,1.8116
2026-01-02T21:16:41,web-05,0.2570
2026-01-02T21:16:45,web-04,0.3719
2026-01-02T21:17:37,hd-01,1.4959
2026-01-02T21:19:43,lb-01,3.4131
2026-01-02T21:20:28,cache-02,0.5675
2026-01-02T21:21:29,hd-02,2.7592
2026-01-02T21:21:47,web-03,3.3553
2026-01-02T21:22:30,hd-01,4.0135
2026-01-02T21:22:31,cache-03,0.3687
2026-01-02T21:23:25,cache-01,8.0569
2026-01-02T21:23:45,web-03,9.4433
2026-01-02T21:24:56,net-02,4.3668
2026-01-02T21:25:35,lb-01,1.7596
2026-01-02T21:26:15,cache-01,5.7476
2026-01-02T21:27:37,lb-01,1.3538
2026-01-02T21:27:40,db-02,2.5892
2026-01-02T21:28:46,web-01,5.7681
2026-01-02T21:29:50,hd-01,2.1618
2026-01-02T21:30:03,cache-02,16.0939
2026-01-02T21:30:24,hd-02,1.0356
2026-01-02T21:31:43,lb-02,3.4169
2026-01-02T21:32:57,db-01,0.2388
2026-01-02T21:33:00,lb-02,0.5530
2026-01-02T21:33:27,web-05,7.4214
2026-01-02T21:34:14,web-02,1.4171
2026-01-02T21:34:19,net-04,6.5887
2026-01-02T21:34:31,hd-02,6.5461
2026-01-02T21:35:46,hd-02,1.7180
2026-01-02T21:36:10,lb-01,2.5297
2026-01-02T21:36:55,cache-01,29.0051
2026-01-02T21:36:58,lb-02,1.2941
2026-01-02T21:37:46,lb-02,1.7228
2026-01-02T21:38:24,lb-01,0.7963
2026-01-02T21:38:37,lb-02,3.3564
2026-01-02T21:39:27,hd-02,1.9430
2026-01-02T21:39:33,lb-01,0.4884
2026-01-02T21:40:14,hd-02,0.1620
2026-01-02T21:40:15,web-03,0.3617
2026-01-02T21:41:07,hd-01,3.8054
2026-01-02T21:41:22,cache-01,5.9244
2026-01-02T21:41:27,db-02,6.0572
2026-01-02T21:41:51,hd-02,0.8359
2026-01-02T21:42:07,cache-01,14.1879
2026-01-02T21:42:37,lb-01,47.8557
2026-01-02T21:42:54,db-01,0.2342
2026-01-02T21:43:02,web-02,0.8952
2026-01-02T21:43:37,cache-02,0.5134
2026-01-02T21:43:57,hd-02,10.9295
2026-01-02T21:44:00,hd-02,50.0142
2026-01-02T21:45:24,lb-01,7.4805
2026-01-02T21:45:32,hd-02,5.0922
2026-01-02T21:45:55,web-02,2.4239
2026-01-02T21:47:13,net-02,13.4034
2026-01-02T21:47:56,lb-02,2.4499
2026-01-02T21:48:55,lb-01,1.3129
2026-01-02T21:49:16,cache-01,0.3604
2026-01-02T21:49:22,cache-02,1.4534
2026-01-02T21:49:47,db-02,14.0658
2026-01-02T21:49:54,web-03,0.3247
2026-01-02T21:50:35,lb-02,1.6980
2026-01-02T21:50:40,lb-02,0.5913
2026-01-02T21:51:33,web-03,0.4538
2026-01-02T21:52:46,web-03,1.5494
2026-01-02T21:53:09,hd-01,1.3291
2026-01-02T21:54:28,net-04,1.4710
2026-01-02T21:55:29,net-02,0.8472
2026-01-02T21:56:11,db-02,3.8683
2026-01-02T21:56:58,lb-01,2.3396
2026-01-02T21:57:01,lb-02,0.7453
2026-01-02T21:57:02,web-01,1.2053
2026-01-02T21:57:03,lb-01,4.9740
2026-01-02T21:57:21,lb-01,4.8166
2026-01-02T21:57:53,lb-01,1.4369
2026-01-02T21:58:27,net-02,15.0285
2026-01-02T21:59:15,hd-02,2.4012
2026-01-02T21:59:30,hd-02,0.8962
2026-01-02T22:00:20,net-04,1.6237
2026-01-02T22:01:18,lb-02,13.3016
2026-01-02T22:03:08,hd-02,2.5367
2026-01-02T22:03:43,net-03,0.3142
2026-01-02T22:03:54,lb-01,1.1378
2026-01-02T22:04:01,db-03,7.4987
2026-01-02T22:05:01,hd-02,0.2382
2026-01-02T22:05:14,db-02,6.3482
2026-01-02T22:05:31,db-02,4.2151
2026-01-02T22:05:42,net-03,9.5313
2026-01-02T22:05:59,hd-01,0.8622
2026-01-02T22:06:04,hd-01,2.4751
2026-01-02T22:06:07,net-04,0.2438
2026-01-02T22:06:13,cache-01,1.3241
2026-01-02T22:06:18,cache-02,5.6666
2026-01-02T22:06:24,cache-01,2.5998
2026-01-02T22:06:41,lb-01,2.6767
2026-01-02T22:07:40,web-04,3.0921
2026-01-02T22:09:43,db-02,0.8382
2026-01-02T22:09:45,web-05,5.9342
2026-01-02T22:10:04,web-01,0.8245
2026-01-02T22:11:40,db-03,0.9527
2026-01-02T22:12:37,net-03,2.8561
2026-01-02T22:12:46,net-01,0.1772
2026-01-02T22:12:51,cache-01,0.1832
2026-01-02T22:13:45,web-04,1.8132
2026-01-02T22:13:47,db-01,0.7871
2026-01-02T22:13:50,net-04,3.8051
2026-01-02T22:13:52,lb-01,6.4248
2026-01-02T22:13:59,net-01,1.3408
2026-01-02T22:14:34,cache-03,10.9156
2026-01-02T22:14:44,net-03,3.2182
2026-01-02T22:15:19,net-02,5.5282
2026-01-02T22:16:11,cache-03,10.0978
2026-01-02T22:16:13,db-03,2.9554
2026-01-02T22:16:23,cache-01,3.7695
2026-01-02T22:16:25,lb-02,6.9892
2026-01-02T22:17:17,lb-01,1.2894
2026-01-02T22:17:32,lb-02,16.5281
2026-01-02T22:18:15,db-03,2.7540
2026-01-02T22:19:15,web-01,0.5160
2026-01-02T22:19:35,cache-01,10.9026
2026-01-02T22:19:39,db-03,1.6362
2026-01-02T22:20:10,web-01,3.3207
2026-01-02T22:20:12,hd-02,1.2031
2026-01-02T22:20:37,db-02,0.2281
2026-01-02T22:20:55,lb-01,1.0576
2026-01-02T22:21:38,web-04,0.6666
2026-01-02T22:22:15,lb-01,1.6361
2026-01-02T22:22:19,net-04,12.0106
2026-01-02T22:22:21,db-03,0.2867
2026-01-02T22:23:00,hd-01,0.3974
2026-01-02T22:23:05,hd-02,2.8999
2026-01-02T22:23:17,net-03,1.0435
2026-01-02T22:23:23,web-04,0.9069
2026-01-02T22:23:36,net-01,11.0093
2026-01-02T22:25:22,cache-02,4.1901
2026-01-02T22:25:38,cache-01,12.4337
2026-01-02T22:26:05,lb-01,5.1305
2026-01-02T22:27:02,web-05,0.9689
2026-01-02T22:27:19,net-04,2.3929
2026-01-02T22:27:21,web-02,2.3218
2026-01-02T22:28:46,web-03,3.1734
2026-01-02T22:29:21,db-01,1.9654
2026-01-02T22:29:43,web-04,0.0459
2026-01-02T22:30:03,web-04,1.1097
2026-01-02T22:30:23,web-02,0.7219
2026-01-02T22:30:29,hd-01,0.7888
2026-01-02T22:31:28,hd-01,1.4381
2026-01-02T22:31:32,lb-02,0.8623
2026-01-02T22:31:39,net-02,0.1057
2026-01-02T22:32:32,hd-02,0.0238
2026-01-02T22:32:46,lb-01,13.1274
2026-01-02T22:32:49,db-02,0.3133
2026-01-02T22:33:40,web-04,1.0707
2026-01-02T22:34:14,cache-03,0.7889
2026-01-02T22:35:18,hd-01,6.7221
2026-01-02T22:35:40,web-02,11.3626
2026-01-02T22:36:34,db-03,0.3370
2026-01-02T22:36:53,hd-01,0.5346
2026-01-02T22:37:53,hd-01,1.0219
2026-01-02T22:37:55,db-02,0.7053
2026-01-02T22:38:57,hd-01,2.2852
2026-01-02T22:39:06,lb-01,9.6629
2026-01-02T22:39:52,db-03,2.4661
2026-01-02T22:40:06,net-02,0.0398
2026-01-02T22:40:32,cache-03,0.7134
2026-01-02T22:40:36,lb-01,0.2631
2026-01-02T22:40:59,lb-01,0.1303
2026-01-02T22:41:01,hd-01,0.7986
2026-01-02T22:41:08,lb-02,0.2744
2026-01-02T22:42:17,cache-03,5.3917
2026-01-02T22:42:33,web-03,0.0016
2026-01-02T22:43:06,hd-02,0.8036
2026-01-02T22:44:26,hd-02,1.7982
2026-01-02T22:45:24,hd-01,0.5948
2026-01-02T22:45:49,cache-03,70.4281
2026-01-02T22:46:20,lb-01,9.5675
2026-01-02T22:46:28,lb-02,0.3504
2026-01-02T22:46:41,net-03,0.7749
2026-01-02T22:46:54,cache-01,9.0225
2026-01-02T22:46:54,lb-01,0.4076
2026-01-02T22:47:16,web-01,2.0736
2026-01-02T22:48:27,hd-02,1.0667
2026-01-02T22:51:03,net-01,5.0343
2026-01-02T22:51:41,web-04,2.2127
2026-01-02T22:51:55,db-02,5.4566
2026-01-02T22:53:24,db-01,5.6597
2026-01-02T22:53:46,hd-02,30.9566
2026-01-02T22:54:39,lb-02,2.7004
2026-01-02T22:55:52,cache-03,0.3425
2026-01-02T22:56:05,hd-01,2.3607
2026-01-02T22:56:42,db-02,9.8535
2026-01-02T22:57:04,hd-01,1.2928
2026-01-02T22:57:09,web-04,9.9902
2026-01-02T22:57:19,net-02,1.0048
2026-01-02T22:57:33,net-02,3.3448
2026-01-02T22:57:33,net-02,6.6061
2026-01-02T22:57:36,hd-01,0.1013
2026-01-02T22:58:12,db-01,4.2043
2026-01-02T22:58:17,db-01,8.0242
2026-01-02T22:58:18,lb-02,3.5477
2026-01-02T22:58:27,hd-01,10.6377
2026-01-02T22:59:10,net-03,5.7789
2026-01-02T22:59:14,web-02,4.4354
2026-01-02T23:00:10,web-01,0.3287
2026-01-02T23:00:44,lb-01,2.9778
2026-01-02T23:00:46,net-01,5.2983
2026-01-02T23:01:31,hd-01,3.7868
2026-01-02T23:01:43,hd-02,2.1943
2026-01-02T23:01:53,hd-02,0.2187
2026-01-02T23:03:19,hd-02,0.4407
2026-01-02T23:03:29,hd-01,0.6607
2026-01-02T23:03:52,web-03,3.7401
2026-01-02T23:04:24,db-03,1.4069
2026-01-02T23:04:35,lb-02,0.3312
2026-01-02T23:05:14,lb-01,9.6106
2026-01-02T23:05:25,lb-02,1.8895
2026-01-02T23:05:39,cache-01,2.8383
2026-01-02T23:05:42,web-03,2.1475
2026-01-02T23:06:40,lb-01,14.8757
2026-01-02T23:07:02,net-02,2.8155
2026-01-02T23:07:26,lb-02,0.8936
2026-01-02T23:07:41,cache-03,3.2000
2026-01-02T23:08:04,lb-02,0.6468
2026-01-02T23:08:20,lb-02,0.3583
2026-01-02T23:10:04,hd-01,1.0649
2026-01-02T23:10:08,lb-01,1.5319
2026-01-02T23:10:18,cache-03,2.8390
2026-01-02T23:10:23,lb-02,2.3093
2026-01-02T23:10:27,lb-02,3.0529
2026-01-02T23:10:49,net-04,2.1294
2026-01-02T23:12:32,net-01,7.7597
2026-01-02T23:13:07,lb-01,0.1523
2026-01-02T23:14:22,cache-02,1.4057
2026-01-02T23:15:28,lb-02,0.9311
2026-01-02T23:15:31,lb-01,3.3251
2026-01-02T23:17:49,hd-01,0.4421
2026-01-02T23:18:17,web-05,2.5599
2026-01-02T23:19:00,web-02,4.3026
2026-01-02T23:19:26,net-04,0.4437
2026-01-02T23:19:58,web-03,0.4065
2026-01-02T23:20:06,net-02,1.1849
2026-01-02T23:20:46,hd-02,2.5219
2026-01-02T23:21:18,cache-01,0.8788
2026-01-02T23:21:21,web-03,2.8790
2026-01-02T23:21:54,db-02,1.1843
2026-01-02T23:22:19,db-02,1.7567
2026-01-02T23:24:33,cache-02,1.3234
2026-01-02T23:25:08,web-04,0.2931
2026-01-02T23:26:01,db-01,2.1600
2026-01-02T23:26:10,db-02,3.1116
2026-01-02T23:26:22,db-03,1.3150
2026-01-02T23:26:36,hd-02,9.7816
2026-01-02T23:27:41,db-03,4.9113
2026-01-02T23:28:06,web-01,7.3784
2026-01-02T23:28:11,web-01,4.7625
2026-01-02T23:28:38,net-04,8.6223
2026-01-02T23:29:50,lb-02,0.2350
2026-01-02T23:30:23,hd-01,2.2137
2026-01-02T23:31:15,net-01,1.5356
2026-01-02T23:31:18,net-03,47.9290
2026-01-02T23:31:21,net-01,4.5264
2026-01-02T23:31:34,cache-03,2.5910
2026-01-02T23:31:46,cache-02,0.7406
2026-01-02T23:32:47,lb-01,0.1734
2026-01-02T23:32:54,net-02,1.3751
2026-01-02T23:33:01,lb-01,3.5794
2026-01-02T23:34:17,net-01,1.0117
2026-01-02T23:34:30,net-01,2.6781
2026-01-02T23:34:54,db-01,3.4022
2026-01-02T23:34:58,cache-02,0.0944
2026-01-02T23:35:23,cache-01,0.9629
2026-01-02T23:35:27,net-03,0.7482
2026-01-02T23:35:39,web-04,0.2655
2026-01-02T23:36:01,db-03,1.6694
2026-01-02T23:37:20,db-01,5.1776
2026-01-02T23:37:33,net-03,1.5259
2026-01-02T23:37:48,lb-01,0.2784
2026-01-02T23:38:04,db-02,1.3631
2026-01-02T23:38:24,web-04,11.7887
2026-01-02T23:39:14,lb-02,0.9832
2026-01-02T23:42:27,hd-02,2.4838
2026-01-02T23:44:01,db-03,4.8009
2026-01-02T23:44:12,net-01,0.0392
2026-01-02T23:44:26,hd-01,11.5622
2026-01-02T23:44:28,lb-01,3.7534
2026-01-02T23:44:55,net-04,2.3216
2026-01-02T23:44:57,hd-02,3.4091
2026-01-02T23:45:10,net-04,9.1108
2026-01-02T23:45:15,db-01,4.6520
2026-01-02T23:45:46,web-01,0.5981
2026-01-02T23:48:23,hd-01,6.4916
2026-01-02T23:48:25,db-03,2.7381
2026-01-02T23:48:26,net-01,7.4922
2026-01-02T23:48:44,hd-02,7.6762
2026-01-02T23:50:02,web-02,0.2104
2026-01-02T23:50:55,net-02,1.7722
2026-01-02T23:51:21,hd-02,0.0330
2026-01-02T23:51:35,db-02,0.0263
2026-01-02T23:51:45,lb-01,3.9766
2026-01-02T23:52:05,db-01,1.5463
2026-01-02T23:52:44,net-02,2.7892
2026-01-02T23:53:39,cache-03,10.1597
2026-01-02T23:53:40,cache-01,0.0839
2026-01-02T23:53:56,db-02,0.3876
2026-01-02T23:53:57,db-02,2.4912
2026-01-02T23:53:58,net-02,4.3879
2026-01-02T23:54:01,net-02,0.2353
2026-01-02T23:54:26,hd-01,19.1959
2026-01-02T23:54:28,net-04,0.7426
2026-01-02T23:54:29,web-02,0.1514
2026-01-02T23:54:42,web-05,0.9697
2026-01-02T23:55:05,lb-02,0.7891
2026-01-02T23:55:55,lb-01,0.6115
2026-01-02T23:56:04,net-01,4.2077
2026-01-02T23:56:05,net-04,0.3352
2026-01-02T23:56:06,net-04,1.9410
2026-01-02T23:56:11,hd-02,1.2703
2026-01-02T23:56:28,web-04,3.4077
2026-01-02T23:56:44,hd-01,9.8084
2026-01-02T23:56:49,net-03,5.8804
2026-01-02T23:58:03,net-04,1.0024
2026-01-02T23:58:22,net-03,1.4013
2026-01-02T23:59:10,web-01,1.4860
2026-01-02T23:59:12,net-01,2.9380
2026-01-02T23:59:18,cache-01,0.1570
2026-01-02T23:59:26,net-01,7.0876
2026-01-02T23:59:36,hd-02,48.2147
2026-01-02T23:59:40,cache-01,1.7897
2026-01-03T00:00:10,web-02,1.1771
2026-01-03T00:01:42,lb-02,2.5904
2026-01-03T00:02:07,web-04,4.8628
2026-01-03T00:02:24,hd-01,0.5826
2026-01-03T00:03:03,lb-02,2.5392
2026-01-03T00:03:20,web-01,0.1697
2026-01-03T00:03:45,db-02,1.0681
2026-01-03T00:03:56,lb-02,4.3832
2026-01-03T00:04:57,net-02,0.2791
2026-01-03T00:05:56,net-02,0.4811
2026-01-03T00:05:59,hd-02,0.9338
2026-01-03T00:07:07,hd-01,0.4062
2026-01-03T00:07:30,net-04,1.6864
2026-01-03T00:07:34,db-03,3.1454
2026-01-03T00:08:48,lb-01,1.1355
2026-01-03T00:08:51,db-03,8.5904
2026-01-03T00:08:54,hd-01,23.5362
2026-01-03T00:08:55,net-04,2.6099
2026-01-03T00:09:04,net-02,0.7659
2026-01-03T00:09:05,db-03,10.1345
2026-01-03T00:10:03,lb-01,1.7775
2026-01-03T00:10:54,db-02,0.1903
2026-01-03T00:11:47,cache-01,0.4822
2026-01-03T00:11:50,web-03,0.9095
2026-01-03T00:12:41,lb-01,1.8025
2026-01-03T00:13:25,hd-02,6.8228
2026-01-03T00:15:32,db-03,2.2996
2026-01-03T00:16:35,lb-02,2.5326
2026-01-03T00:17:11,lb-02,1.3154
2026-01-03T00:17:45,lb-02,1.2989
2026-01-03T00:18:26,net-03,1.6453
2026-01-03T00:18:38,web-02,1.3949
2026-01-03T00:19:09,db-02,2.4124
2026-01-03T00:19:24,net-01,8.5983
2026-01-03T00:19:28,web-01,2.8203
2026-01-03T00:19:28,web-03,0.9124
2026-01-03T00:19:43,cache-02,2.0946
2026-01-03T00:19:59,db-03,0.1210
2026-01-03T00:20:50,net-02,0.1237
2026-01-03T00:21:27,db-02,2.3870
2026-01-03T00:22:22,net-02,3.3868
2026-01-03T00:23:19,hd-01,0.5229
2026-01-03T00:24:39,net-03,3.2855
2026-01-03T00:24:59,web-04,3.5517
2026-01-03T00:25:37,db-02,0.6372
2026-01-03T00:25:44,web-02,7.6358
2026-01-03T00:25:45,cache-02,1.9215
2026-01-03T00:26:01,db-03,1.3392
2026-01-03T00:26:03,net-01,2.3026
2026-01-03T00:27:06,db-02,0.5739
2026-01-03T00:27:12,net-02,0.6986
2026-01-03T00:27:25,web-04,1.4019
2026-01-03T00:27:59,hd-01,1.3775
2026-01-03T00:28:04,lb-02,1.8509
2026-01-03T00:28:28,db-02,1.4634
2026-01-03T00:28:39,db-03,2.8106
2026-01-03T00:28:43,lb-02,2.4869
2026-01-03T00:29:34,db-01,15.3050
2026-01-03T00:30:13,hd-02,2.3273
2026-01-03T00:31:05,net-03,8.3471
2026-01-03T00:31:17,hd-02,10.5296
2026-01-03T00:32:48,lb-01,5.2273
2026-01-03T00:32:58,db-02,0.0836
2026-01-03T00:33:14,cache-03,2.7823
2026-01-03T00:35:32,db-03,1.0351
2026-01-03T00:35:47,lb-01,4.7721
2026-01-03T00:37:12,db-03,0.6819
2026-01-03T00:37:44,net-02,0.4111
2026-01-03T00:37:50,lb-01,13.7895
2026-01-03T00:37:52,cache-02,3.1785
2026-01-03T00:37:58,hd-01,15.9191
2026-01-03T00:38:31,db-03,8.1708
2026-01-03T00:38:38,cache-01,0.3088
2026-01-03T00:39:47,cache-03,6.5037
2026-01-03T00:40:06,hd-01,1.1726
2026-01-03T00:40:17,db-02,0.4231
2026-01-03T00:40:43,hd-01,0.4201
2026-01-03T00:41:05,net-03,0.7225
2026-01-03T00:42:41,cache-01,0.3550
2026-01-03T00:43:27,db-02,2.5765
2026-01-03T00:44:36,db-01,0.4787
2026-01-03T00:45:31,web-05,3.3701
2026-01-03T00:45:49,hd-01,0.5334
2026-01-03T00:46:14,db-01,2.5751
2026-01-03T00:46:26,hd-02,1.5647
2026-01-03T00:46:52,web-01,2.2652
2026-01-03T00:47:02,db-02,1.0958
2026-01-03T00:48:08,hd-02,3.4927
2026-01-03T00:50:31,cache-01,3.2631
2026-01-03T00:50:37,web-01,8.5178
2026-01-03T00:51:00,hd-02,0.6966
2026-01-03T00:51:04,web-04,1.0874
2026-01-03T00:51:23,net-04,0.1255
2026-01-03T00:51:46,db-02,1.8104
2026-01-03T00:51:47,cache-03,8.1193
2026-01-03T00:52:44,db-03,17.7667
2026-01-03T00:52:47,cache-03,0.3940
2026-01-03T00:53:12,net-02,0.9690
2026-01-03T00:53:23,lb-01,0.4107
2026-01-03T00:53:39,cache-01,2.0329
2026-01-03T00:54:09,lb-02,13.5109
2026-01-03T00:56:12,web-01,9.0266
2026-01-03T00:56:31,web-03,1.4698
2026-01-03T00:58:08,net-03,2.5034
2026-01-03T00:59:03,db-03,9.8731
2026-01-03T00:59:22,net-02,2.3796
2026-01-03T00:59:48,db-02,6.9508
2026-01-03T01:00:08,db-02,0.4436
2026-01-03T01:00:34,hd-02,4.5255
2026-01-03T01:01:05,hd-02,3.5932
2026-01-03T01:01:51,db-01,5.7387
2026-01-03T01:02:20,lb-02,31.3642
2026-01-03T01:02:25,web-04,4.1223
2026-01-03T01:02:25,lb-02,7.0630
2026-01-03T01:02:35,hd-01,0.6623
2026-01-03T01:03:42,cache-01,0.9309
2026-01-03T01:03:50,hd-02,14.8807
2026-01-03T01:04:20,web-02,1.7352
2026-01-03T01:05:41,net-04,8.8338
2026-01-03T01:06:20,lb-01,1.5935
2026-01-03T01:07:40,web-01,1.2688
2026-01-03T01:07:52,hd-02,1.6302
2026-01-03T01:08:30,web-03,54.7251
2026-01-03T01:08:37,db-01,0.5317
2026-01-03T01:09:36,net-04,0.5464
2026-01-03T01:09:45,db-02,1.7265
2026-01-03T01:09:47,hd-02,0.3201
2026-01-03T01:10:06,hd-02,9.7808
2026-01-03T01:10:18,hd-01,1.2281
2026-01-03T01:10:23,lb-02,1.6285
2026-01-03T01:10:54,web-05,2.5772
2026-01-03T01:10:55,lb-02,1.8615
2026-01-03T01:11:07,hd-02,3.9689
2026-01-03T01:12:15,net-04,0.4369
2026-01-03T01:15:11,web-05,16.6909
2026-01-03T01:15:35,cache-03,0.4578
2026-01-03T01:15:51,cache-03,13.2433
2026-01-03T01:16:04,hd-02,0.7288
2026-01-03T01:16:30,web-02,2.2481
2026-01-03T01:17:18,hd-02,1.5866
2026-01-03T01:18:37,net-04,2.7416
2026-01-03T01:19:11,hd-01,4.5520
2026-01-03T01:19:21,net-02,4.3006
2026-01-03T01:19:39,web-03,1.1859
2026-01-03T01:20:20,lb-01,5.4758
2026-01-03T01:20:30,net-01,1.0341
2026-01-03T01:20:39,cache-01,0.4784
2026-01-03T01:22:23,cache-01,1.5081
2026-01-03T01:22:43,lb-02,4.0637
2026-01-03T01:24:29,net-03,4.3037
2026-01-03T01:24:42,db-02,0.5823
2026-01-03T01:25:14,lb-01,0.9094
2026-01-03T01:25:54,hd-02,0.2023
2026-01-03T01:26:33,cache-03,0.5589
2026-01-03T01:26:41,hd-01,2.0934
2026-01-03T01:27:03,cache-03,0.7372
2026-01-03T01:27:47,hd-01,28.7292
2026-01-03T01:28:25,web-03,0.2190
2026-01-03T01:28:43,lb-01,1.0840
2026-01-03T01:29:30,net-02,0.0572
2026-01-03T01:30:27,web-05,0.5741
2026-01-03T01:30:42,hd-02,2.5196
2026-01-03T01:34:41,lb-01,1.5930
2026-01-03T01:34:47,lb-02,6.7020
2026-01-03T01:34:57,db-03,2.0343
2026-01-03T01:35:12,lb-02,16.2051
2026-01-03T01:35:35,net-02,1.4332
2026-01-03T01:35:38,hd-01,0.3630
2026-01-03T01:35:41,cache-03,3.5994
2026-01-03T01:35:52,hd-01,2.7382
2026-01-03T01:35:58,hd-02,1.3429
2026-01-03T01:36:00,web-03,1.6677
2026-01-03T01:36:27,cache-03,0.2408
2026-01-03T01:37:34,lb-02,1.8687
2026-01-03T01:37:44,db-03,0.7326
2026-01-03T01:37:55,net-01,4.2779
2026-01-03T01:41:34,net-02,3.5765
2026-01-03T01:42:14,db-02,2.6710
2026-01-03T01:42:38,hd-01,0.9684
2026-01-03T01:43:01,hd-02,4.5200
2026-01-03T01:43:07,net-02,5.3071
2026-01-03T01:44:50,lb-02,2.1383
2026-01-03T01:45:11,cache-03,1.3652
2026-01-03T01:45:18,web-02,0.3366
2026-01-03T01:45:30,cache-02,2.1276
2026-01-03T01:45:41,net-04,0.5082
2026-01-03T01:47:40,net-04,2.3478
2026-01-03T01:47:48,lb-02,5.3373
2026-01-03T01:48:19,db-02,0.1046
2026-01-03T01:48:23,hd-01,0.3505
2026-01-03T01:49:22,db-01,1.5527
2026-01-03T01:50:23,cache-01,0.2296
2026-01-03T01:50:23,lb-02,0.5184
2026-01-03T01:51:33,net-02,1.9492
2026-01-03T01:52:07,db-01,1.1167
2026-01-03T01:52:33,db-03,2.0315
2026-01-03T01:52:38,lb-01,11.7184
2026-01-03T01:52:56,db-01,6.8379
2026-01-03T01:53:21,cache-03,0.4134
2026-01-03T01:53:28,net-01,0.6620
2026-01-03T01:53:44,cache-03,0.4091
2026-01-03T01:53:59,hd-01,0.4067
2026-01-03T01:54:02,lb-02,0.9395
2026-01-03T01:54:44,lb-02,8.5614
2026-01-03T01:55:05,cache-01,2.4561
2026-01-03T01:55:45,db-03,10.4786
2026-01-03T01:55:56,lb-01,9.4083
2026-01-03T01:55:57,lb-02,2.3441
2026-01-03T01:57:39,cache-01,2.3167
2026-01-03T01:58:34,net-04,0.5648
2026-01-03T01:59:04,cache-02,7.5783
2026-01-03T01:59:40,net-03,8.7132
2026-01-03T02:01:04,db-02,2.2109
2026-01-03T02:01:12,hd-01,3.6394
2026-01-03T02:02:11,hd-02,1.1585
2026-01-03T02:02:33,net-03,11.8898
2026-01-03T02:02:44,web-03,1.1671
2026-01-03T02:02:53,web-04,0.9536
2026-01-03T02:02:57,cache-02,14.6053
2026-01-03T02:02:58,cache-02,3.0969
2026-01-03T02:03:00,net-01,2.4103
2026-01-03T02:03:24,net-04,3.0058
2026-01-03T02:04:49,web-02,3.1636
2026-01-03T02:05:28,lb-01,3.8397
2026-01-03T02:05:31,web-05,2.9889
2026-01-03T02:05:38,net-01,7.9658
2026-01-03T02:05:47,net-03,4.1379
2026-01-03T02:05:47,web-01,11.3798
2026-01-03T02:06:51,db-02,3.7179
2026-01-03T02:07:02,cache-03,4.4023
2026-01-03T02:07:02,web-05,3.6966
2026-01-03T02:08:29,hd-01,0.5612
2026-01-03T02:08:40,hd-02,2.4750
2026-01-03T02:09:52,db-01,0.3363
2026-01-03T02:11:00,hd-02,3.7626
2026-01-03T02:12:27,lb-01,0.3165
2026-01-03T02:12:43,net-02,2.2962
2026-01-03T02:12:45,db-01,4.7514
2026-01-03T02:13:19,lb-02,7.0530
2026-01-03T02:14:11,hd-01,0.9576
2026-01-03T02:14:11,net-04,5.1683
2026-01-03T02:15:01,db-03,38.9070
2026-01-03T02:15:05,net-02,8.2804
2026-01-03T02:15:27,web-03,0.7008
2026-01-03T02:17:46,lb-01,0.6180
2026-01-03T02:18:06,hd-01,0.6349
2026-01-03T02:18:57,hd-01,0.2123
2026-01-03T02:19:46,lb-01,5.7705
2026-01-03T02:22:16,hd-02,2.8517
2026-01-03T02:22:48,web-03,0.6159
2026-01-03T02:23:35,lb-01,4.0895
2026-01-03T02:23:44,web-02,0.7142
2026-01-03T02:24:03,hd-02,2.4051
2026-01-03T02:24:31,web-03,0.9740
2026-01-03T02:24:44,lb-01,3.9303
2026-01-03T02:24:46,lb-02,1.0961
2026-01-03T02:27:20,cache-01,2.1451
2026-01-03T02:29:30,db-03,0.2015
2026-01-03T02:29:57,lb-02,2.1226
2026-01-03T02:30:03,web-01,5.1769
2026-01-03T02:30:07,hd-02,10.7655
2026-01-03T02:30:42,cache-03,3.5928
2026-01-03T02:30:50,db-03,0.1532
2026-01-03T02:31:36,cache-02,6.9327
2026-01-03T02:31:38,net-04,0.3693
2026-01-03T02:31:55,hd-01,2.1158
2026-01-03T02:32:20,db-01,4.9536
2026-01-03T02:33:31,hd-01,10.8902
2026-01-03T02:33:57,db-03,2.1913
2026-01-03T02:33:59,net-04,2.5063
2026-01-03T02:34:20,db-02,0.6328
2026-01-03T02:34:34,lb-02,0.6724
2026-01-03T02:34:58,hd-01,9.4132
2026-01-03T02:35:02,lb-01,1.4809
2026-01-03T02:35:02,net-04,3.1178
2026-01-03T02:35:27,lb-02,4.0557
2026-01-03T02:35:55,cache-01,0.4131
2026-01-03T02:35:58,hd-01,1.1510
2026-01-03T02:36:00,cache-03,2.1896
2026-01-03T02:36:18,hd-01,3.8591
2026-01-03T02:36:43,cache-03,0.9470
2026-01-03T02:36:51,db-02,0.9949
2026-01-03T02:37:46,db-02,2.2138
2026-01-03T02:37:56,lb-02,13.8318
2026-01-03T02:37:59,cache-03,4.4290
2026-01-03T02:38:11,lb-02,0.6120
2026-01-03T02:38:13,db-03,9.3259
2026-01-03T02:38:25,hd-01,7.1927
2026-01-03T02:38:34,hd-01,12.2949
2026-01-03T02:38:39,hd-02,14.4695
2026-01-03T02:39:29,db-01,3.0312
2026-01-03T02:40:48,web-02,1.2592
2026-01-03T02:41:20,db-01,46.2703
2026-01-03T02:41:39,hd-02,2.3670
2026-01-03T02:42:45,db-01,0.1129
2026-01-03T02:42:45,cache-01,7.1027
2026-01-03T02:43:24,hd-02,20.8973
2026-01-03T02:43:29,hd-02,1.4099
2026-01-03T02:43:45,web-03,6.1990
2026-01-03T02:44:31,hd-02,0.8425
2026-01-03T02:44:56,web-05,1.8160
2026-01-03T02:45:14,web-03,4.2561
2026-01-03T02:45:38,net-02,2.2144
2026-01-03T02:45:47,hd-01,3.0906
2026-01-03T02:46:03,net-02,3.0917
2026-01-03T02:46:09,net-04,0.3350
2026-01-03T02:46:29,hd-01,4.3591
2026-01-03T02:46:34,hd-01,0.4036
2026-01-03T02:48:43,net-03,0.1505
2026-01-03T02:48:49,web-04,0.1900
2026-01-03T02:49:54,hd-02,2.0888
2026-01-03T02:49:55,cache-03,0.1670
2026-01-03T02:49:58,web-02,0.0197
2026-01-03T02:50:02,net-02,0.9004
2026-01-03T02:50:11,lb-02,3.3632
2026-01-03T02:50:19,net-02,2.4575
2026-01-03T02:50:20,cache-02,3.9536
2026-01-03T02:50:54,hd-01,1.6450
2026-01-03T02:50:54,hd-02,4.0533
2026-01-03T02:50:56,net-04,1.0879
2026-01-03T02:52:14,cache-03,0.4053
2026-01-03T02:52:16,lb-01,0.0945
2026-01-03T02:52:17,db-02,0.6377
2026-01-03T02:52:29,db-02,0.5694
2026-01-03T02:53:29,web-02,0.1628
2026-01-03T02:54:06,hd-02,0.1586
2026-01-03T02:54:09,db-02,7.5578
2026-01-03T02:54:57,net-04,0.4166
2026-01-03T02:55:08,hd-01,2.0955
2026-01-03T02:55:23,net-03,4.8348
2026-01-03T02:55:26,net-02,10.5607
2026-01-03T02:55:30,hd-02,0.8450
2026-01-03T02:55:48,db-03,6.2349
2026-01-03T02:55:56,lb-01,0.1748
2026-01-03T02:56:05,web-05,9.5463
2026-01-03T02:56:07,db-01,1.0655
2026-01-03T02:57:39,web-03,13.1186
2026-01-03T02:58:17,net-03,1.9385
2026-01-03T02:58:19,cache-03,0.4875
2026-01-03T02:58:36,net-03,1.1981
2026-01-03T02:58:37,cache-01,0.5541
2026-01-03T03:00:05,lb-01,0.1786
2026-01-03T03:02:10,cache-03,11.3930
2026-01-03T03:03:27,lb-01,6.5070
2026-01-03T03:03:32,web-05,5.5218
2026-01-03T03:03:49,net-03,0.2986
2026-01-03T03:04:08,hd-02,5.6514
2026-01-03T03:05:13,lb-02,11.5753
2026-01-03T03:05:22,net-03,1.2403
2026-01-03T03:06:53,net-01,26.8473
2026-01-03T03:06:55,lb-02,0.3939
2026-01-03T03:07:01,lb-02,0.6992
2026-01-03T03:07:27,lb-01,2.2182
2026-01-03T03:07:36,db-01,0.2825
2026-01-03T03:08:43,net-01,18.6449
2026-01-03T03:08:45,hd-02,3.6866
2026-01-03T03:09:57,web-01,0.2045
2026-01-03T03:10:19,web-05,0.1438
2026-01-03T03:10:47,db-02,2.2380
2026-01-03T03:10:51,net-03,2.7984
2026-01-03T03:11:51,db-01,0.7816
2026-01-03T03:12:28,lb-01,10.5150
2026-01-03T03:12:52,web-02,6.0763
2026-01-03T03:12:57,db-02,0.1482
2026-01-03T03:13:35,lb-01,0.7915
2026-01-03T03:14:29,hd-02,0.1216
2026-01-03T03:14:36,hd-02,2.5278
2026-01-03T03:15:11,web-05,0.5353
2026-01-03T03:15:55,net-03,1.9228
2026-01-03T03:16:08,db-01,0.6523
2026-01-03T03:16:58,hd-01,1.7611
2026-01-03T03:17:48,web-02,3.9847
2026-01-03T03:18:43,db-03,1.2925
2026-01-03T03:19:07,lb-01,2.4519
2026-01-03T03:19:08,db-03,0.1513
2026-01-03T03:19:19,lb-02,1.0162
2026-01-03T03:20:06,db-03,0.8417
2026-01-03T03:20:42,db-01,2.1423
2026-01-03T03:21:15,web-03,2.3708
2026-01-03T03:22:09,hd-01,1.8243
2026-01-03T03:23:34,lb-02,2.2426
2026-01-03T03:23:35,net-02,21.4647
2026-01-03T03:24:14,hd-02,0.3045
2026-01-03T03:24:23,db-03,4.6684
2026-01-03T03:24:48,net-02,0.8208
2026-01-03T03:24:55,db-02,5.8019
2026-01-03T03:25:43,net-02,0.1768
2026-01-03T03:25:57,cache-01,0.7179
2026-01-03T03:26:31,lb-02,0.6844
2026-01-03T03:27:06,web-02,0.0216
2026-01-03T03:27:14,web-03,4.1074
2026-01-03T03:27:42,cache-03,5.8522
2026-01-03T03:28:38,hd-02,0.0984
2026-01-03T03:29:05,net-01,2.2402
2026-01-03T03:29:52,hd-01,0.0050
2026-01-03T03:30:00,web-01,2.3683
2026-01-03T03:30:02,cache-01,0.6833
2026-01-03T03:30:06,lb-01,4.3906
2026-01-03T03:30:37,hd-01,2.3167
2026-01-03T03:31:36,hd-01,3.8577
2026-01-03T03:31:55,cache-03,0.5529
2026-01-03T03:32:34,net-04,0.0716
2026-01-03T03:33:09,hd-02,4.6764
2026-01-03T03:33:16,lb-02,1.0283
2026-01-03T03:33:26,db-02,0.6029
2026-01-03T03:33:47,net-04,0.6253
2026-01-03T03:34:11,cache-01,18.6489
2026-01-03T03:35:11,cache-03,3.3356
2026-01-03T03:35:35,cache-03,1.5846
2026-01-03T03:35:37,net-03,1.0458
2026-01-03T03:35:52,web-02,3.4432
2026-01-03T03:35:53,hd-01,0.4035
2026-01-03T03:35:53,hd-01,0.1009
2026-01-03T03:35:56,lb-01,1.4070
2026-01-03T03:37:20,db-03,19.6940
2026-01-03T03:37:55,cache-03,0.2632
2026-01-03T03:38:25,db-03,0.6619
2026-01-03T03:39:14,net-04,5.3435
2026-01-03T03:39:16,web-04,25.4463
2026-01-03T03:39:51,hd-01,0.5533
2026-01-03T03:40:00,net-04,0.8418
2026-01-03T03:40:59,cache-02,2.5338
2026-01-03T03:42:22,cache-02,3.6836
2026-01-03T03:42:34,hd-01,1.7060
2026-01-03T03:43:02,db-03,5.0302
2026-01-03T03:43:09,cache-02,3.2364
2026-01-03T03:43:47,web-01,6.5184
2026-01-03T03:43:49,db-03,3.0579
2026-01-03T03:44:13,hd-01,9.6786
2026-01-03T03:44:30,web-03,3.3656
2026-01-03T03:44:49,db-03,6.7323
2026-01-03T03:45:30,cache-03,2.4202
2026-01-03T03:46:12,db-01,47.2013
2026-01-03T03:48:15,net-03,1.3130
2026-01-03T03:48:40,lb-02,2.7993
2026-01-03T03:48:52,hd-01,0.7149
2026-01-03T03:49:22,hd-01,2.1943
2026-01-03T03:49:32,cache-03,1.3429
2026-01-03T03:49:32,net-04,1.1040
2026-01-03T03:49:47,cache-01,0.3401
2026-01-03T03:50:34,web-04,1.9322
2026-01-03T03:50:38,cache-01,3.4782
2026-01-03T03:51:53,web-04,6.5312
2026-01-03T03:53:14,lb-02,1.6625
2026-01-03T03:53:26,hd-01,3.0918
2026-01-03T03:53:28,lb-02,4.5075
2026-01-03T03:53:57,net-03,0.3836
2026-01-03T03:55:04,db-01,0.7023
2026-01-03T03:55:27,lb-02,1.4237
2026-01-03T03:55:37,db-03,2.9684
2026-01-03T03:56:09,net-04,2.0714
2026-01-03T03:57:15,db-03,1.0948
2026-01-03T03:57:37,cache-01,28.4419
2026-01-03T03:57:43,web-04,0.4253
2026-01-03T03:58:16,lb-01,2.4662
2026-01-03T03:59:56,web-04,0.7487
2026-01-03T04:00:15,web-02,3.5467
2026-01-03T04:00:42,cache-01,5.2432
2026-01-03T04:01:45,hd-02,1.4894
2026-01-03T04:02:02,lb-02,1.1464
2026-01-03T04:02:13,web-01,0.3573
2026-01-03T04:02:37,lb-02,0.3056
2026-01-03T04:02:46,net-01,0.7440
2026-01-03T04:03:13,hd-01,0.6784
2026-01-03T04:05:54,hd-01,10.3301
2026-01-03T04:06:29,net-04,1.4220
2026-01-03T04:06:53,lb-01,0.8375
2026-01-03T04:07:33,web-03,4.6977
2026-01-03T04:07:34,db-02,8.0995
2026-01-03T04:07:40,db-01,0.9030
2026-01-03T04:08:24,web-04,1.0935
2026-01-03T04:09:13,hd-01,0.1374
2026-01-03T04:11:37,hd-01,3.9041
2026-01-03T04:12:16,hd-02,6.8152
2026-01-03T04:12:27,web-04,11.6514
2026-01-03T04:12:32,hd-01,16.7343
2026-01-03T04:12:51,net-03,7.1456
2026-01-03T04:12:51,cache-02,8.4372
2026-01-03T04:12:52,net-02,8.1496
2026-01-03T04:13:06,net-02,1.6114
2026-01-03T04:16:42,web-04,1.9622
2026-01-03T04:17:04,db-01,0.7929
2026-01-03T04:19:22,cache-02,4.2014
2026-01-03T04:19:59,web-01,0.8674
2026-01-03T04:20:07,web-01,3.4347
2026-01-03T04:20:14,lb-02,5.7138
2026-01-03T04:21:50,db-03,0.3203
2026-01-03T04:22:48,db-01,2.6622
2026-01-03T04:24:16,web-05,48.2097
2026-01-03T04:24:59,db-01,9.3341
2026-01-03T04:25:41,web-03,3.9350
2026-01-03T04:25:57,hd-02,1.5930
2026-01-03T04:26:31,cache-01,6.6007
2026-01-03T04:26:46,cache-03,2.0457
2026-01-03T04:26:51,cache-03,0.2749
2026-01-03T04:26:51,db-02,4.6767
2026-01-03T04:26:54,cache-03,0.7108
2026-01-03T04:27:03,lb-02,0.4704
2026-01-03T04:27:51,db-01,1.0237
2026-01-03T04:27:56,cache-01,6.7155
2026-01-03T04:28:19,web-03,0.3588
2026-01-03T04:28:21,web-02,1.2118
2026-01-03T04:28:29,cache-01,5.9356
2026-01-03T04:30:34,net-03,1.4028
2026-01-03T04:30:58,cache-01,1.0458
2026-01-03T04:31:01,db-03,1.5362
2026-01-03T04:31:26,web-01,0.5057
2026-01-03T04:31:30,web-02,0.5603
2026-01-03T04:31:46,hd-02,2.6861
2026-01-03T04:31:52,web-01,2.2775
2026-01-03T04:31:54,lb-02,0.7052
2026-01-03T04:32:00,web-05,0.0433
2026-01-03T04:33:08,db-03,17.6240
2026-01-03T04:36:01,lb-02,3.2465
2026-01-03T04:36:28,cache-02,0.9466
2026-01-03T04:36:44,lb-02,6.6698
2026-01-03T04:38:02,hd-01,10.3499
2026-01-03T04:38:40,cache-03,2.1951
2026-01-03T04:39:23,web-01,4.3644
2026-01-03T04:39:46,hd-02,2.9086
2026-01-03T04:39:56,cache-02,21.2614
2026-01-03T04:40:01,net-03,0.5663
2026-01-03T04:40:05,cache-01,23.2894
2026-01-03T04:40:44,web-01,1.1129
2026-01-03T04:40:48,lb-01,2.5473
2026-01-03T04:41:17,hd-02,37.9776
2026-01-03T04:41:35,cache-02,3.7004
2026-01-03T04:41:35,net-02,0.1164
2026-01-03T04:42:45,cache-03,2.6826
2026-01-03T04:43:26,hd-02,4.5547
2026-01-03T04:43:39,lb-02,4.3836
2026-01-03T04:43:43,cache-01,2.9434
2026-01-03T04:45:01,lb-02,0.1556
2026-01-03T04:45:02,hd-02,4.0685
2026-01-03T04:45:58,db-01,0.2354
2026-01-03T04:46:16,lb-01,1.7125
2026-01-03T04:46:41,net-02,12.0383
2026-01-03T04:46:49,cache-03,6.2952
2026-01-03T04:50:19,db-03,0.3949
2026-01-03T04:50:33,cache-02,3.0966
2026-01-03T04:50:37,cache-01,11.5964
2026-01-03T04:50:43,web-01,12.6176
2026-01-03T04:51:11,hd-02,2.2872
2026-01-03T04:51:23,net-03,9.6468
2026-01-03T04:51:37,hd-01,9.9596
2026-01-03T04:51:46,hd-01,1.6295
2026-01-03T04:52:07,cache-01,1.3413
2026-01-03T04:52:20,web-03,8.6142
2026-01-03T04:52:20,hd-01,16.9746
2026-01-03T04:53:52,cache-02,6.2034
2026-01-03T04:54:53,db-01,10.6758
2026-01-03T04:55:46,lb-02,0.2797
2026-01-03T04:56:03,db-01,12.2676
2026-01-03T04:56:05,cache-02,0.6294
2026-01-03T04:56:10,net-01,2.5198
2026-01-03T04:56:19,db-01,0.2979
2026-01-03T04:56:22,web-03,1.2120
2026-01-03T04:56:25,web-05,6.2683
2026-01-03T04:56:42,lb-01,0.8491
2026-01-03T04:56:44,cache-02,0.3504
2026-01-03T04:57:09,web-05,3.4475
2026-01-03T04:57:15,lb-01,0.5081
2026-01-03T04:58:05,hd-02,9.3463
2026-01-03T04:58:52,net-02,1.2903
2026-01-03T04:59:44,lb-01,2.2563
2026-01-03T05:00:44,web-05,5.9590
2026-01-03T05:01:55,cache-02,11.4279
2026-01-03T05:02:07,db-01,1.9140
2026-01-03T05:02:07,web-03,8.2115
2026-01-03T05:02:26,db-01,2.5499
2026-01-03T05:02:32,db-03,1.0501
2026-01-03T05:03:00,cache-01,1.6167
2026-01-03T05:03:03,db-02,3.5574
2026-01-03T05:03:10,web-01,0.2328
2026-01-03T05:03:13,net-03,2.8504
2026-01-03T05:03:48,lb-01,0.7207
2026-01-03T05:04:01,lb-01,1.8475
2026-01-03T05:04:18,db-01,0.9615
2026-01-03T05:05:18,net-01,2.3869
2026-01-03T05:06:00,db-03,4.8769
2026-01-03T05:07:22,cache-01,0.2066
2026-01-03T05:07:32,db-02,0.9685
2026-01-03T05:08:45,web-02,4.1808
2026-01-03T05:08:47,lb-01,2.9721
2026-01-03T05:09:12,db-03,15.2784
2026-01-03T05:09:40,net-04,3.0211
2026-01-03T05:10:09,web-03,18.7658
2026-01-03T05:10:13,web-04,6.1055
2026-01-03T05:10:15,net-01,2.9738
2026-01-03T05:10:28,web-01,1.2394
2026-01-03T05:10:43,hd-01,0.1175
2026-01-03T05:11:48,hd-01,4.0144
2026-01-03T05:13:15,cache-03,3.1379
2026-01-03T05:13:38,cache-01,0.6688
2026-01-03T05:14:07,lb-01,1.4283
2026-01-03T05:14:17,db-03,11.1223
2026-01-03T05:15:17,web-04,1.9492
2026-01-03T05:16:11,hd-01,5.0555
2026-01-03T05:17:12,lb-01,0.5104
2026-01-03T05:17:15,net-02,9.0668
2026-01-03T05:17:31,web-01,12.0312
2026-01-03T05:18:46,db-02,5.6893
2026-01-03T05:18:47,net-01,0.4108
2026-01-03T05:19:21,web-02,1.2747
2026-01-03T05:19:27,lb-02,0.9941
2026-01-03T05:19:31,web-03,3.5652
2026-01-03T05:19:39,lb-01,2.7736
2026-01-03T05:19:49,hd-02,3.8716
2026-01-03T05:21:17,cache-03,0.7856
2026-01-03T05:21:31,cache-02,6.7175
2026-01-03T05:21:56,web-04,0.5170
2026-01-03T05:22:20,cache-02,0.2045
2026-01-03T05:22:31,lb-02,0.3288
2026-01-03T05:22:55,hd-01,0.7158
2026-01-03T05:23:11,hd-01,0.6183
2026-01-03T05:24:48,lb-01,3.8764
2026-01-03T05:25:58,lb-01,0.3117
2026-01-03T05:26:29,hd-01,2.2332
2026-01-03T05:26:51,cache-03,25.2132
2026-01-03T05:27:18,hd-01,1.5667
2026-01-03T05:27:49,web-03,0.3019
2026-01-03T05:28:45,web-04,4.2203
2026-01-03T05:29:15,cache-02,12.9054
2026-01-03T05:29:57,hd-01,8.6290
2026-01-03T05:31:05,net-02,1.0982
2026-01-03T05:32:40,hd-01,3.4838
2026-01-03T05:33:52,hd-02,0.6021
2026-01-03T05:33:59,lb-02,23.8098
2026-01-03T05:34:47,lb-02,3.4032
2026-01-03T05:35:22,net-03,2.2631
2026-01-03T05:35:25,web-05,15.5247
2026-01-03T05:36:21,cache-01,1.1073
2026-01-03T05:36:30,net-04,14.9511
2026-01-03T05:39:27,cache-02,6.3994
2026-01-03T05:40:04,net-04,4.8024
2026-01-03T05:40:32,web-01,4.2964
2026-01-03T05:41:14,db-03,4.5054
2026-01-03T05:41:30,cache-03,1.2812
2026-01-03T05:41:48,db-02,0.3573
2026-01-03T05:41:50,net-03,0.8966
2026-01-03T05:42:41,hd-02,0.2174
2026-01-03T05:43:01,net-01,1.3892
2026-01-03T05:43:38,web-01,0.4158
2026-01-03T05:44:47,hd-02,0.2713
2026-01-03T05:45:09,lb-02,0.3873
2026-01-03T05:45:36,hd-02,0.4391
2026-01-03T05:46:25,web-03,1.9622
2026-01-03T05:46:25,net-03,2.3848
2026-01-03T05:46:41,web-01,2.6781
2026-01-03T05:48:00,db-01,0.8304
2026-01-03T05:48:08,hd-02,0.1067
2026-01-03T05:48:10,lb-01,5.1701
2026-01-03T05:48:16,db-03,2.3227
2026-01-03T05:48:43,db-02,3.1048
2026-01-03T05:49:00,cache-03,5.8074
2026-01-03T05:49:24,cache-01,1.0268
2026-01-03T05:50:05,lb-01,5.4768
2026-01-03T05:50:21,web-05,0.1799
2026-01-03T05:50:50,hd-02,0.7442
2026-01-03T05:51:05,lb-01,0.9293
2026-01-03T05:51:32,lb-02,6.1474
2026-01-03T05:51:37,lb-01,0.1307
2026-01-03T05:52:07,net-02,3.5147
2026-01-03T05:52:12,hd-01,1.3864
2026-01-03T05:52:19,cache-02,1.4513
2026-01-03T05:52:21,web-03,1.2474
2026-01-03T05:53:35,cache-03,1.8081
2026-01-03T05:53:51,hd-01,0.1618
2026-01-03T05:53:51,hd-01,1.6185
2026-01-03T05:53:58,lb-01,46.9116
2026-01-03T05:54:23,cache-01,17.4546
2026-01-03T05:55:16,hd-02,0.4999
2026-01-03T05:55:37,cache-02,0.9973
2026-01-03T05:56:00,web-01,1.6971
2026-01-03T05:56:13,lb-02,18.1916
2026-01-03T05:56:41,web-04,0.4692
2026-01-03T05:56:49,db-03,0.6319
2026-01-03T05:57:02,hd-01,1.0963
2026-01-03T05:57:54,cache-01,1.0053
2026-01-03T05:58:28,net-04,3.6774
2026-01-03T05:59:22,db-02,1.1464
2026-01-03T05:59:23,db-01,0.9416
2026-01-03T05:59:37,hd-02,0.3078
2026-01-03T05:59:39,cache-02,0.6615
2026-01-03T06:00:14,db-01,6.0807
2026-01-03T06:01:19,web-04,3.7973
2026-01-03T06:01:42,net-03,2.6478
2026-01-03T06:02:00,db-02,1.0897
2026-01-03T06:02:08,db-03,0.0703
2026-01-03T06:02:11,db-03,1.1001
2026-01-03T06:02:48,lb-02,2.9397
2026-01-03T06:02:55,db-03,0.9475
2026-01-03T06:03:17,db-02,0.7302
2026-01-03T06:04:34,hd-01,4.4039
2026-01-03T06:04:35,hd-01,1.9345
2026-01-03T06:05:29,lb-02,28.1173
2026-01-03T06:05:40,net-02,0.2906
2026-01-03T06:06:03,lb-01,0.1326
2026-01-03T06:06:27,net-03,14.9016
2026-01-03T06:06:39,web-05,0.6316
2026-01-03T06:06:40,web-02,14.3788
2026-01-03T06:07:06,web-01,10.0564
2026-01-03T06:08:09,hd-02,12.4129
2026-01-03T06:08:19,lb-01,2.0825
2026-01-03T06:08:30,hd-02,1.7547
2026-01-03T06:10:09,db-02,0.0504
2026-01-03T06:11:36,db-02,0.7905
2026-01-03T06:11:41,cache-02,3.6202
2026-01-03T06:12:23,cache-01,2.7998
2026-01-03T06:12:42,cache-03,2.7935
2026-01-03T06:13:06,hd-02,7.0237
2026-01-03T06:13:06,hd-02,0.1448
2026-01-03T06:13:13,web-03,0.7234
2026-01-03T06:13:41,lb-01,0.6754
2026-01-03T06:14:13,net-02,12.9467
2026-01-03T06:14:31,web-05,2.9363
2026-01-03T06:14:43,lb-02,1.5365
2026-01-03T06:15:17,web-02,10.5173
2026-01-03T06:15:52,lb-02,3.3405
2026-01-03T06:16:05,net-04,3.9645
2026-01-03T06:16:13,web-01,1.0132
2026-01-03T06:16:28,hd-01,5.4780
2026-01-03T06:16:37,db-03,15.2397
2026-01-03T06:16:40,net-01,4.9972
2026-01-03T06:16:49,cache-02,1.1902
2026-01-03T06:17:15,cache-01,0.5514
2026-01-03T06:17:21,db-03,2.1786
2026-01-03T06:18:04,net-02,0.0803
2026-01-03T06:18:15,cache-02,0.5508
2026-01-03T06:19:44,net-04,2.5640
2026-01-03T06:20:48,lb-02,6.5786
2026-01-03T06:21:26,lb-01,3.9345
2026-01-03T06:21:27,db-03,0.5507
2026-01-03T06:21:55,hd-02,2.5862
2026-01-03T06:22:01,net-04,10.5311
2026-01-03T06:22:04,net-03,1.2401
2026-01-03T06:22:32,net-03,0.8305
2026-01-03T06:22:48,cache-03,0.8369
2026-01-03T06:22:52,web-04,2.0978
2026-01-03T06:23:56,lb-01,2.9763
2026-01-03T06:24:50,hd-02,0.1844
2026-01-03T06:25:41,cache-01,2.3661
2026-01-03T06:27:06,db-01,4.0064
2026-01-03T06:28:10,web-02,0.5760
2026-01-03T06:28:16,db-01,4.3132
2026-01-03T06:30:58,web-02,0.0065
2026-01-03T06:32:32,cache-02,0.6211
2026-01-03T06:33:11,net-04,3.3582
2026-01-03T06:33:40,lb-01,1.0320
2026-01-03T06:35:51,hd-02,1.8075
2026-01-03T06:36:49,web-03,0.4375
2026-01-03T06:36:50,cache-02,5.8111
2026-01-03T06:36:54,hd-01,0.3618
2026-01-03T06:38:04,lb-01,18.3842
2026-01-03T06:38:18,cache-02,5.6434
2026-01-03T06:38:27,db-01,5.8510
2026-01-03T06:41:21,hd-02,1.7809
2026-01-03T06:41:36,web-05,1.9292
2026-01-03T06:41:51,db-01,4.2065
2026-01-03T06:42:31,net-02,1.5705
2026-01-03T06:42:51,cache-01,4.8324
2026-01-03T06:42:57,lb-02,1.0545
2026-01-03T06:43:28,db-01,8.1415
2026-01-03T06:43:31,cache-01,1.6757
2026-01-03T06:43:56,db-02,1.4969
2026-01-03T06:44:06,db-03,1.3281
2026-01-03T06:44:22,hd-02,3.3368
2026-01-03T06:45:45,db-03,1.6655
2026-01-03T06:46:07,lb-01,4.6553
2026-01-03T06:46:19,web-02,1.8561
2026-01-03T06:46:48,net-04,0.9382
2026-01-03T06:46:55,db-03,1.0736
2026-01-03T06:47:00,lb-02,1.5005
2026-01-03T06:48:18,lb-02,2.1975
2026-01-03T06:48:20,lb-02,1.1259
2026-01-03T06:48:35,lb-01,5.2697
2026-01-03T06:48:55,hd-02,0.3086
2026-01-03T06:48:58,db-02,10.7389
2026-01-03T06:49:59,cache-02,0.8134
2026-01-03T06:50:32,db-01,6.4286
2026-01-03T06:50:56,db-02,0.3535
2026-01-03T06:52:28,db-01,0.4702
2026-01-03T06:53:07,hd-01,8.0074
2026-01-03T06:53:34,lb-02,0.3898
2026-01-03T06:54:03,hd-02,2.0575
2026-01-03T06:54:34,hd-02,14.4474
2026-01-03T06:56:11,cache-03,0.3534
2026-01-03T06:56:16,cache-01,0.2118
2026-01-03T06:56:33,hd-01,5.1725
2026-01-03T06:56:59,db-03,3.6690
2026-01-03T06:57:18,db-03,0.1988
2026-01-03T06:57:35,hd-02,1.8686
2026-01-03T06:58:30,lb-02,0.6364
2026-01-03T06:58:59,cache-01,2.9133
2026-01-03T06:59:24,db-02,2.9577
2026-01-03T07:00:04,cache-01,2.0008
2026-01-03T07:00:28,net-01,1.9658
2026-01-03T07:00:55,lb-02,0.3006
2026-01-03T07:01:13,db-03,1.9374
2026-01-03T07:01:46,cache-01,0.1231
2026-01-03T07:04:16,hd-02,3.5488
2026-01-03T07:04:44,lb-01,1.9562
2026-01-03T07:04:53,net-02,2.0982
2026-01-03T07:05:20,web-01,3.8012
2026-01-03T07:06:12,db-02,1.2317
2026-01-03T07:06:26,lb-01,4.5381
2026-01-03T07:06:28,cache-01,2.8961
2026-01-03T07:06:54,net-03,0.5831
2026-01-03T07:06:54,db-02,3.6810
2026-01-03T07:07:02,lb-01,1.4458
2026-01-03T07:07:36,web-03,0.6579
2026-01-03T07:07:54,lb-02,5.1817
2026-01-03T07:08:14,db-02,0.1378
2026-01-03T07:09:00,db-03,0.3606
2026-01-03T07:09:28,lb-01,0.6620
2026-01-03T07:09:43,net-03,1.2401
2026-01-03T07:10:04,db-02,0.0431
2026-01-03T07:11:38,db-02,0.7416
2026-01-03T07:11:49,cache-03,0.3514
2026-01-03T07:12:04,hd-01,10.1302
2026-01-03T07:12:21,db-02,3.6057
2026-01-03T07:12:25,cache-01,3.7850
2026-01-03T07:12:52,cache-02,10.6246
2026-01-03T07:13:38,lb-01,0.0336
2026-01-03T07:13:42,cache-02,3.1572
2026-01-03T07:13:59,net-03,0.3888
2026-01-03T07:14:12,db-01,2.7279
2026-01-03T07:14:53,net-02,0.5069
2026-01-03T07:15:19,cache-03,4.0100
2026-01-03T07:15:58,net-01,3.3159
2026-01-03T07:16:18,cache-01,3.1881
2026-01-03T07:16:30,lb-01,0.2495
2026-01-03T07:16:35,cache-03,0.9299
2026-01-03T07:17:13,hd-02,0.1198
2026-01-03T07:19:03,cache-02,0.8105
2026-01-03T07:19:25,lb-01,0.6499
2026-01-03T07:20:51,lb-01,2.2082
2026-01-03T07:21:31,lb-02,1.3000
2026-01-03T07:22:19,db-02,0.8311
2026-01-03T07:22:51,web-04,26.1556
2026-01-03T07:22:52,web-01,38.6050
2026-01-03T07:24:25,net-04,3.2674
2026-01-03T07:24:43,cache-03,0.7954
2026-01-03T07:24:59,db-03,1.9504
2026-01-03T07:25:33,db-03,1.2332
2026-01-03T07:25:50,cache-01,1.5385
2026-01-03T07:26:10,db-02,0.9334
2026-01-03T07:28:32,web-02,0.4068
2026-01-03T07:29:17,net-02,2.9037
2026-01-03T07:29:20,lb-01,0.7913
2026-01-03T07:29:34,net-02,0.3661
2026-01-03T07:31:49,net-03,2.0008
2026-01-03T07:32:17,net-02,2.7071
2026-01-03T07:32:20,db-02,1.0358
2026-01-03T07:32:45,hd-02,0.2176
2026-01-03T07:34:45,web-04,0.1693
2026-01-03T07:34:46,cache-01,0.4933
2026-01-03T07:34:54,hd-02,2.7504
2026-01-03T07:35:05,web-02,6.6423
2026-01-03T07:35:17,db-02,13.9491
2026-01-03T07:35:23,net-04,1.3826
2026-01-03T07:35:30,lb-01,0.1775
2026-01-03T07:35:49,net-04,0.1546
2026-01-03T07:36:07,cache-03,1.1630
2026-01-03T07:36:28,lb-02,9.2256
2026-01-03T07:36:30,cache-03,9.6744
2026-01-03T07:36:53,db-01,0.6596
2026-01-03T07:37:28,hd-01,0.8931
2026-01-03T07:37:43,db-02,1.4361
2026-01-03T07:38:43,hd-02,0.5170
2026-01-03T07:39:12,db-01,1.8369
2026-01-03T07:39:35,db-01,1.0745
2026-01-03T07:40:09,cache-01,2.2687
2026-01-03T07:40:50,net-04,0.2452
2026-01-03T07:41:04,lb-01,1.0328
2026-01-03T07:41:05,lb-02,0.7039
2026-01-03T07:41:10,cache-03,0.7107
2026-01-03T07:41:13,db-01,0.5728
2026-01-03T07:41:32,net-01,2.0911
2026-01-03T07:42:11,db-03,1.6547
2026-01-03T07:42:13,lb-02,1.9406
2026-01-03T07:42:14,cache-01,1.4528
2026-01-03T07:42:25,net-01,21.5058
2026-01-03T07:42:32,net-04,8.8861
2026-01-03T07:42:42,cache-03,26.6649
2026-01-03T07:43:48,cache-01,5.1914
2026-01-03T07:43:59,web-02,0.0312
2026-01-03T07:44:06,web-02,0.3722
2026-01-03T07:44:14,web-03,1.6032
2026-01-03T07:44:19,hd-01,0.0979
2026-01-03T07:45:03,cache-01,0.4993
2026-01-03T07:45:05,hd-01,1.6569
2026-01-03T07:45:10,hd-02,0.9969
2026-01-03T07:45:32,hd-01,3.1762
2026-01-03T07:45:40,web-03,0.6034
2026-01-03T07:46:13,cache-02,0.0416
2026-01-03T07:47:35,hd-01,98.1180
2026-01-03T07:48:00,lb-02,1.2093
2026-01-03T07:48:20,hd-02,15.6854
2026-01-03T07:50:43,cache-03,1.3915
2026-01-03T07:50:47,lb-02,2.2267
2026-01-03T07:50:57,hd-01,0.8894
2026-01-03T07:50:59,cache-03,3.7120
2026-01-03T07:51:21,db-01,10.1539
2026-01-03T07:52:13,db-01,0.9605
2026-01-03T07:52:52,db-01,0.9181
2026-01-03T07:53:00,net-02,35.7951
2026-01-03T07:53:03,db-03,2.0644
2026-01-03T07:53:21,cache-01,9.1025
2026-01-03T07:53:32,cache-02,4.0756
2026-01-03T07:53:45,net-01,2.3614
2026-01-03T07:53:53,cache-01,2.8867
2026-01-03T07:54:06,hd-01,1.2119
2026-01-03T07:56:16,cache-01,7.6816
2026-01-03T07:56:40,cache-03,1.9309
2026-01-03T07:57:45,db-01,0.5882
2026-01-03T07:58:07,lb-01,0.9261
2026-01-03T07:58:42,cache-02,0.5786
2026-01-03T07:59:05,cache-02,2.4151
2026-01-03T07:59:26,cache-02,2.6405
2026-01-03T07:59:38,web-05,0.9975
2026-01-03T08:00:14,net-04,2.3816
2026-01-03T08:00:29,cache-03,5.3050
2026-01-03T08:01:07,cache-02,0.9068
2026-01-03T08:01:51,net-02,0.8443
2026-01-03T08:01:58,net-04,9.3634
2026-01-03T08:02:06,lb-01,5.7379
2026-01-03T08:02:13,hd-02,1.9089
2026-01-03T08:02:18,cache-02,7.4595
2026-01-03T08:03:19,cache-01,1.1804
2026-01-03T08:03:31,web-04,16.1216
2026-01-03T08:03:57,lb-02,7.5140
2026-01-03T08:03:58,net-04,2.2533
2026-01-03T08:04:19,web-04,4.4116
2026-01-03T08:05:25,hd-02,1.4857
2026-01-03T08:05:25,web-04,1.1981
2026-01-03T08:06:37,web-01,5.8368
2026-01-03T08:07:12,lb-02,1.6812
2026-01-03T08:07:19,db-03,0.8437
2026-01-03T08:07:31,hd-01,3.8447
2026-01-03T08:07:42,net-03,1.3178
2026-01-03T08:08:20,hd-01,0.0052
2026-01-03T08:08:59,hd-01,0.7914
2026-01-03T08:08:59,web-01,3.6231
2026-01-03T08:09:20,hd-01,1.1632
2026-01-03T08:10:08,web-04,0.7361
2026-01-03T08:10:29,db-01,4.0990
2026-01-03T08:11:16,web-05,0.1154
2026-01-03T08:12:06,net-02,0.5505
2026-01-03T08:12:15,hd-02,0.5136
2026-01-03T08:13:29,cache-02,6.0250
2026-01-03T08:13:40,net-03,1.7043
2026-01-03T08:13:42,cache-01,9.5945
2026-01-03T08:14:59,cache-03,3.7191
2026-01-03T08:15:22,db-02,11.5334
2026-01-03T08:15:23,cache-01,3.5113
2026-01-03T08:15:24,hd-01,0.3080
2026-01-03T08:15:33,lb-02,0.3919
2026-01-03T08:15:48,hd-01,0.1397
2026-01-03T08:17:15,net-02,1.9917
2026-01-03T08:17:16,net-02,0.0251
2026-01-03T08:17:51,hd-01,0.2179
2026-01-03T08:17:55,web-01,2.5726
2026-01-03T08:18:49,hd-02,0.4476
2026-01-03T08:19:11,web-03,0.3133
2026-01-03T08:19:28,hd-01,0.9827
2026-01-03T08:19:49,cache-01,2.4261
2026-01-03T08:20:04,cache-01,2.3188
2026-01-03T08:20:05,cache-03,2.0290
2026-01-03T08:20:55,net-03,0.1833
2026-01-03T08:21:12,net-01,0.1472
2026-01-03T08:21:42,hd-01,0.6303
2026-01-03T08:22:07,db-03,10.5956
2026-01-03T08:23:00,hd-02,5.5151
2026-01-03T08:23:56,hd-01,0.5676
2026-01-03T08:24:11,cache-03,1.2144
2026-01-03T08:25:50,hd-01,0.3890
2026-01-03T08:25:54,web-01,5.9035
2026-01-03T08:26:08,db-01,4.6914
2026-01-03T08:26:10,lb-01,0.4693
2026-01-03T08:26:26,net-02,0.9302
2026-01-03T08:27:16,net-02,0.7673
2026-01-03T08:28:30,hd-02,2.1817
2026-01-03T08:28:50,lb-02,0.9462
2026-01-03T08:28:51,lb-01,2.7674
2026-01-03T08:28:58,net-02,9.4161
2026-01-03T08:29:16,lb-02,2.6944
2026-01-03T08:29:29,lb-01,0.8204
2026-01-03T08:30:20,cache-02,2.0149
2026-01-03T08:31:05,cache-02,0.6280
2026-01-03T08:32:05,cache-02,0.5839
2026-01-03T08:32:11,net-03,3.5301
2026-01-03T08:32:26,lb-02,1.5964
2026-01-03T08:32:45,web-03,2.3611
2026-01-03T08:33:58,db-01,0.1994
2026-01-03T08:34:10,web-04,5.8486
2026-01-03T08:35:12,lb-02,5.7895
2026-01-03T08:35:20,cache-01,0.1397
2026-01-03T08:35:48,lb-01,1.6705
2026-01-03T08:36:38,net-02,2.0503
2026-01-03T08:36:48,cache-01,8.8635
2026-01-03T08:37:22,net-01,2.1241
2026-01-03T08:38:02,hd-01,0.2427
2026-01-03T08:39:00,hd-01,0.3748
2026-01-03T08:39:10,net-01,0.3942
2026-01-03T08:39:11,net-02,1.3345
2026-01-03T08:39:12,db-01,9.2124
2026-01-03T08:39:29,lb-02,1.8302
2026-01-03T08:40:25,db-03,4.9132
2026-01-03T08:41:31,db-03,0.1892
2026-01-03T08:42:21,lb-02,7.1284
2026-01-03T08:42:41,web-05,3.0582
2026-01-03T08:43:06,lb-01,1.9270
2026-01-03T08:43:42,db-01,1.6710
2026-01-03T08:43:50,cache-02,1.0720
2026-01-03T08:44:11,hd-01,4.3210
2026-01-03T08:44:19,db-03,0.6264
2026-01-03T08:44:51,lb-02,1.2271
2026-01-03T08:45:46,cache-03,1.1995
2026-01-03T08:46:06,net-04,1.3262
2026-01-03T08:48:26,web-01,0.2743
2026-01-03T08:48:49,web-02,5.1813
2026-01-03T08:49:12,db-02,0.1174
2026-01-03T08:49:23,net-04,4.5856
2026-01-03T08:49:34,cache-01,12.2658
2026-01-03T08:50:48,web-04,0.7559
2026-01-03T08:51:08,web-03,3.0184
2026-01-03T08:51:39,hd-02,1.3043
2026-01-03T08:52:12,cache-01,0.5509
2026-01-03T08:52:51,cache-01,0.7354
2026-01-03T08:53:33,db-02,0.6293
2026-01-03T08:53:36,lb-01,9.2088
2026-01-03T08:54:08,cache-03,4.5960
2026-01-03T08:55:04,cache-02,13.3194
2026-01-03T08:55:09,hd-02,2.2429
2026-01-03T08:55:14,lb-02,3.6999
2026-01-03T08:56:33,hd-02,0.5844
2026-01-03T08:56:34,hd-02,0.0253
2026-01-03T08:56:50,net-03,0.7424
2026-01-03T08:56:52,net-03,5.8845
2026-01-03T08:57:01,cache-02,4.0362
2026-01-03T08:57:51,hd-02,7.7785
2026-01-03T08:58:03,net-03,1.2445
2026-01-03T08:58:27,db-01,0.5838
2026-01-03T08:58:57,lb-01,6.2481
2026-01-03T09:00:02,net-02,1.7808
2026-01-03T09:00:12,web-05,1.2712
2026-01-03T09:00:13,net-03,0.0366
2026-01-03T09:00:13,web-04,6.6544
2026-01-03T09:00:17,cache-03,2.5893
2026-01-03T09:00:35,hd-02,1.6079
2026-01-03T09:01:15,cache-01,11.9556
2026-01-03T09:01:25,hd-01,0.1289
2026-01-03T09:01:29,hd-02,0.6047
2026-01-03T09:02:04,net-02,0.5740
2026-01-03T09:02:14,db-01,0.4670
2026-01-03T09:02:17,cache-02,1.1720
2026-01-03T09:03:07,db-03,1.2383
2026-01-03T09:03:09,cache-02,1.4787
2026-01-03T09:04:02,web-04,0.6868
2026-01-03T09:04:02,hd-02,1.1261
2026-01-03T09:04:06,hd-01,5.1356
2026-01-03T09:05:29,cache-03,8.3049
2026-01-03T09:05:49,web-01,0.6901
2026-01-03T09:05:56,lb-02,9.5622
2026-01-03T09:06:02,cache-03,4.2425
2026-01-03T09:06:34,web-02,2.2938
2026-01-03T09:06:40,web-02,0.2072
2026-01-03T09:07:46,hd-02,7.1157
2026-01-03T09:08:01,net-04,0.5373
2026-01-03T09:09:28,lb-02,1.1717
2026-01-03T09:09:53,cache-03,0.5652
2026-01-03T09:10:33,db-01,4.3796
2026-01-03T09:10:40,net-03,9.2985
2026-01-03T09:11:08,db-03,1.2783
2026-01-03T09:11:13,net-03,0.3680
2026-01-03T09:11:28,db-01,3.2846
2026-01-03T09:11:32,web-01,1.1475
2026-01-03T09:11:44,lb-02,1.0470
2026-01-03T09:12:35,cache-01,4.1444
2026-01-03T09:13:10,db-03,0.3296
2026-01-03T09:13:28,web-02,3.0378
2026-01-03T09:14:12,cache-03,2.4651
2026-01-03T09:15:45,cache-02,0.7232
2026-01-03T09:16:22,net-04,4.8324
2026-01-03T09:17:10,web-03,3.0043
2026-01-03T09:17:23,db-02,3.3814
2026-01-03T09:17:24,net-03,1.2282
2026-01-03T09:17:26,lb-01,4.5183
2026-01-03T09:18:26,lb-02,0.2593
2026-01-03T09:19:06,hd-02,3.9587
2026-01-03T09:19:21,db-03,0.3831
2026-01-03T09:20:11,lb-01,5.7746
2026-01-03T09:20:17,db-01,9.8243
2026-01-03T09:20:22,cache-02,4.5300
2026-01-03T09:20:42,db-01,0.1784
2026-01-03T09:20:53,net-04,2.2862
2026-01-03T09:21:23,db-03,15.6371
2026-01-03T09:22:16,db-02,0.5811
2026-01-03T09:23:13,web-03,1.0390
2026-01-03T09:24:52,cache-01,0.0889
2026-01-03T09:25:00,cache-01,2.3846
2026-01-03T09:25:19,hd-01,28.9718
2026-01-03T09:25:34,web-04,0.6289
2026-01-03T09:25:51,net-04,0.7568
2026-01-03T09:26:02,cache-02,1.0385
2026-01-03T09:26:06,hd-02,10.2830
2026-01-03T09:27:07,net-01,9.4948
2026-01-03T09:27:33,db-02,0.1037
2026-01-03T09:27:51,web-01,4.1108
2026-01-03T09:28:06,db-03,0.0281
2026-01-03T09:28:12,web-04,3.7920
2026-01-03T09:28:15,lb-02,7.4709
2026-01-03T09:28:51,db-03,14.0172
2026-01-03T09:30:48,hd-02,4.0482
2026-01-03T09:31:13,hd-02,2.0068
2026-01-03T09:31:43,web-03,9.1282
2026-01-03T09:31:48,db-02,0.7554
2026-01-03T09:34:36,web-03,2.0162
2026-01-03T09:34:43,db-03,25.1061
2026-01-03T09:34:45,web-01,1.1357
2026-01-03T09:34:45,web-02,1.5912
2026-01-03T09:34:53,db-01,2.2420
2026-01-03T09:34:55,net-01,1.5749
2026-01-03T09:35:33,lb-01,4.9966
2026-01-03T09:36:28,lb-02,16.7570
2026-01-03T09:37:25,net-02,0.4734
2026-01-03T09:38:15,db-02,0.4711
2026-01-03T09:38:35,lb-02,2.9764
2026-01-03T09:38:40,lb-01,0.4553
2026-01-03T09:38:43,db-03,0.1271
2026-01-03T09:39:04,net-01,0.6673
2026-01-03T09:39:34,web-03,0.3665
2026-01-03T09:39:51,hd-02,0.0734
2026-01-03T09:39:53,lb-01,1.6440
2026-01-03T09:40:03,lb-02,3.6278
2026-01-03T09:40:06,web-02,4.2184
2026-01-03T09:40:31,cache-02,0.5829
2026-01-03T09:40:32,hd-01,4.1184
2026-01-03T09:41:14,db-03,21.7283
2026-01-03T09:41:23,hd-02,1.4019
2026-01-03T09:42:05,cache-01,1.5946
2026-01-03T09:42:11,web-01,9.4899
2026-01-03T09:42:35,net-03,1.2959
2026-01-03T09:43:20,web-03,3.5978
2026-01-03T09:44:11,lb-01,6.3361
2026-01-03T09:44:31,cache-03,1.3061
2026-01-03T09:44:32,net-03,2.1067
2026-01-03T09:44:54,net-02,0.1955
2026-01-03T09:45:01,cache-03,0.5634
2026-01-03T09:45:22,net-01,4.6565
2026-01-03T09:46:23,db-01,2.3330
2026-01-03T09:46:42,hd-02,0.8125
2026-01-03T09:46:53,db-02,0.4826
2026-01-03T09:49:30,web-02,1.1648
2026-01-03T09:49:44,cache-03,2.2732
2026-01-03T09:49:48,web-04,6.8352
2026-01-03T09:50:47,hd-01,0.0201
2026-01-03T09:51:01,db-03,3.9083
2026-01-03T09:51:38,web-03,2.1155
2026-01-03T09:51:58,web-03,0.6136
2026-01-03T09:52:12,net-04,0.9466
2026-01-03T09:53:05,net-01,0.6049
2026-01-03T09:53:41,net-04,0.4381
2026-01-03T09:53:44,hd-02,0.6942
2026-01-03T09:54:11,hd-02,3.9460
2026-01-03T09:54:14,hd-02,1.9170
2026-01-03T09:54:57,net-01,13.7941
2026-01-03T09:55:44,db-02,0.2899
2026-01-03T09:56:44,lb-01,0.3784
2026-01-03T09:58:04,lb-01,1.8151
2026-01-03T09:58:05,db-01,0.0919
2026-01-03T09:58:26,web-02,2.5742
2026-01-03T09:59:25,net-02,1.5137
2026-01-03T10:00:17,cache-02,3.7064
2026-01-03T10:00:40,hd-01,2.5395
2026-01-03T10:01:02,lb-01,4.5367
2026-01-03T10:01:04,net-01,9.4044
2026-01-03T10:01:25,db-01,0.9378
2026-01-03T10:01:44,hd-02,1.0081
2026-01-03T10:02:52,lb-02,0.3693
2026-01-03T10:03:01,lb-01,0.4847
2026-01-03T10:03:05,web-04,0.7289
2026-01-03T10:03:32,net-02,3.1535
2026-01-03T10:03:50,web-04,4.9301
2026-01-03T10:03:57,net-01,1.7577
2026-01-03T10:04:11,web-01,0.2626
2026-01-03T10:05:07,web-02,0.7789
2026-01-03T10:05:44,db-03,1.8356
2026-01-03T10:05:56,cache-02,1.1130
2026-01-03T10:06:20,web-04,25.0819
2026-01-03T10:06:25,lb-02,1.4304
2026-01-03T10:06:42,db-02,1.4717
2026-01-03T10:07:00,net-02,7.5076
2026-01-03T10:07:38,hd-02,1.3097
2026-01-03T10:07:52,db-03,1.6592
2026-01-03T10:09:06,cache-02,0.0778
2026-01-03T10:10:44,db-02,1.5164
2026-01-03T10:11:43,hd-02,4.2731
2026-01-03T10:11:57,hd-01,4.9879
2026-01-03T10:12:38,hd-01,10.4680
2026-01-03T10:13:24,db-03,5.2221
2026-01-03T10:13:31,cache-03,8.9693
2026-01-03T10:13:47,lb-01,1.7440
2026-01-03T10:14:01,net-01,0.4353
2026-01-03T10:14:46,net-03,2.5900
2026-01-03T10:14:46,net-01,0.0558
2026-01-03T10:15:02,net-02,3.0049
2026-01-03T10:15:11,lb-01,0.2355
2026-01-03T10:16:26,web-03,2.6286
2026-01-03T10:16:31,lb-01,4.0913
2026-01-03T10:16:36,db-02,0.1492
2026-01-03T10:16:56,hd-02,0.3319
2026-01-03T10:17:31,net-02,7.1022
2026-01-03T10:18:23,web-03,1.3792
2026-01-03T10:18:38,hd-02,2.0460
2026-01-03T10:18:56,web-01,2.5944
2026-01-03T10:19:04,net-01,37.8283
2026-01-03T10:19:11,net-02,1.2743
2026-01-03T10:19:45,net-03,4.1343
2026-01-03T10:20:09,lb-02,1.1522
2026-01-03T10:21:20,cache-01,0.7376
2026-01-03T10:21:31,hd-02,13.4789
2026-01-03T10:21:43,net-02,1.5606
2026-01-03T10:21:58,web-03,0.9844
2026-01-03T10:22:14,web-05,18.2386
2026-01-03T10:22:49,web-01,3.7107
2026-01-03T10:23:26,lb-01,19.5704
2026-01-03T10:23:28,db-02,3.6118
2026-01-03T10:23:33,lb-02,1.3996
2026-01-03T10:23:48,cache-02,2.2320
2026-01-03T10:23:50,db-02,1.9736
2026-01-03T10:24:01,db-03,5.0988
2026-01-03T10:25:00,web-02,1.1273
2026-01-03T10:25:06,web-02,1.0910
2026-01-03T10:26:37,cache-03,0.8030
2026-01-03T10:26:39,web-03,0.1757
2026-01-03T10:27:07,cache-02,14.8400
2026-01-03T10:27:58,web-05,0.0707
2026-01-03T10:28:08,db-01,14.1367
2026-01-03T10:28:10,lb-02,0.6991
2026-01-03T10:28:15,hd-02,12.0475
2026-01-03T10:28:58,lb-01,0.6204
2026-01-03T10:29:21,db-01,2.8703
2026-01-03T10:29:30,hd-02,5.9041
2026-01-03T10:30:15,net-04,0.8243
2026-01-03T10:30:20,hd-02,1.2172
2026-01-03T10:32:23,cache-02,0.2363
2026-01-03T10:32:34,lb-01,8.5975
2026-01-03T10:32:39,db-01,1.5260
2026-01-03T10:32:43,cache-01,0.4290
2026-01-03T10:33:01,db-03,2.3507
2026-01-03T10:33:01,cache-01,0.3908
2026-01-03T10:33:07,db-01,0.2300
2026-01-03T10:33:13,cache-02,2.6084
2026-01-03T10:33:18,cache-02,4.2555
2026-01-03T10:33:29,web-01,2.8578
2026-01-03T10:34:04,web-03,4.4737
2026-01-03T10:34:11,lb-01,0.9881
2026-01-03T10:34:37,web-01,1.7625
2026-01-03T10:34:55,lb-02,3.8800
2026-01-03T10:35:01,lb-02,0.0475
2026-01-03T10:35:13,db-02,0.1128
2026-01-03T10:35:23,lb-02,1.5081
2026-01-03T10:37:04,cache-01,2.0019
2026-01-03T10:37:34,hd-01,0.2050
2026-01-03T10:37:48,web-02,0.3255
2026-01-03T10:37:50,net-01,0.5427
2026-01-03T10:38:45,db-01,0.0645
2026-01-03T10:38:48,web-01,0.1309
2026-01-03T10:39:43,cache-02,1.9351
2026-01-03T10:40:09,web-04,17.4956
2026-01-03T10:40:21,hd-02,2.2946
2026-01-03T10:40:26,lb-02,4.2260
2026-01-03T10:40:53,db-03,0.0885
2026-01-03T10:41:18,net-01,6.8144
2026-01-03T10:41:26,cache-02,5.0139
2026-01-03T10:41:27,lb-02,0.3729
2026-01-03T10:42:24,net-04,2.0469
2026-01-03T10:42:29,net-02,0.5613
2026-01-03T10:42:50,hd-02,2.2427
2026-01-03T10:43:34,net-01,3.5740
2026-01-03T10:44:16,net-01,2.0354
2026-01-03T10:44:21,lb-01,2.0653
2026-01-03T10:44:38,db-01,0.0854
2026-01-03T10:46:05,db-02,0.5931
2026-01-03T10:46:34,lb-01,2.0810
2026-01-03T10:46:44,db-01,0.2869
2026-01-03T10:47:03,cache-01,6.8411
2026-01-03T10:47:24,hd-02,2.4957
2026-01-03T10:47:47,db-02,4.2761
2026-01-03T10:48:21,hd-02,9.0311
2026-01-03T10:48:40,hd-02,1.5665
2026-01-03T10:49:26,db-01,2.5806
2026-01-03T10:50:02,db-01,2.9946
2026-01-03T10:50:02,cache-02,5.7092
2026-01-03T10:50:17,lb-02,1.9392
2026-01-03T10:50:26,net-04,7.7106
2026-01-03T10:50:33,lb-01,4.1979
2026-01-03T10:50:56,net-02,2.1836
2026-01-03T10:51:55,lb-01,5.6553
2026-01-03T10:52:10,lb-02,17.0214
2026-01-03T10:53:18,net-03,1.0314
2026-01-03T10:53:18,cache-02,2.1168
2026-01-03T10:53:28,db-03,90.9954
2026-01-03T10:54:04,web-02,1.2034
2026-01-03T10:54:25,hd-02,5.8564
2026-01-03T10:54:32,web-01,2.0665
2026-01-03T10:54:58,web-03,7.7897
2026-01-03T10:56:48,net-02,5.7189
2026-01-03T10:57:19,lb-01,0.7346
2026-01-03T10:57:22,net-04,0.6298
2026-01-03T10:57:28,db-02,1.5136
2026-01-03T10:57:49,web-04,0.0819
2026-01-03T10:58:23,lb-01,0.1188
2026-01-03T10:58:42,net-04,3.2464
2026-01-03T11:00:11,web-05,1.0546
2026-01-03T11:00:36,cache-03,0.7332
2026-01-03T11:00:40,db-02,2.6071
2026-01-03T11:01:08,db-02,0.6214
2026-01-03T11:01:32,net-02,8.4233
2026-01-03T11:01:53,net-02,0.0811
2026-01-03T11:02:12,hd-01,1.3666
2026-01-03T11:02:25,web-04,1.1384
2026-01-03T11:02:59,hd-01,6.9372
2026-01-03T11:03:03,web-01,0.2559
2026-01-03T11:04:58,db-02,1.4220
2026-01-03T11:05:09,lb-02,0.7987
2026-01-03T11:05:48,cache-03,8.8118
2026-01-03T11:05:59,net-03,3.3733
2026-01-03T11:06:09,web-05,2.6632
2026-01-03T11:06:48,cache-01,1.3984
2026-01-03T11:07:09,hd-01,6.6170
2026-01-03T11:07:33,cache-01,0.4554
2026-01-03T11:07:43,hd-01,15.5685
2026-01-03T11:09:06,db-02,3.3953
2026-01-03T11:10:19,web-02,6.0530
2026-01-03T11:10:24,net-02,4.7106
2026-01-03T11:10:41,db-02,13.1140
2026-01-03T11:11:23,hd-02,0.0872
2026-01-03T11:12:08,hd-01,0.3242
2026-01-03T11:12:42,cache-03,0.3148
2026-01-03T11:12:58,web-05,0.0579
2026-01-03T11:13:58,hd-02,1.1305
2026-01-03T11:14:01,cache-01,8.1280
2026-01-03T11:14:13,web-04,0.8353
2026-01-03T11:14:35,lb-01,0.3928
2026-01-03T11:14:53,hd-02,3.3726
2026-01-03T11:15:15,cache-03,3.2215
2026-01-03T11:15:20,db-01,10.2285
2026-01-03T11:15:39,hd-02,4.2904
2026-01-03T11:16:25,cache-01,4.4916
2026-01-03T11:16:28,net-03,3.4185
2026-01-03T11:17:15,db-03,1.0537
2026-01-03T11:18:18,hd-02,5.7405
2026-01-03T11:18:47,web-01,1.8031
2026-01-03T11:19:34,lb-01,0.3113
2026-01-03T11:19:39,lb-01,26.4611
2026-01-03T11:19:59,cache-03,2.8895
2026-01-03T11:20:01,cache-01,1.7236
2026-01-03T11:20:31,lb-02,5.3169
2026-01-03T11:20:48,net-01,1.2765
2026-01-03T11:21:24,db-03,0.4984
2026-01-03T11:22:01,db-01,7.8001
2026-01-03T11:23:21,cache-01,0.9745
2026-01-03T11:23:22,web-05,1.5186
2026-01-03T11:23:22,hd-02,2.5472
2026-01-03T11:23:37,web-05,0.2610
2026-01-03T11:24:04,db-01,5.6360
2026-01-03T11:25:19,cache-03,3.8964
2026-01-03T11:25:51,cache-03,2.2671
2026-01-03T11:26:02,web-04,0.0712
2026-01-03T11:26:17,db-03,3.2884
2026-01-03T11:26:20,hd-02,0.4487
2026-01-03T11:26:43,net-03,1.1847
2026-01-03T11:26:54,net-03,0.5196
2026-01-03T11:27:12,cache-01,1.2277
2026-01-03T11:27:15,lb-01,5.4444
2026-01-03T11:28:11,net-02,0.1952
2026-01-03T11:28:19,web-03,0.6878
2026-01-03T11:29:04,cache-02,0.4857
2026-01-03T11:29:07,db-02,15.9037
2026-01-03T11:30:08,net-03,0.2257
2026-01-03T11:30:56,cache-02,2.2435
2026-01-03T11:31:00,hd-02,1.0357
2026-01-03T11:31:14,net-04,2.0511
2026-01-03T11:31:48,cache-03,0.7228
2026-01-03T11:31:51,cache-01,0.3026
2026-01-03T11:33:08,web-05,6.8598
2026-01-03T11:33:15,db-02,11.0315
2026-01-03T11:33:21,net-03,0.5007
2026-01-03T11:35:29,cache-02,0.8394
2026-01-03T11:35:39,lb-01,9.7851
2026-01-03T11:36:09,net-02,3.1377
2026-01-03T11:36:39,hd-02,1.0966
2026-01-03T11:37:33,db-03,0.1202
2026-01-03T11:38:23,db-03,1.9827
2026-01-03T11:38:45,cache-03,1.0125
2026-01-03T11:39:59,net-03,3.2348
2026-01-03T11:40:20,web-04,0.5000
2026-01-03T11:40:23,hd-02,0.9084
2026-01-03T11:40:51,hd-02,1.6283
2026-01-03T11:41:14,hd-02,4.6524
2026-01-03T11:41:24,hd-02,0.5536
2026-01-03T11:41:25,net-01,1.5254
2026-01-03T11:42:03,cache-03,2.4270
2026-01-03T11:42:33,lb-01,7.3134
2026-01-03T11:42:46,web-05,0.4687
2026-01-03T11:43:25,cache-01,0.9234
2026-01-03T11:43:26,lb-01,4.8812
2026-01-03T11:43:45,net-01,1.8159
2026-01-03T11:44:13,net-04,0.1500
2026-01-03T11:45:30,lb-02,0.2703
2026-01-03T11:45:38,db-01,0.6523
2026-01-03T11:46:53,net-04,2.9627
2026-01-03T11:46:57,db-01,7.8463
2026-01-03T11:47:39,net-01,2.4940
2026-01-03T11:48:16,web-01,0.0821
2026-01-03T11:48:29,lb-01,12.3295
2026-01-03T11:49:04,cache-01,2.8144
2026-01-03T11:49:12,net-01,0.9022
2026-01-03T11:49:29,web-01,3.9960
2026-01-03T11:49:35,cache-03,0.3031
2026-01-03T11:52:08,db-02,0.2620
2026-01-03T11:52:50,lb-01,0.9825
2026-01-03T11:53:54,web-04,4.5303
2026-01-03T11:54:31,lb-01,10.8829
2026-01-03T11:54:48,hd-02,0.0528
2026-01-03T11:55:09,cache-02,3.2011
2026-01-03T11:55:28,db-03,2.3236
2026-01-03T11:55:41,net-04,1.4783
2026-01-03T11:56:05,web-01,5.2305
2026-01-03T11:56:50,hd-02,1.3479
2026-01-03T11:56:58,lb-02,1.0612
2026-01-03T11:57:38,net-03,3.0705
2026-01-03T11:58:12,cache-02,1.1518
2026-01-03T11:58:18,cache-02,2.6756
2026-01-03T11:58:39,db-03,21.6394
2026-01-03T11:59:36,hd-01,1.1672
2026-01-03T12:00:24,db-03,10.5182
2026-01-03T12:01:12,net-01,2.5303
2026-01-03T12:01:38,web-04,0.2993
2026-01-03T12:02:54,net-03,22.5893
2026-01-03T12:03:50,net-04,1.6471
2026-01-03T12:04:07,lb-02,1.9333
2026-01-03T12:04:22,db-02,0.1799
2026-01-03T12:05:32,lb-02,4.2922
2026-01-03T12:05:44,hd-01,0.2006
2026-01-03T12:05:56,web-01,0.8384
2026-01-03T12:05:56,web-04,0.6805
2026-01-03T12:06:22,cache-03,0.7826
2026-01-03T12:06:36,hd-02,2.2227
2026-01-03T12:07:46,hd-02,6.6894
2026-01-03T12:07:51,db-03,2.7435
2026-01-03T12:08:22,web-02,1.8901
2026-01-03T12:08:25,cache-03,0.2826
2026-01-03T12:09:11,db-01,2.1778
2026-01-03T12:09:21,net-01,0.4746
2026-01-03T12:09:41,hd-01,9.1575
2026-01-03T12:10:05,hd-01,0.9238
2026-01-03T12:10:09,lb-01,3.4715
2026-01-03T12:11:22,hd-01,0.1306
2026-01-03T12:11:39,web-02,0.3248
2026-01-03T12:12:23,lb-01,0.0673
2026-01-03T12:12:34,web-01,3.2683
2026-01-03T12:12:47,net-03,0.2649
2026-01-03T12:13:18,web-05,0.9388
2026-01-03T12:13:27,lb-02,0.6524
2026-01-03T12:14:35,net-01,1.1427
2026-01-03T12:14:51,db-02,1.5508
2026-01-03T12:14:54,lb-01,0.7094
2026-01-03T12:15:33,db-01,10.6676
2026-01-03T12:16:17,lb-01,1.4907
2026-01-03T12:16:28,db-02,0.5778
2026-01-03T12:16:51,db-01,0.7575
2026-01-03T12:17:14,hd-01,0.5880
2026-01-03T12:17:21,lb-01,1.3064
2026-01-03T12:17:42,db-01,56.0691
2026-01-03T12:18:32,hd-02,1.5464
2026-01-03T12:18:39,db-01,1.7069
2026-01-03T12:18:41,db-02,2.7261
2026-01-03T12:19:45,hd-01,1.4682
2026-01-03T12:21:29,web-04,0.5827
2026-01-03T12:22:34,net-01,2.3015
2026-01-03T12:22:34,lb-01,3.8538
2026-01-03T12:23:10,web-03,1.2830
2026-01-03T12:23:17,cache-02,2.0725
2026-01-03T12:23:26,db-01,0.9728
2026-01-03T12:23:42,net-01,2.6153
2026-01-03T12:24:08,web-02,2.5028
2026-01-03T12:25:35,lb-01,5.2098
2026-01-03T12:25:39,lb-02,4.1496
2026-01-03T12:25:56,net-04,0.1553
2026-01-03T12:25:59,cache-02,0.4094
2026-01-03T12:26:43,lb-01,2.5890
2026-01-03T12:26:44,hd-01,0.3693
2026-01-03T12:27:08,lb-01,0.3536
2026-01-03T12:27:13,db-01,9.4193
2026-01-03T12:27:28,db-02,0.1543
2026-01-03T12:27:32,hd-01,0.0620
2026-01-03T12:28:37,db-03,9.1394
2026-01-03T12:29:29,cache-03,0.1607
2026-01-03T12:29:37,db-03,2.4789
2026-01-03T12:30:42,net-03,53.2675
2026-01-03T12:31:04,hd-01,1.3541
2026-01-03T12:31:24,hd-01,3.9263
2026-01-03T12:31:43,lb-01,2.0110
2026-01-03T12:31:45,db-01,0.5871
2026-01-03T12:32:11,web-01,0.1866
2026-01-03T12:32:13,lb-02,9.8209
2026-01-03T12:32:19,net-04,0.0815
2026-01-03T12:32:38,cache-01,0.7612
2026-01-03T12:32:39,lb-01,1.0319
2026-01-03T12:32:40,web-02,4.0659
2026-01-03T12:32:48,lb-01,2.3660
2026-01-03T12:33:31,cache-01,0.1348
2026-01-03T12:34:29,db-02,1.7156
2026-01-03T12:34:45,hd-02,4.1211
2026-01-03T12:35:29,web-05,11.4867
2026-01-03T12:35:57,web-04,0.4797
2026-01-03T12:36:06,db-01,0.9204
2026-01-03T12:37:29,web-04,42.0741
2026-01-03T12:37:59,cache-02,0.6063
2026-01-03T12:38:16,lb-01,3.0739
2026-01-03T12:38:46,lb-01,0.8396
2026-01-03T12:39:23,cache-01,1.0154
2026-01-03T12:40:13,lb-01,3.4482
2026-01-03T12:40:18,db-01,2.3159
2026-01-03T12:41:38,db-03,6.6430
2026-01-03T12:41:54,lb-01,2.3448
2026-01-03T12:41:58,web-01,6.1210
2026-01-03T12:43:18,db-01,19.6985
2026-01-03T12:43:53,hd-02,6.7161
2026-01-03T12:43:55,lb-01,1.5161
2026-01-03T12:44:06,net-02,7.7620
2026-01-03T12:44:29,cache-01,1.9211
2026-01-03T12:44:56,net-04,3.4888
2026-01-03T12:46:04,cache-03,2.5297
2026-01-03T12:46:11,lb-01,0.5608
2026-01-03T12:46:20,web-01,2.1186
2026-01-03T12:47:04,hd-02,0.4556
2026-01-03T12:47:44,lb-01,1.2694
2026-01-03T12:47:53,web-02,1.4440
2026-01-03T12:48:28,db-02,0.8645
2026-01-03T12:48:45,cache-02,2.2278
2026-01-03T12:49:59,db-01,12.1479
2026-01-03T12:51:24,db-01,13.0235
2026-01-03T12:51:36,web-03,3.1390
2026-01-03T12:51:42,net-02,10.6325
2026-01-03T12:52:12,cache-03,2.5513
2026-01-03T12:52:23,db-03,2.1769
2026-01-03T12:52:32,cache-03,0.6465
2026-01-03T12:52:51,web-04,0.6677
2026-01-03T12:53:52,cache-03,7.6100
2026-01-03T12:54:42,web-05,3.4881
2026-01-03T12:56:09,web-04,1.2946
2026-01-03T12:56:24,hd-02,2.4596
2026-01-03T12:57:27,lb-01,1.1781
2026-01-03T12:58:04,net-02,0.7070
2026-01-03T12:58:15,cache-03,0.0404
2026-01-03T12:59:25,hd-02,2.1099
2026-01-03T12:59:43,hd-01,16.9411
2026-01-03T13:00:50,net-02,0.4377
2026-01-03T13:00:59,cache-01,9.8686
2026-01-03T13:01:15,web-05,6.4279
2026-01-03T13:01:26,cache-02,3.3408
2026-01-03T13:01:37,hd-01,4.0284
2026-01-03T13:02:02,cache-02,7.6022
2026-01-03T13:03:27,web-01,0.0899
2026-01-03T13:03:31,net-02,0.0581
2026-01-03T13:03:32,net-01,1.1240
2026-01-03T13:03:44,db-03,1.9701
2026-01-03T13:05:05,lb-02,4.7249
2026-01-03T13:05:13,cache-03,4.6682
2026-01-03T13:05:58,db-01,0.5104
2026-01-03T13:06:20,cache-02,3.9858
2026-01-03T13:06:21,lb-01,13.6139
2026-01-03T13:06:31,hd-01,2.7982
2026-01-03T13:06:54,cache-02,3.1559
2026-01-03T13:07:16,web-02,0.4094
2026-01-03T13:07:34,db-03,0.1023
2026-01-03T13:08:38,web-04,3.5570
2026-01-03T13:08:54,lb-01,2.6497
2026-01-03T13:09:22,db-03,0.3067
2026-01-03T13:09:37,web-03,0.3631
2026-01-03T13:10:09,web-02,0.4695
2026-01-03T13:10:32,lb-01,5.7233
2026-01-03T13:10:37,hd-02,11.0787
2026-01-03T13:11:17,cache-01,0.0222
2026-01-03T13:11:42,hd-01,2.8989
2026-01-03T13:11:55,db-01,0.4347
2026-01-03T13:12:38,cache-03,0.3970
2026-01-03T13:13:11,hd-01,19.0061
2026-01-03T13:14:18,net-04,2.7087
2026-01-03T13:15:29,web-05,3.9487
2026-01-03T13:15:34,lb-02,3.6028
2026-01-03T13:17:05,hd-01,7.8779
2026-01-03T13:17:53,net-02,2.5426
2026-01-03T13:18:30,web-02,6.1604
2026-01-03T13:19:24,lb-01,1.1416
2026-01-03T13:19:38,lb-01,1.7330
2026-01-03T13:20:00,hd-02,4.4299
2026-01-03T13:20:52,hd-02,0.5276
2026-01-03T13:20:56,lb-02,1.6630
2026-01-03T13:21:04,web-02,4.8885
2026-01-03T13:21:09,db-02,4.7862
2026-01-03T13:21:31,lb-02,1.1809
2026-01-03T13:21:37,hd-01,0.2988
2026-01-03T13:22:48,web-02,13.2096
2026-01-03T13:22:49,db-02,2.8160
2026-01-03T13:23:27,cache-02,5.3515
2026-01-03T13:24:10,db-01,10.0193
2026-01-03T13:24:18,web-05,0.8421
2026-01-03T13:24:45,web-01,0.1120
2026-01-03T13:24:54,lb-02,6.8635
2026-01-03T13:25:31,cache-03,1.3207
2026-01-03T13:26:32,cache-03,4.9378
2026-01-03T13:26:52,net-04,0.0619
2026-01-03T13:27:11,cache-02,1.0492
2026-01-03T13:27:12,cache-01,1.0662
2026-01-03T13:27:17,db-02,6.8279
2026-01-03T13:27:24,hd-02,1.7928
2026-01-03T13:27:28,hd-02,0.2339
2026-01-03T13:28:30,db-02,3.5306
2026-01-03T13:29:34,net-02,0.0626
2026-01-03T13:30:11,web-04,2.1535
2026-01-03T13:31:02,hd-01,0.2254
2026-01-03T13:31:56,net-04,2.7676
2026-01-03T13:34:24,hd-01,2.0598
2026-01-03T13:34:58,hd-02,36.5548
2026-01-03T13:35:40,lb-01,1.3628
2026-01-03T13:35:59,net-02,0.7558
2026-01-03T13:36:39,lb-01,5.8959
2026-01-03T13:37:35,cache-03,0.5434
2026-01-03T13:38:00,hd-02,4.4427
2026-01-03T13:38:01,lb-02,1.1634
2026-01-03T13:38:34,web-01,12.0403
2026-01-03T13:39:21,web-01,3.9247
2026-01-03T13:39:43,db-03,2.3918
2026-01-03T13:40:24,net-02,1.2880
2026-01-03T13:40:54,hd-01,3.5954
2026-01-03T13:40:56,hd-01,0.2464
2026-01-03T13:42:23,net-02,0.7753
2026-01-03T13:42:25,lb-01,4.4526
2026-01-03T13:42:54,web-02,2.3362
2026-01-03T13:44:15,lb-02,0.1982
2026-01-03T13:45:24,lb-02,1.1115
2026-01-03T13:46:01,net-01,1.9233
2026-01-03T13:46:03,cache-03,7.2438
2026-01-03T13:46:27,hd-01,3.0845
2026-01-03T13:47:08,web-04,0.7610
2026-01-03T13:47:31,cache-01,1.2734
2026-01-03T13:48:43,hd-01,0.5097
2026-01-03T13:48:44,db-02,3.8065
2026-01-03T13:50:18,web-03,1.4639
2026-01-03T13:50:22,lb-02,1.2577
2026-01-03T13:50:33,hd-01,1.6438
2026-01-03T13:51:31,web-04,0.6586
2026-01-03T13:51:54,net-03,0.4828
2026-01-03T13:52:32,cache-03,1.6895
2026-01-03T13:52:50,cache-02,0.6165
2026-01-03T13:53:49,web-02,0.0418
2026-01-03T13:53:53,hd-01,0.0015
2026-01-03T13:54:26,net-04,11.8180
2026-01-03T13:54:40,cache-01,0.2972
2026-01-03T13:54:41,web-05,2.8550
2026-01-03T13:54:53,lb-02,15.4754
2026-01-03T13:55:54,hd-02,1.6311
2026-01-03T13:56:01,hd-01,0.5268
2026-01-03T13:56:03,net-03,0.4473
2026-01-03T13:58:24,hd-01,2.2843
2026-01-03T13:58:34,net-03,0.4330
2026-01-03T13:58:55,web-02,2.2849
2026-01-03T13:59:10,db-02,1.1889
2026-01-03T13:59:33,lb-02,0.4881
2026-01-03T14:00:28,hd-02,0.0754
2026-01-03T14:01:51,hd-01,2.4449
2026-01-03T14:02:14,db-01,0.8549
2026-01-03T14:03:19,lb-02,1.4809
2026-01-03T14:03:39,db-01,0.2136
2026-01-03T14:03:42,db-02,0.2393
2026-01-03T14:05:01,cache-02,0.4263
2026-01-03T14:05:49,cache-01,3.0553
2026-01-03T14:06:01,net-04,0.9155
2026-01-03T14:06:07,net-03,0.2774
2026-01-03T14:06:08,lb-02,0.2543
2026-01-03T14:06:23,web-01,0.0653
2026-01-03T14:06:42,hd-01,1.7383
2026-01-03T14:06:58,net-02,1.0770
2026-01-03T14:07:06,web-04,3.2607
2026-01-03T14:07:09,cache-01,0.3863
2026-01-03T14:07:17,lb-02,2.3342
2026-01-03T14:08:43,net-02,7.3125
2026-01-03T14:09:26,db-01,1.3884
2026-01-03T14:10:14,lb-02,0.4885
2026-01-03T14:11:01,db-02,1.4367
2026-01-03T14:11:32,cache-02,1.0219
2026-01-03T14:11:38,web-05,5.7163
2026-01-03T14:11:39,hd-01,2.6405
2026-01-03T14:12:55,web-03,28.7806
2026-01-03T14:13:24,hd-02,19.1731
2026-01-03T14:13:41,lb-02,0.0702
2026-01-03T14:13:47,web-04,1.4473
2026-01-03T14:15:13,lb-02,2.3099
2026-01-03T14:15:13,cache-01,1.6988
2026-01-03T14:15:28,net-01,11.7246
2026-01-03T14:16:40,web-04,0.3200
2026-01-03T14:16:42,hd-02,17.7101
2026-01-03T14:18:42,web-01,9.6988
2026-01-03T14:18:47,hd-01,1.6360
2026-01-03T14:19:29,web-02,9.6820
2026-01-03T14:20:10,web-01,0.8985
2026-01-03T14:20:45,cache-02,4.5588
2026-01-03T14:20:48,hd-01,0.0621
2026-01-03T14:22:24,lb-02,1.2954
2026-01-03T14:22:48,lb-02,0.6977
2026-01-03T14:23:13,net-03,0.6760
2026-01-03T14:23:24,cache-03,4.6568
2026-01-03T14:23:56,net-04,1.9440
2026-01-03T14:26:23,net-03,2.7644
2026-01-03T14:26:28,lb-01,0.9137
2026-01-03T14:29:48,hd-02,3.3300
2026-01-03T14:30:42,lb-02,0.2832
2026-01-03T14:30:59,web-04,1.8244
2026-01-03T14:31:19,net-01,11.8810
2026-01-03T14:31:21,net-01,1.3608
2026-01-03T14:31:30,cache-03,13.1319
2026-01-03T14:32:33,net-03,2.8324
2026-01-03T14:32:38,cache-03,7.0830
2026-01-03T14:32:54,hd-01,4.6970
2026-01-03T14:33:51,lb-02,0.7423
2026-01-03T14:34:32,db-03,4.4197
2026-01-03T14:34:59,lb-01,0.8537
2026-01-03T14:35:14,cache-02,1.1253
2026-01-03T14:35:48,lb-02,4.1803
2026-01-03T14:36:40,cache-03,2.3838
2026-01-03T14:37:08,web-05,0.3464
2026-01-03T14:37:20,hd-01,0.8510
2026-01-03T14:37:20,lb-02,0.7207
2026-01-03T14:37:28,cache-02,0.0507
2026-01-03T14:38:58,lb-02,4.0599
2026-01-03T14:39:03,web-05,1.6790
2026-01-03T14:39:05,lb-01,0.5017
2026-01-03T14:39:29,net-03,1.0408
2026-01-03T14:39:31,db-01,0.7512
2026-01-03T14:39:36,web-04,2.1507
2026-01-03T14:39:41,web-01,1.7964
2026-01-03T14:40:04,db-03,0.8390
2026-01-03T14:41:29,hd-01,1.9296
2026-01-03T14:41:35,lb-02,0.3238
2026-01-03T14:41:49,db-03,0.5114
2026-01-03T14:43:58,cache-02,21.0498
2026-01-03T14:44:21,cache-03,1.4627
2026-01-03T14:44:28,hd-01,0.0214
2026-01-03T14:45:21,lb-02,6.6177
2026-01-03T14:45:35,lb-02,4.4855
2026-01-03T14:45:57,lb-02,2.3147
2026-01-03T14:46:03,lb-01,6.2108
2026-01-03T14:46:07,cache-02,0.3617
2026-01-03T14:46:08,hd-02,0.1109
2026-01-03T14:46:33,web-04,10.4398
2026-01-03T14:46:33,web-01,1.9127
2026-01-03T14:47:51,net-04,3.2766
2026-01-03T14:48:11,net-03,6.0664
2026-01-03T14:48:38,cache-03,0.9265
2026-01-03T14:49:01,hd-02,0.1050
2026-01-03T14:50:53,web-04,1.6184
2026-01-03T14:50:56,net-02,1.8832
2026-01-03T14:51:10,lb-02,5.8143
2026-01-03T14:52:08,net-02,0.2893
2026-01-03T14:53:24,lb-02,1.1369
2026-01-03T14:53:27,web-03,1.5085
2026-01-03T14:54:10,db-03,0.2830
2026-01-03T14:54:43,net-02,2.6581
2026-01-03T14:57:29,hd-02,3.8761
2026-01-03T14:58:23,db-03,27.7949
2026-01-03T14:58:25,web-04,2.4155
2026-01-03T14:58:32,db-02,1.3706
2026-01-03T14:58:35,cache-02,0.9981
2026-01-03T14:59:15,db-01,0.8332
2026-01-03T14:59:29,db-02,1.1633
2026-01-03T14:59:59,web-03,1.5803
2026-01-03T15:00:34,net-02,6.6011
2026-01-03T15:00:36,lb-02,0.1180
2026-01-03T15:00:36,cache-01,3.8758
2026-01-03T15:00:37,net-03,3.5939
2026-01-03T15:01:33,db-02,0.1407
2026-01-03T15:01:50,net-02,0.4787
2026-01-03T15:02:49,net-04,1.4555
2026-01-03T15:03:17,hd-02,0.8357
2026-01-03T15:03:42,net-03,1.4814
2026-01-03T15:03:54,lb-01,5.0569
2026-01-03T15:04:10,web-01,4.8377
2026-01-03T15:04:14,db-02,6.5044
2026-01-03T15:04:35,db-03,3.9397
2026-01-03T15:06:39,net-01,0.9207
2026-01-03T15:06:40,db-01,8.6295
2026-01-03T15:06:43,hd-01,0.4928
2026-01-03T15:06:52,web-05,0.1387
2026-01-03T15:07:10,db-03,1.9288
2026-01-03T15:08:07,lb-02,8.6061
2026-01-03T15:08:26,db-02,0.0951
2026-01-03T15:09:27,hd-02,4.0151
2026-01-03T15:09:48,db-01,1.2057
2026-01-03T15:10:03,hd-02,0.4805
2026-01-03T15:11:02,hd-02,5.7757
2026-01-03T15:11:11,hd-02,0.0443
2026-01-03T15:11:27,hd-01,0.4747
2026-01-03T15:11:51,net-01,2.3272
2026-01-03T15:12:27,hd-02,10.4572
2026-01-03T15:12:55,hd-01,0.7343
2026-01-03T15:13:09,lb-01,0.4221
2026-01-03T15:13:15,net-04,4.5666
2026-01-03T15:13:35,web-01,0.0096
2026-01-03T15:13:40,db-02,0.0183
2026-01-03T15:14:06,cache-01,27.7952
2026-01-03T15:14:35,web-03,0.9150
2026-01-03T15:14:45,cache-03,0.9021
2026-01-03T15:14:47,hd-01,1.5846
2026-01-03T15:14:58,cache-01,1.6790
2026-01-03T15:15:13,net-04,0.4393
2026-01-03T15:15:26,net-03,0.6353
2026-01-03T15:15:41,lb-01,5.7198
2026-01-03T15:16:02,db-03,0.5288
2026-01-03T15:16:05,net-04,2.0156
2026-01-03T15:16:43,cache-02,3.2844
2026-01-03T15:17:12,hd-01,1.3412
2026-01-03T15:17:17,hd-02,2.7635
2026-01-03T15:19:22,hd-02,5.2595
2026-01-03T15:20:50,hd-02,0.3293
2026-01-03T15:20:55,lb-02,0.5168
2026-01-03T15:21:37,hd-02,2.2270
2026-01-03T15:21:48,web-03,0.6752
2026-01-03T15:22:33,web-03,0.4950
2026-01-03T15:23:01,lb-02,5.8674
2026-01-03T15:23:09,hd-02,0.1159
2026-01-03T15:23:35,net-02,1.0520
2026-01-03T15:23:39,cache-03,5.2628
2026-01-03T15:24:30,lb-02,1.6440
2026-01-03T15:24:39,db-02,3.8140
2026-01-03T15:25:05,db-02,0.0009
2026-01-03T15:25:24,web-02,4.4463
2026-01-03T15:26:09,cache-01,2.7380
2026-01-03T15:26:11,web-04,0.2049
2026-01-03T15:26:46,lb-02,0.0341
2026-01-03T15:27:06,net-03,0.1311
2026-01-03T15:27:08,lb-01,3.2467
2026-01-03T15:27:30,hd-02,1.3196
2026-01-03T15:27:34,hd-02,48.7911
2026-01-03T15:28:05,lb-01,0.8593
2026-01-03T15:28:10,hd-01,1.7075
2026-01-03T15:28:30,cache-01,1.1199
2026-01-03T15:28:43,db-01,5.6866
2026-01-03T15:29:10,lb-01,0.7032
2026-01-03T15:29:13,web-04,3.4351
2026-01-03T15:29:50,lb-02,2.1410
2026-01-03T15:30:08,db-01,2.3644
2026-01-03T15:30:09,web-02,6.1869
2026-01-03T15:30:28,net-04,1.7284
2026-01-03T15:30:54,web-01,3.3147
2026-01-03T15:31:10,hd-02,0.8912
2026-01-03T15:31:20,hd-01,6.2662
2026-01-03T15:32:14,web-04,4.4370
2026-01-03T15:32:25,web-04,5.8670
2026-01-03T15:33:19,hd-01,3.4699
2026-01-03T15:33:20,lb-01,0.0990
2026-01-03T15:34:08,web-04,0.4227
2026-01-03T15:34:27,db-01,0.4552
2026-01-03T15:34:28,hd-01,0.0157
2026-01-03T15:35:08,db-01,7.7963
2026-01-03T15:35:44,db-01,0.9843
2026-01-03T15:35:45,cache-03,1.2686
2026-01-03T15:37:15,web-01,4.7330
2026-01-03T15:37:17,lb-01,2.8240
2026-01-03T15:37:24,lb-02,0.3184
2026-01-03T15:37:28,lb-02,12.0388
2026-01-03T15:38:52,lb-01,19.7469
2026-01-03T15:39:09,hd-01,0.2218
2026-01-03T15:39:37,hd-01,19.5849
2026-01-03T15:39:41,db-03,0.9263
2026-01-03T15:39:48,web-04,3.0562
2026-01-03T15:40:10,lb-02,5.0325
2026-01-03T15:40:47,hd-01,0.7754
2026-01-03T15:40:58,db-02,0.3529
2026-01-03T15:41:05,hd-01,0.8573
2026-01-03T15:41:57,hd-02,0.5666
2026-01-03T15:42:28,hd-01,3.0189
2026-01-03T15:42:55,lb-01,5.8199
2026-01-03T15:43:17,cache-03,7.1082
2026-01-03T15:43:24,hd-01,1.8753
2026-01-03T15:43:34,db-01,1.3329
2026-01-03T15:43:43,net-01,0.5530
2026-01-03T15:44:24,lb-02,12.0557
2026-01-03T15:44:58,net-01,2.5592
2026-01-03T15:45:35,db-02,3.4751
2026-01-03T15:46:18,db-02,2.6637
2026-01-03T15:46:30,cache-03,21.8757
2026-01-03T15:46:55,db-02,12.1566
2026-01-03T15:47:04,hd-01,0.9493
2026-01-03T15:47:31,web-01,1.6877
2026-01-03T15:47:44,net-03,2.0568
2026-01-03T15:48:52,net-03,0.4818
2026-01-03T15:49:15,cache-02,1.0732
2026-01-03T15:49:53,cache-02,1.2200
2026-01-03T15:50:40,db-02,3.7673
2026-01-03T15:50:49,net-01,1.2928
2026-01-03T15:50:51,db-02,0.4138
2026-01-03T15:51:05,lb-02,7.5417
2026-01-03T15:51:38,db-01,10.0752
2026-01-03T15:51:40,db-03,0.2084
2026-01-03T15:52:08,db-02,1.6534
2026-01-03T15:52:33,cache-03,1.1826
2026-01-03T15:52:35,cache-02,13.0012
2026-01-03T15:52:59,cache-03,0.4005
2026-01-03T15:54:11,cache-01,0.3127
2026-01-03T15:54:30,hd-02,2.7270
2026-01-03T15:54:35,hd-02,1.2619
2026-01-03T15:54:56,lb-02,0.2170
2026-01-03T15:55:57,lb-01,19.3314
2026-01-03T15:56:19,web-04,10.1501
2026-01-03T15:56:44,lb-02,2.4293
2026-01-03T15:57:05,cache-01,0.1219
2026-01-03T15:58:04,lb-02,0.4560
2026-01-03T15:58:09,lb-02,1.3032
2026-01-03T15:58:35,net-01,4.0724
2026-01-03T15:59:09,web-04,4.4885
2026-01-03T15:59:27,lb-01,3.6128
2026-01-03T15:59:56,db-03,12.1541
2026-01-03T16:00:25,hd-02,3.2300
2026-01-03T16:01:05,cache-02,22.4860
2026-01-03T16:01:18,net-01,0.2725
2026-01-03T16:01:56,net-04,21.4099
2026-01-03T16:02:47,hd-02,0.7238
2026-01-03T16:03:03,web-02,2.8935
2026-01-03T16:03:53,db-01,6.1542
2026-01-03T16:04:20,cache-03,4.4120
2026-01-03T16:04:26,web-01,12.1861
2026-01-03T16:05:14,net-04,1.1100
2026-01-03T16:05:46,lb-02,0.7130
2026-01-03T16:06:41,web-02,0.9636
2026-01-03T16:07:04,web-02,4.6154
2026-01-03T16:07:12,hd-02,3.9522
2026-01-03T16:07:43,cache-02,0.5064
2026-01-03T16:08:09,net-03,7.4255
2026-01-03T16:08:09,cache-01,2.7333
2026-01-03T16:08:41,net-01,11.4376
2026-01-03T16:08:45,net-03,1.4426
2026-01-03T16:08:51,hd-02,5.3092
2026-01-03T16:09:15,db-01,1.5557
2026-01-03T16:10:21,cache-01,6.4527
2026-01-03T16:11:24,net-04,6.3197
2026-01-03T16:11:43,net-01,0.9401
2026-01-03T16:12:06,lb-01,3.7515
2026-01-03T16:12:35,db-02,0.9671
2026-01-03T16:12:39,lb-02,15.5051
2026-01-03T16:12:52,hd-01,22.9574
2026-01-03T16:13:33,web-01,3.8906
2026-01-03T16:14:12,web-02,5.3831
2026-01-03T16:14:18,hd-01,40.6127
2026-01-03T16:14:21,db-01,0.4033
2026-01-03T16:14:50,web-03,12.9912
2026-01-03T16:15:05,web-02,5.2775
2026-01-03T16:15:08,hd-02,0.7200
2026-01-03T16:15:10,web-02,1.4375
2026-01-03T16:15:20,cache-02,2.5828
2026-01-03T16:15:30,net-01,10.1341
2026-01-03T16:16:03,cache-01,3.7819
2026-01-03T16:16:08,web-05,1.1464
2026-01-03T16:16:23,web-04,1.1173
2026-01-03T16:17:17,lb-01,2.1861
2026-01-03T16:17:53,db-02,1.4372
2026-01-03T16:18:18,db-01,5.2665
2026-01-03T16:18:52,web-03,0.6432
2026-01-03T16:20:15,web-02,3.3363
2026-01-03T16:21:54,net-04,1.4373
2026-01-03T16:21:54,hd-02,3.8870
2026-01-03T16:22:35,db-03,2.0272
2026-01-03T16:22:42,net-02,0.5684
2026-01-03T16:22:44,hd-02,17.0904
2026-01-03T16:22:44,web-04,2.4895
2026-01-03T16:23:05,db-03,17.8738
2026-01-03T16:23:23,lb-02,3.7604
2026-01-03T16:23:42,web-01,1.0981
2026-01-03T16:23:59,cache-02,8.3838
2026-01-03T16:24:31,db-02,0.9584
2026-01-03T16:26:11,cache-02,0.2819
2026-01-03T16:26:35,web-01,2.1075
2026-01-03T16:26:59,hd-02,2.4428
2026-01-03T16:27:16,cache-03,1.1414
2026-01-03T16:27:18,web-05,21.3607
2026-01-03T16:27:23,net-01,9.0447
2026-01-03T16:28:05,lb-01,3.6383
2026-01-03T16:28:31,cache-01,0.3567
2026-01-03T16:29:09,hd-01,0.1308
2026-01-03T16:29:33,cache-01,0.6615
2026-01-03T16:30:12,net-01,0.0245
2026-01-03T16:31:24,db-01,8.4748
2026-01-03T16:31:37,cache-01,1.7389
2026-01-03T16:32:07,db-03,1.5224
2026-01-03T16:32:13,net-01,1.0600
2026-01-03T16:32:53,net-03,6.5624
2026-01-03T16:33:04,net-03,0.5727
2026-01-03T16:34:25,hd-02,5.8430
2026-01-03T16:36:16,hd-02,1.1221
2026-01-03T16:36:28,lb-01,3.0037
2026-01-03T16:37:48,lb-02,8.1000
2026-01-03T16:38:06,db-01,2.2479
2026-01-03T16:38:14,lb-01,2.5004
2026-01-03T16:38:14,db-03,5.3700
2026-01-03T16:38:56,net-04,0.8363
2026-01-03T16:39:04,db-03,0.0931
2026-01-03T16:39:27,hd-01,0.6173
2026-01-03T16:39:36,hd-02,1.9297
2026-01-03T16:40:10,cache-01,1.4031
2026-01-03T16:40:28,lb-02,1.4734
2026-01-03T16:40:53,web-05,4.2530
2026-01-03T16:41:18,hd-02,0.0318
2026-01-03T16:42:34,net-01,4.2801
2026-01-03T16:42:51,cache-02,7.2721
2026-01-03T16:43:21,lb-02,2.7853
2026-01-03T16:43:26,cache-02,2.4300
2026-01-03T16:43:33,net-04,0.9841
2026-01-03T16:43:34,web-02,1.0847
2026-01-03T16:44:07,hd-02,5.8375
2026-01-03T16:46:56,net-01,1.1639
2026-01-03T16:47:22,db-01,2.6441
2026-01-03T16:47:40,net-04,0.6083
2026-01-03T16:47:44,hd-01,5.4903
2026-01-03T16:49:15,web-05,6.2250
2026-01-03T16:51:14,net-02,0.4133
2026-01-03T16:51:47,hd-01,2.8255
2026-01-03T16:52:44,net-04,14.5470
2026-01-03T16:52:49,cache-03,0.5188
2026-01-03T16:53:13,lb-01,0.7929
2026-01-03T16:53:51,cache-03,21.3114
2026-01-03T16:54:07,web-02,2.2553
2026-01-03T16:55:08,web-01,4.3228
2026-01-03T16:55:11,hd-02,2.8483
2026-01-03T16:55:37,net-03,2.1209
2026-01-03T16:56:16,lb-02,5.9627
2026-01-03T16:56:55,cache-01,0.6052
2026-01-03T16:57:03,web-03,0.7826
2026-01-03T16:57:41,net-01,0.6786
2026-01-03T16:58:19,db-03,1.2189
2026-01-03T16:58:30,cache-02,3.0474
2026-01-03T16:58:33,cache-01,0.9520
2026-01-03T16:58:39,net-03,0.9939
2026-01-03T16:59:25,hd-01,0.6098
2026-01-03T16:59:29,web-04,14.9279
2026-01-03T16:59:48,hd-02,5.3258
2026-01-03T16:59:50,hd-02,5.9869
2026-01-03T17:00:21,db-02,9.6485
2026-01-03T17:01:26,lb-02,2.9646
2026-01-03T17:01:37,hd-01,1.8462
2026-01-03T17:01:37,web-01,0.0230
2026-01-03T17:01:40,hd-01,1.2736
2026-01-03T17:03:01,web-02,3.6161
2026-01-03T17:03:53,net-02,9.1338
2026-01-03T17:05:34,web-04,8.6247
2026-01-03T17:05:54,web-01,0.5346
2026-01-03T17:06:53,lb-02,4.0371
2026-01-03T17:07:07,cache-03,0.7307
2026-01-03T17:07:36,cache-01,1.6999
2026-01-03T17:07:44,lb-02,0.2721
2026-01-03T17:07:52,net-02,0.1302
2026-01-03T17:08:08,web-02,1.3301
2026-01-03T17:08:30,hd-01,0.3656
2026-01-03T17:08:34,cache-02,1.0110
2026-01-03T17:08:42,net-03,5.9096
2026-01-03T17:08:47,lb-02,0.8582
2026-01-03T17:08:59,db-02,8.7585
2026-01-03T17:10:11,cache-01,3.2052
2026-01-03T17:10:30,db-02,6.7636
2026-01-03T17:11:23,db-02,1.1165
2026-01-03T17:11:28,db-03,4.4637
2026-01-03T17:12:08,cache-02,1.5106
2026-01-03T17:12:49,cache-01,6.8642
2026-01-03T17:13:30,lb-02,1.3838
2026-01-03T17:13:35,web-01,0.1620
2026-01-03T17:14:28,net-01,0.1871
2026-01-03T17:16:12,cache-03,1.1455
2026-01-03T17:16:22,db-01,2.5511
2026-01-03T17:16:34,db-01,2.0521
2026-01-03T17:16:47,db-02,1.1436
2026-01-03T17:17:37,web-02,11.0591
2026-01-03T17:17:43,lb-02,1.3544
2026-01-03T17:18:42,web-05,2.3693
2026-01-03T17:18:54,db-03,0.2636
2026-01-03T17:19:24,cache-01,0.4001
2026-01-03T17:19:35,db-03,5.4388
2026-01-03T17:19:49,net-01,2.5969
2026-01-03T17:20:40,web-05,1.3787
2026-01-03T17:20:41,lb-01,2.3687
2026-01-03T17:20:41,net-01,14.9323
2026-01-03T17:21:04,hd-02,1.4185
2026-01-03T17:21:07,db-03,4.6151
2026-01-03T17:21:24,lb-01,0.6663
2026-01-03T17:21:56,web-03,0.2126
2026-01-03T17:22:53,hd-01,0.0122
2026-01-03T17:23:13,lb-01,0.4088
2026-01-03T17:23:28,db-02,2.7348
2026-01-03T17:24:12,lb-02,1.2060
2026-01-03T17:24:12,web-02,0.8468
2026-01-03T17:25:33,db-03,0.8506
2026-01-03T17:26:01,db-03,0.2109
2026-01-03T17:26:10,cache-03,1.0660
2026-01-03T17:26:51,web-03,2.7723
2026-01-03T17:27:31,net-02,0.2881
2026-01-03T17:27:46,db-01,1.0562
2026-01-03T17:27:51,hd-01,3.5740
2026-01-03T17:27:53,net-01,6.7777
2026-01-03T17:28:10,cache-02,3.6637
2026-01-03T17:28:48,hd-02,0.9962
2026-01-03T17:29:03,net-02,1.6338
2026-01-03T17:29:36,lb-01,1.3408
2026-01-03T17:30:35,lb-01,4.5838
2026-01-03T17:31:08,lb-02,0.6284
2026-01-03T17:31:13,net-01,1.4538
2026-01-03T17:31:35,hd-02,0.1101
2026-01-03T17:31:51,cache-02,6.3827
2026-01-03T17:32:24,net-03,5.3023
2026-01-03T17:32:28,cache-02,1.2182
2026-01-03T17:32:52,net-03,0.5659
2026-01-03T17:32:55,db-02,0.7916
2026-01-03T17:33:07,db-02,0.1184
2026-01-03T17:33:18,web-05,1.0702
2026-01-03T17:34:31,cache-02,0.4192
2026-01-03T17:34:56,lb-02,0.9395
2026-01-03T17:35:28,web-04,1.4799
2026-01-03T17:35:36,web-04,2.6685
2026-01-03T17:36:13,net-04,3.1369
2026-01-03T17:37:04,lb-01,0.6913
2026-01-03T17:38:54,web-01,0.3104
2026-01-03T17:39:01,hd-02,1.0496
2026-01-03T17:39:08,web-02,2.6022
2026-01-03T17:39:25,lb-01,1.1992
2026-01-03T17:39:57,net-01,2.9710
2026-01-03T17:41:26,lb-02,2.2679
2026-01-03T17:41:50,net-02,1.3437
2026-01-03T17:42:12,db-03,0.4492
2026-01-03T17:42:57,hd-01,1.5612
2026-01-03T17:43:23,hd-01,4.4570
2026-01-03T17:43:47,lb-01,0.8030
2026-01-03T17:43:49,db-01,1.6118
2026-01-03T17:45:16,cache-02,0.1240
2026-01-03T17:45:34,lb-01,0.7542
2026-01-03T17:47:40,net-03,22.6945
2026-01-03T17:47:54,lb-02,1.3951
2026-01-03T17:48:25,cache-02,1.7563
2026-01-03T17:48:32,net-03,0.9238
2026-01-03T17:50:00,hd-01,4.7512
2026-01-03T17:50:10,web-03,3.3094
2026-01-03T17:50:11,hd-01,1.1942
2026-01-03T17:50:35,hd-01,3.4668
2026-01-03T17:50:39,lb-02,0.0553
2026-01-03T17:52:18,cache-01,1.9285
2026-01-03T17:52:21,cache-01,1.1044
2026-01-03T17:52:48,cache-01,0.0144
2026-01-03T17:52:53,net-02,24.6280
2026-01-03T17:52:56,lb-01,2.8567
2026-01-03T17:53:04,cache-01,0.3421
2026-01-03T17:53:35,hd-01,2.2211
2026-01-03T17:55:29,web-05,0.5561
2026-01-03T17:56:24,db-03,6.4395
2026-01-03T17:56:55,net-02,0.9588
2026-01-03T17:57:04,lb-01,1.7795
2026-01-03T17:57:08,web-04,0.4307
2026-01-03T17:57:09,net-03,1.4379
2026-01-03T17:57:14,hd-01,2.5421
2026-01-03T17:57:46,lb-02,2.2693
2026-01-03T17:59:10,web-04,2.3374
2026-01-03T17:59:14,cache-02,3.0866
2026-01-03T18:00:22,lb-02,4.5412
2026-01-03T18:01:16,db-01,0.9694
2026-01-03T18:01:16,lb-01,1.0146
2026-01-03T18:01:21,lb-01,1.4025
2026-01-03T18:01:44,net-04,6.1811
2026-01-03T18:03:16,web-02,0.4581
2026-01-03T18:03:48,web-01,0.6506
2026-01-03T18:04:28,lb-02,0.9266
2026-01-03T18:05:49,db-01,0.9759
2026-01-03T18:05:59,cache-01,0.0628
2026-01-03T18:06:17,lb-02,1.3421
2026-01-03T18:06:23,db-03,0.5962
2026-01-03T18:06:38,lb-01,1.4702
2026-01-03T18:07:24,web-02,2.9180
2026-01-03T18:07:33,hd-01,4.3482
2026-01-03T18:07:35,net-01,0.4244
2026-01-03T18:07:58,cache-02,1.8115
2026-01-03T18:08:05,net-02,0.5371
2026-01-03T18:08:28,db-02,0.0083
2026-01-03T18:08:28,net-02,0.5555
2026-01-03T18:09:19,net-02,3.3038
2026-01-03T18:09:47,hd-02,3.2417
2026-01-03T18:09:55,net-03,0.9775
2026-01-03T18:09:59,web-05,4.2117
2026-01-03T18:10:14,db-02,4.1303
2026-01-03T18:10:17,hd-01,5.2651
2026-01-03T18:12:03,web-05,0.9396
2026-01-03T18:12:12,lb-01,8.6606
2026-01-03T18:12:20,cache-02,0.0912
2026-01-03T18:12:30,web-03,4.2741
2026-01-03T18:12:34,web-02,7.2622
2026-01-03T18:13:14,cache-01,0.3175
2026-01-03T18:13:52,lb-02,1.9175
2026-01-03T18:14:08,hd-01,0.7134
2026-01-03T18:14:53,db-02,1.4043
2026-01-03T18:14:54,lb-01,1.1830
2026-01-03T18:15:24,web-03,4.2479
2026-01-03T18:16:16,db-01,4.0019
2026-01-03T18:16:20,hd-02,0.1651
2026-01-03T18:16:55,db-02,1.2284
2026-01-03T18:17:15,lb-01,0.4499
2026-01-03T18:17:17,db-02,21.8491
2026-01-03T18:17:48,net-03,1.9183
2026-01-03T18:18:10,web-05,0.0749
2026-01-03T18:18:38,lb-01,19.7172
2026-01-03T18:18:38,hd-01,0.6560
2026-01-03T18:19:18,lb-01,3.4942
2026-01-03T18:20:07,net-01,1.0232
2026-01-03T18:20:09,hd-01,2.6490
2026-01-03T18:20:12,lb-01,0.1065
2026-01-03T18:20:22,net-01,4.5375
2026-01-03T18:20:52,db-03,4.7112
2026-01-03T18:23:30,hd-02,0.9721
2026-01-03T18:23:39,net-03,0.2512
2026-01-03T18:23:39,db-02,1.1149
2026-01-03T18:24:12,db-03,0.0234
2026-01-03T18:25:02,db-01,0.5864
2026-01-03T18:26:25,net-04,1.8427
2026-01-03T18:26:35,lb-02,5.0851
2026-01-03T18:28:44,web-05,22.1909
2026-01-03T18:28:50,net-02,20.9602
2026-01-03T18:29:31,web-04,0.6975
2026-01-03T18:29:32,lb-01,1.8740
2026-01-03T18:29:40,lb-02,8.0561
2026-01-03T18:29:48,net-03,6.3320
2026-01-03T18:29:50,cache-02,1.7185
2026-01-03T18:30:45,db-01,0.8698
2026-01-03T18:30:53,cache-02,1.9388
2026-01-03T18:31:37,web-04,3.5108
2026-01-03T18:31:39,cache-03,2.6222
2026-01-03T18:32:16,cache-01,1.5172
2026-01-03T18:32:36,db-02,1.1847
2026-01-03T18:32:48,cache-01,0.9634
2026-01-03T18:33:18,db-01,0.6146
2026-01-03T18:34:21,cache-01,6.0888
2026-01-03T18:35:03,web-02,1.0805
2026-01-03T18:35:03,web-01,8.7403
2026-01-03T18:35:33,cache-01,0.2061
2026-01-03T18:36:55,net-02,0.0542
2026-01-03T18:37:03,lb-02,23.8416
2026-01-03T18:37:22,web-04,0.1400
2026-01-03T18:38:28,web-03,0.6066
2026-01-03T18:38:53,cache-02,4.5840
2026-01-03T18:39:26,web-03,4.0952
2026-01-03T18:39:37,lb-01,10.9251
2026-01-03T18:39:42,web-03,1.1461
2026-01-03T18:39:58,db-02,3.6750
2026-01-03T18:40:15,web-05,2.2525
2026-01-03T18:41:05,hd-01,4.2405
2026-01-03T18:41:18,net-01,0.8345
2026-01-03T18:41:46,net-04,2.0983
2026-01-03T18:42:13,web-03,1.5255
2026-01-03T18:42:55,net-01,0.5583
2026-01-03T18:43:13,hd-02,3.4388
2026-01-03T18:44:09,cache-02,2.6939
2026-01-03T18:44:38,lb-02,0.8269
2026-01-03T18:44:40,db-03,0.3771
2026-01-03T18:44:46,lb-01,2.5246
2026-01-03T18:44:50,web-02,0.1140
2026-01-03T18:44:55,db-01,1.0330
2026-01-03T18:45:02,web-04,1.1879
2026-01-03T18:46:35,lb-01,1.8057
2026-01-03T18:47:00,cache-01,1.2860
2026-01-03T18:47:48,net-02,3.6812
2026-01-03T18:47:51,hd-02,0.3290
2026-01-03T18:48:27,net-02,2.5130
2026-01-03T18:48:51,hd-02,2.7262
2026-01-03T18:49:26,net-03,1.0030
2026-01-03T18:49:33,db-01,1.9091
2026-01-03T18:49:41,hd-02,21.1295
2026-01-03T18:50:15,web-03,3.2590
2026-01-03T18:50:18,cache-02,0.1346
2026-01-03T18:51:55,db-03,3.3329
2026-01-03T18:53:27,cache-03,0.5580
2026-01-03T18:54:30,db-02,0.2843
2026-01-03T18:56:15,net-04,3.0448
2026-01-03T18:56:56,lb-02,1.8711
2026-01-03T18:58:10,hd-01,0.4367
2026-01-03T18:58:24,web-02,0.7524
2026-01-03T18:59:39,db-01,0.7880
2026-01-03T19:00:03,lb-01,2.7390
2026-01-03T19:00:37,lb-01,1.1283
2026-01-03T19:01:10,db-03,0.0268
2026-01-03T19:01:27,net-04,0.5881
2026-01-03T19:01:35,net-03,0.1256
2026-01-03T19:01:39,hd-02,0.5335
2026-01-03T19:01:41,web-03,10.9861
2026-01-03T19:02:23,db-02,4.0252
2026-01-03T19:02:37,web-01,1.8424
2026-01-03T19:02:44,hd-02,0.4682
2026-01-03T19:02:50,web-04,9.6917
2026-01-03T19:03:03,cache-01,6.4714
2026-01-03T19:03:05,net-01,1.1162
2026-01-03T19:03:11,net-03,0.7388
2026-01-03T19:04:04,db-02,0.7103
2026-01-03T19:04:59,db-02,8.5635
2026-01-03T19:05:44,web-03,35.9707
2026-01-03T19:07:14,web-04,2.0486
2026-01-03T19:07:28,web-01,3.5109
2026-01-03T19:07:39,db-01,4.1717
2026-01-03T19:07:45,db-01,2.4232
2026-01-03T19:07:58,hd-02,0.0262
2026-01-03T19:08:40,cache-03,1.6834
2026-01-03T19:08:54,cache-01,0.5623
2026-01-03T19:09:48,lb-01,2.4237
2026-01-03T19:10:20,hd-02,17.8183
2026-01-03T19:10:46,cache-02,0.8149
2026-01-03T19:10:46,lb-02,11.9085
2026-01-03T19:11:17,hd-01,8.4710
2026-01-03T19:11:22,net-02,2.0130
2026-01-03T19:12:08,hd-01,0.2261
2026-01-03T19:12:32,cache-02,0.0521
2026-01-03T19:12:34,db-01,1.4768
2026-01-03T19:12:51,hd-01,2.6967
2026-01-03T19:13:18,db-02,0.1473
2026-01-03T19:13:42,lb-01,3.4173
2026-01-03T19:13:46,web-01,3.1650
2026-01-03T19:13:47,web-02,0.2896
2026-01-03T19:14:17,db-01,0.1414
2026-01-03T19:14:54,cache-02,0.9436
2026-01-03T19:15:16,lb-01,2.1703
2026-01-03T19:17:04,web-04,3.2820
2026-01-03T19:18:04,lb-02,4.8545
2026-01-03T19:19:03,hd-01,1.2653
2026-01-03T19:19:49,net-04,1.8935
2026-01-03T19:20:51,db-01,2.9523
2026-01-03T19:21:31,net-02,0.2527
2026-01-03T19:22:12,cache-02,5.4985
2026-01-03T19:22:54,hd-01,1.0788
2026-01-03T19:24:55,db-01,1.0045
2026-01-03T19:25:39,hd-01,2.5688
2026-01-03T19:25:55,lb-01,3.7925
2026-01-03T19:27:17,cache-03,1.0142
2026-01-03T19:27:40,db-03,0.0713
2026-01-03T19:28:12,web-05,1.9267
