2026-01-01T00:00:26,net-02,0.2868
2026-01-01T00:00:42,web-02,2.5952
2026-01-01T00:01:01,lb-01,20.2285
2026-01-01T00:01:16,db-01,2.6694
2026-01-01T00:02:39,net-01,3.2513
2026-01-01T00:02:51,lb-01,0.5219
2026-01-01T00:03:03,hd-02,2.6357
2026-01-01T00:03:47,net-03,15.5472
2026-01-01T00:03:48,net-03,0.2830
2026-01-01T00:03:59,lb-01,4.5620
2026-01-01T00:04:29,lb-01,0.4742
2026-01-01T00:05:17,lb-01,6.9453
2026-01-01T00:05:24,db-02,11.5596
2026-01-01T00:07:08,net-04,5.5340
2026-01-01T00:07:20,db-02,8.8120
2026-01-01T00:07:34,lb-01,3.6407
2026-01-01T00:08:20,hd-01,0.1918
2026-01-01T00:09:27,net-01,2.0982
2026-01-01T00:09:28,db-02,2.9915
2026-01-01T00:10:19,hd-02,0.7569
2026-01-01T00:11:32,lb-02,0.4973
2026-01-01T00:12:21,cache-03,13.9455
2026-01-01T00:12:35,lb-01,0.0359
2026-01-01T00:12:46,cache-02,6.2506
2026-01-01T00:13:45,lb-02,4.0894
2026-01-01T00:15:01,net-04,4.4406
2026-01-01T00:16:08,cache-02,1.8509
2026-01-01T00:16:15,web-02,6.6600
2026-01-01T00:16:34,web-03,0.0487
2026-01-01T00:17:00,db-03,0.6350
2026-01-01T00:17:02,db-03,1.2781
2026-01-01T00:17:23,db-01,3.8201
2026-01-01T00:17:36,net-04,8.4623
2026-01-01T00:18:55,hd-01,3.9107
2026-01-01T00:19:35,db-01,3.1763
2026-01-01T00:21:04,net-02,0.0241
2026-01-01T00:21:26,lb-01,2.4255
2026-01-01T00:21:33,net-01,0.8009
2026-01-01T00:21:46,hd-01,3.0255
2026-01-01T00:22:01,web-02,4.9981
2026-01-01T00:22:40,lb-02,4.3991
2026-01-01T00:24:21,lb-01,0.5437
2026-01-01T00:24:34,net-01,6.3926
2026-01-01T00:26:02,db-03,1.0467
2026-01-01T00:26:20,net-02,0.4141
2026-01-01T00:27:00,lb-02,0.2042
2026-01-01T00:28:09,web-01,6.1606
2026-01-01T00:28:14,net-01,1.8793
2026-01-01T00:28:20,cache-02,1.4665
2026-01-01T00:28:21,lb-02,1.1794
2026-01-01T00:28:44,web-05,0.0690
2026-01-01T00:30:01,lb-01,0.9334
2026-01-01T00:30:07,db-01,2.1327
2026-01-01T00:30:43,db-03,0.9531
2026-01-01T00:31:00,db-01,0.5191
2026-01-01T00:31:38,lb-01,0.2060
2026-01-01T00:33:02,cache-02,1.5895
2026-01-01T00:33:40,db-02,6.9047
2026-01-01T00:34:00,web-02,0.1644
2026-01-01T00:34:02,db-01,5.7259
2026-01-01T00:34:35,cache-01,3.8401
2026-01-01T00:35:21,hd-02,0.2325
2026-01-01T00:35:44,net-02,3.1513
2026-01-01T00:35:56,db-02,2.1372
2026-01-01T00:37:53,hd-01,2.4260
2026-01-01T00:38:02,lb-01,23.5474
2026-01-01T00:39:11,db-03,2.5925
2026-01-01T00:39:18,net-03,14.0260
2026-01-01T00:39:44,net-01,0.7285
2026-01-01T00:40:26,lb-01,0.7109
2026-01-01T00:40:27,net-04,6.1806
2026-01-01T00:40:30,hd-01,6.5966
2026-01-01T00:41:23,db-01,0.2006
2026-01-01T00:41:36,net-02,5.0876
2026-01-01T00:41:39,db-01,4.7811
2026-01-01T00:41:46,web-04,0.1924
2026-01-01T00:42:02,cache-01,1.2227
2026-01-01T00:42:17,net-04,28.2419
2026-01-01T00:42:29,web-01,1.0545
2026-01-01T00:42:39,web-04,0.7750
2026-01-01T00:43:54,hd-01,0.3483
2026-01-01T00:44:17,cache-01,8.1588
2026-01-01T00:44:55,lb-01,5.1058
2026-01-01T00:45:23,hd-01,1.8842
2026-01-01T00:45:35,lb-02,5.6431
2026-01-01T00:45:46,cache-03,4.6248
2026-01-01T00:45:51,db-01,5.3986
2026-01-01T00:46:26,net-04,6.3900
2026-01-01T00:47:02,web-04,8.2562
2026-01-01T00:49:33,hd-02,0.6845
2026-01-01T00:50:04,lb-01,0.3622
2026-01-01T00:50:16,cache-01,1.4966
2026-01-01T00:50:33,net-02,2.2244
2026-01-01T00:51:04,hd-02,0.0073
2026-01-01T00:51:07,lb-02,1.9874
2026-01-01T00:51:19,web-05,1.2721
2026-01-01T00:51:34,web-04,0.0459
2026-01-01T00:54:54,cache-02,9.5124
2026-01-01T00:54:57,lb-01,1.1487
2026-01-01T00:55:53,cache-02,0.9021
2026-01-01T00:56:08,web-05,0.1996
2026-01-01T00:56:53,cache-03,2.2390
2026-01-01T00:58:23,lb-01,1.9909
2026-01-01T00:58:29,lb-02,5.5360
2026-01-01T00:58:50,web-03,0.1133
2026-01-01T01:00:06,cache-01,0.3578
2026-01-01T01:00:14,lb-02,0.7133
2026-01-01T01:00:32,hd-02,1.9902
2026-01-01T01:00:49,cache-03,0.7629
2026-01-01T01:01:32,web-05,0.0010
2026-01-01T01:01:41,net-01,1.1340
2026-01-01T01:02:13,lb-02,16.7445
2026-01-01T01:02:13,hd-01,3.8319
2026-01-01T01:02:29,web-02,2.3297
2026-01-01T01:02:33,web-02,0.8537
2026-01-01T01:02:37,hd-01,0.5406
2026-01-01T01:02:38,db-02,1.4028
2026-01-01T01:03:15,cache-03,1.9687
2026-01-01T01:03:33,web-01,1.8408
2026-01-01T01:03:45,db-02,0.6607
2026-01-01T01:04:03,net-03,1.9038
2026-01-01T01:04:16,db-03,2.1005
2026-01-01T01:04:48,lb-02,2.0556
2026-01-01T01:05:28,cache-03,1.5835
2026-01-01T01:05:40,cache-01,1.8325
2026-01-01T01:06:29,cache-03,6.8473
2026-01-01T01:06:54,hd-02,5.5909
2026-01-01T01:06:54,net-03,2.4075
2026-01-01T01:07:04,web-01,8.3036
2026-01-01T01:07:27,net-03,3.6160
2026-01-01T01:07:47,db-02,2.2222
2026-01-01T01:07:55,cache-02,0.4881
2026-01-01T01:08:34,net-02,1.5307
2026-01-01T01:09:30,cache-02,1.1942
2026-01-01T01:10:51,web-03,1.3202
2026-01-01T01:10:57,db-03,2.1126
2026-01-01T01:11:22,cache-01,0.8830
2026-01-01T01:12:45,net-03,0.6403
2026-01-01T01:13:04,web-01,1.5445
2026-01-01T01:13:12,cache-01,5.0863
2026-01-01T01:13:34,hd-02,6.1371
2026-01-01T01:14:27,hd-01,0.8997
2026-01-01T01:15:16,web-01,4.2819
2026-01-01T01:16:00,web-01,1.4148
2026-01-01T01:16:34,web-05,2.9391
2026-01-01T01:16:38,cache-02,0.5074
2026-01-01T01:16:41,net-03,1.4327
2026-01-01T01:17:53,net-02,5.5052
2026-01-01T01:18:30,db-03,0.2200
2026-01-01T01:19:29,web-02,1.4747
2026-01-01T01:19:43,cache-03,2.6006
2026-01-01T01:19:52,hd-01,4.7062
2026-01-01T01:20:04,lb-02,9.6981
2026-01-01T01:20:52,hd-02,0.7890
2026-01-01T01:21:00,cache-01,0.1995
2026-01-01T01:21:04,lb-01,8.7193
2026-01-01T01:21:10,web-02,0.8323
2026-01-01T01:21:23,cache-02,0.6039
2026-01-01T01:21:39,web-05,3.3142
2026-01-01T01:23:34,net-03,0.1848
2026-01-01T01:24:26,hd-02,2.3062
2026-01-01T01:24:51,net-01,3.0356
2026-01-01T01:25:16,cache-03,3.1407
2026-01-01T01:25:22,hd-01,0.4517
2026-01-01T01:26:47,web-05,1.0695
2026-01-01T01:26:50,db-01,0.4670
2026-01-01T01:28:03,net-02,1.1009
2026-01-01T01:28:25,web-02,7.7756
2026-01-01T01:28:34,web-02,14.5943
2026-01-01T01:28:54,web-04,0.5834
2026-01-01T01:29:05,net-04,43.6564
2026-01-01T01:29:42,hd-02,3.0218
2026-01-01T01:31:04,web-02,1.0553
2026-01-01T01:31:23,lb-02,7.0283
2026-01-01T01:32:21,lb-01,7.6327
2026-01-01T01:32:47,net-04,4.0832
2026-01-01T01:34:15,hd-02,1.4249
2026-01-01T01:34:16,hd-02,9.0979
2026-01-01T01:34:19,lb-02,0.8590
2026-01-01T01:34:24,web-05,7.0462
2026-01-01T01:35:19,db-02,1.7355
2026-01-01T01:35:22,web-01,1.6767
2026-01-01T01:36:40,cache-02,2.9078
2026-01-01T01:38:01,lb-02,1.5974
2026-01-01T01:38:08,db-03,0.3752
2026-01-01T01:38:44,db-03,4.9604
2026-01-01T01:38:59,cache-02,2.9431
2026-01-01T01:39:33,net-04,0.2268
2026-01-01T01:40:08,hd-02,1.8013
2026-01-01T01:40:19,db-03,3.3609
2026-01-01T01:41:29,lb-02,0.6469
2026-01-01T01:42:03,net-01,0.1217
2026-01-01T01:43:09,net-03,0.4659
2026-01-01T01:44:02,web-05,1.0902
2026-01-01T01:44:29,hd-02,1.8934
2026-01-01T01:44:29,web-04,0.4041
2026-01-01T01:45:00,net-02,1.7887
2026-01-01T01:46:00,db-01,5.3470
2026-01-01T01:46:54,net-01,0.4768
2026-01-01T01:47:06,hd-02,0.1431
2026-01-01T01:47:07,web-02,1.0392
2026-01-01T01:47:41,hd-02,0.9915
2026-01-01T01:48:07,db-01,7.5707
2026-01-01T01:49:16,lb-02,1.1632
2026-01-01T01:49:23,hd-02,0.7225
2026-01-01T01:49:43,net-03,0.5407
2026-01-01T01:50:37,cache-03,0.4182
2026-01-01T01:51:07,db-01,1.4438
2026-01-01T01:52:31,net-02,1.1555
2026-01-01T01:52:49,lb-02,2.8828
2026-01-01T01:53:07,web-01,4.6788
2026-01-01T01:54:12,web-05,5.8219
2026-01-01T01:54:15,web-04,0.0275
2026-01-01T01:55:04,lb-01,1.8737
2026-01-01T01:55:54,db-01,0.0859
2026-01-01T01:56:28,lb-02,0.3587
2026-01-01T01:56:41,net-03,0.7016
2026-01-01T01:57:21,db-03,0.9587
2026-01-01T01:57:33,lb-02,2.7741
2026-01-01T01:57:35,cache-02,1.1442
2026-01-01T01:59:01,cache-03,6.1504
2026-01-01T01:59:05,net-04,2.6576
2026-01-01T01:59:36,web-04,0.7165
2026-01-01T02:00:15,net-01,6.8782
2026-01-01T02:00:58,cache-02,0.2001
2026-01-01T02:01:07,web-02,0.7437
2026-01-01T02:02:07,web-04,1.0947
2026-01-01T02:02:50,net-04,5.6392
2026-01-01T02:03:18,net-04,1.1505
2026-01-01T02:03:19,db-01,0.8212
2026-01-01T02:03:51,lb-01,17.8844
2026-01-01T02:04:37,cache-02,1.9501
2026-01-01T02:04:50,web-04,9.5791
2026-01-01T02:05:09,web-01,0.9356
2026-01-01T02:06:10,lb-01,0.0446
2026-01-01T02:06:39,net-02,3.1343
2026-01-01T02:06:39,lb-02,14.4259
2026-01-01T02:07:10,net-03,0.8608
2026-01-01T02:07:20,cache-03,0.5127
2026-01-01T02:08:10,db-01,0.1586
2026-01-01T02:08:13,lb-02,4.1693
2026-01-01T02:08:20,db-02,2.7232
2026-01-01T02:09:06,cache-02,0.7189
2026-01-01T02:09:39,cache-01,6.5614
2026-01-01T02:10:01,cache-03,2.4173
2026-01-01T02:10:10,net-02,1.6618
2026-01-01T02:12:20,lb-02,0.9341
2026-01-01T02:15:20,lb-01,4.5182
2026-01-01T02:15:40,lb-02,1.3168
2026-01-01T02:16:08,db-03,0.7332
2026-01-01T02:16:58,lb-01,9.1475
2026-01-01T02:19:33,lb-02,0.1600
2026-01-01T02:19:51,db-02,0.0311
2026-01-01T02:20:00,lb-01,3.3655
2026-01-01T02:20:30,cache-01,13.5297
2026-01-01T02:21:40,net-01,2.9478
2026-01-01T02:22:25,cache-01,7.4548
2026-01-01T02:23:29,db-02,1.2442
2026-01-01T02:23:39,net-02,2.2285
2026-01-01T02:24:00,lb-01,0.2615
2026-01-01T02:24:21,lb-02,0.4077
2026-01-01T02:24:29,net-04,0.6977
2026-01-01T02:24:43,net-03,1.6064
2026-01-01T02:24:54,db-01,4.7438
2026-01-01T02:25:45,web-01,1.5055
2026-01-01T02:26:09,cache-02,7.5218
2026-01-01T02:26:21,lb-02,0.6879
2026-01-01T02:27:51,cache-01,0.0284
2026-01-01T02:27:54,web-03,2.8516
2026-01-01T02:28:34,net-01,1.0359
2026-01-01T02:28:49,hd-01,3.0133
2026-01-01T02:29:29,lb-02,1.7198
2026-01-01T02:29:30,lb-02,5.1361
2026-01-01T02:29:33,db-03,0.6217
2026-01-01T02:29:50,net-04,3.7638
2026-01-01T02:29:55,net-01,0.3249
2026-01-01T02:30:26,net-01,0.8787
2026-01-01T02:30:34,db-02,1.1666
2026-01-01T02:30:37,web-01,1.7240
2026-01-01T02:30:40,net-03,2.6276
2026-01-01T02:32:32,cache-02,0.8500
2026-01-01T02:33:45,hd-02,2.0260
2026-01-01T02:34:05,hd-01,1.6226
2026-01-01T02:34:42,hd-01,1.3234
2026-01-01T02:34:54,db-03,3.7495
2026-01-01T02:35:01,web-04,1.1519
2026-01-01T02:35:39,hd-01,3.0667
2026-01-01T02:37:08,web-03,21.0550
2026-01-01T02:37:29,web-04,1.1517
2026-01-01T02:39:05,net-02,0.6889
2026-01-01T02:39:22,web-03,0.1025
2026-01-01T02:39:48,db-03,2.2142
2026-01-01T02:40:13,db-01,0.1511
2026-01-01T02:40:48,lb-02,1.0011
2026-01-01T02:40:54,cache-02,0.6580
2026-01-01T02:42:03,db-01,10.0525
2026-01-01T02:42:18,net-02,8.5996
2026-01-01T02:42:18,lb-01,0.0174
2026-01-01T02:42:59,hd-02,5.7026
2026-01-01T02:43:06,cache-01,0.7986
2026-01-01T02:43:39,lb-02,3.4425
2026-01-01T02:45:10,net-04,1.4922
2026-01-01T02:45:47,net-03,12.3086
2026-01-01T02:45:55,net-03,2.5495
2026-01-01T02:46:21,db-03,0.2735
2026-01-01T02:47:30,cache-02,4.5594
2026-01-01T02:47:33,lb-01,3.1081
2026-01-01T02:47:52,db-01,0.2142
2026-01-01T02:48:01,cache-01,3.4991
2026-01-01T02:48:32,hd-02,4.5824
2026-01-01T02:49:19,hd-02,7.3999
2026-01-01T02:49:32,cache-02,1.8279
2026-01-01T02:49:45,db-01,0.9825
2026-01-01T02:50:28,hd-02,0.1376
2026-01-01T02:51:10,net-03,13.7540
2026-01-01T02:51:11,hd-02,14.8665
2026-01-01T02:53:19,lb-01,0.2570
2026-01-01T02:53:39,hd-02,1.9425
2026-01-01T02:54:27,db-02,2.6227
2026-01-01T02:55:35,lb-02,2.0365
2026-01-01T02:56:21,hd-01,2.0406
2026-01-01T02:56:35,hd-01,0.6873
2026-01-01T02:56:54,hd-02,0.5869
2026-01-01T02:58:06,hd-02,2.1150
2026-01-01T02:58:11,hd-02,1.5843
2026-01-01T02:58:19,db-01,3.9120
2026-01-01T02:58:45,net-04,1.0120
2026-01-01T02:58:56,hd-02,1.2036
2026-01-01T02:58:56,net-04,15.0650
2026-01-01T03:00:44,db-03,0.0518
2026-01-01T03:00:46,net-04,7.9404
2026-01-01T03:01:06,hd-01,0.0392
2026-01-01T03:01:17,lb-01,0.4711
2026-01-01T03:02:47,db-01,10.0237
2026-01-01T03:03:09,net-03,4.7094
2026-01-01T03:05:13,web-01,1.8842
2026-01-01T03:05:16,cache-03,3.5111
2026-01-01T03:05:32,lb-01,0.8488
2026-01-01T03:06:12,cache-02,0.5240
2026-01-01T03:06:33,hd-01,16.5712
2026-01-01T03:07:26,net-04,3.3807
2026-01-01T03:08:01,lb-02,2.1799
2026-01-01T03:08:44,web-02,4.0978
2026-01-01T03:08:45,db-03,1.2190
2026-01-01T03:09:24,lb-02,4.3026
2026-01-01T03:09:29,cache-03,0.4249
2026-01-01T03:11:17,db-01,0.4706
2026-01-01T03:11:44,db-01,5.6974
2026-01-01T03:12:25,hd-02,1.3326
2026-01-01T03:12:59,db-03,10.7576
2026-01-01T03:14:22,net-02,1.7768
2026-01-01T03:14:41,hd-02,0.5857
2026-01-01T03:15:06,lb-01,9.9092
2026-01-01T03:15:18,hd-02,7.3529
2026-01-01T03:15:32,db-03,2.4343
2026-01-01T03:15:43,lb-02,2.1207
2026-01-01T03:15:46,net-04,4.3943
2026-01-01T03:16:31,lb-01,0.6815
2026-01-01T03:17:08,web-03,1.0433
2026-01-01T03:17:11,net-01,1.6452
2026-01-01T03:17:49,hd-01,0.3603
2026-01-01T03:17:52,web-05,4.2965
2026-01-01T03:19:01,hd-02,3.3323
2026-01-01T03:20:11,lb-01,1.5232
2026-01-01T03:20:25,net-01,4.9820
2026-01-01T03:20:35,net-03,2.6679
2026-01-01T03:21:47,hd-02,1.5868
2026-01-01T03:24:00,db-03,4.7244
2026-01-01T03:24:00,lb-01,0.4614
2026-01-01T03:24:06,hd-01,4.9359
2026-01-01T03:24:15,db-01,1.5392
2026-01-01T03:25:11,lb-02,2.9776
2026-01-01T03:25:20,hd-01,0.8982
2026-01-01T03:25:38,lb-02,0.2711
2026-01-01T03:26:52,web-02,0.1920
2026-01-01T03:27:26,hd-02,1.7217
2026-01-01T03:28:25,web-05,4.8524
2026-01-01T03:28:53,hd-02,1.5043
2026-01-01T03:29:03,net-02,8.2232
2026-01-01T03:30:03,net-03,0.9038
2026-01-01T03:30:31,cache-02,6.9386
2026-01-01T03:30:48,hd-01,2.4460
2026-01-01T03:31:33,cache-01,26.2623
2026-01-01T03:32:07,net-02,14.8769
2026-01-01T03:32:15,net-02,5.1112
2026-01-01T03:32:20,hd-02,9.8609
2026-01-01T03:32:41,web-04,1.9556
2026-01-01T03:32:44,db-01,8.6671
2026-01-01T03:33:18,db-03,0.0898
2026-01-01T03:34:10,hd-02,11.0824
2026-01-01T03:35:53,db-01,3.6743
2026-01-01T03:36:05,db-03,3.1407
2026-01-01T03:36:12,hd-02,1.6851
2026-01-01T03:36:46,web-02,12.0503
2026-01-01T03:37:11,web-04,1.2444
2026-01-01T03:37:38,net-01,3.0276
2026-01-01T03:38:01,cache-01,2.1061
2026-01-01T03:39:00,net-01,1.4692
2026-01-01T03:39:21,net-04,3.7802
2026-01-01T03:39:42,net-01,0.6750
2026-01-01T03:40:08,net-03,0.6230
2026-01-01T03:40:08,cache-01,0.2870
2026-01-01T03:40:39,hd-01,6.8696
2026-01-01T03:40:48,hd-02,0.9506
2026-01-01T03:42:40,net-04,0.0821
2026-01-01T03:42:47,web-05,2.4122
2026-01-01T03:43:14,cache-03,3.9697
2026-01-01T03:43:58,cache-03,7.9258
2026-01-01T03:44:07,cache-01,5.2797
2026-01-01T03:44:09,lb-01,0.4895
2026-01-01T03:44:16,cache-03,36.6281
2026-01-01T03:44:22,web-01,0.7133
2026-01-01T03:44:24,net-04,0.6596
2026-01-01T03:44:31,cache-03,2.4232
2026-01-01T03:45:09,web-05,1.6904
2026-01-01T03:45:22,lb-02,2.7398
2026-01-01T03:45:50,db-03,12.1413
2026-01-01T03:45:57,cache-02,4.7755
2026-01-01T03:46:02,lb-01,5.1684
2026-01-01T03:46:41,db-03,4.4929
2026-01-01T03:46:55,net-02,0.4921
2026-01-01T03:46:58,cache-02,0.6770
2026-01-01T03:47:01,lb-01,0.2976
2026-01-01T03:49:05,cache-01,12.1478
2026-01-01T03:49:17,net-03,0.9462
2026-01-01T03:49:34,cache-03,1.9549
2026-01-01T03:49:49,web-04,0.1399
2026-01-01T03:49:52,cache-03,2.6183
2026-01-01T03:50:52,cache-02,0.6176
2026-01-01T03:51:34,db-01,1.8479
2026-01-01T03:51:46,hd-01,2.1157
2026-01-01T03:52:32,db-01,12.8387
2026-01-01T03:52:55,web-04,0.0684
2026-01-01T03:53:11,net-04,6.6923
2026-01-01T03:53:12,cache-01,0.0408
2026-01-01T03:53:18,net-03,0.8378
2026-01-01T03:53:50,lb-01,0.2645
2026-01-01T03:53:54,lb-02,7.3589
2026-01-01T03:54:18,db-03,0.2214
2026-01-01T03:54:21,hd-02,2.2736
2026-01-01T03:56:15,web-05,7.8044
2026-01-01T03:56:23,hd-02,0.1180
2026-01-01T03:56:35,web-01,1.0192
2026-01-01T03:56:53,cache-03,2.9069
2026-01-01T03:57:18,web-04,3.2438
2026-01-01T03:57:41,db-03,3.3433
2026-01-01T03:57:48,net-01,2.9328
2026-01-01T03:58:46,cache-01,4.9396
2026-01-01T03:59:01,web-05,0.2253
2026-01-01T03:59:42,net-02,18.8222
2026-01-01T03:59:51,lb-02,2.9390
2026-01-01T04:00:08,lb-01,1.2059
2026-01-01T04:00:24,net-01,1.6309
2026-01-01T04:00:29,hd-02,0.0620
2026-01-01T04:01:06,web-05,7.7430
2026-01-01T04:02:39,lb-01,1.8104
2026-01-01T04:02:55,hd-02,2.2582
2026-01-01T04:03:03,lb-02,16.8523
2026-01-01T04:03:05,net-01,2.1616
2026-01-01T04:03:29,hd-01,13.2146
2026-01-01T04:05:12,db-01,0.0484
2026-01-01T04:05:22,lb-01,0.1246
2026-01-01T04:05:57,cache-02,25.4939
2026-01-01T04:05:59,hd-02,1.0759
2026-01-01T04:06:18,lb-02,0.7047
2026-01-01T04:07:06,hd-01,3.9289
2026-01-01T04:09:08,hd-01,1.3484
2026-01-01T04:09:22,web-03,0.9091
2026-01-01T04:09:48,db-03,0.5764
2026-01-01T04:10:46,db-03,2.4642
2026-01-01T04:10:56,web-05,3.3778
2026-01-01T04:11:12,cache-01,1.9421
2026-01-01T04:12:20,hd-02,3.2821
2026-01-01T04:12:34,cache-03,10.9351
2026-01-01T04:12:36,net-04,1.8326
2026-01-01T04:12:37,db-03,4.7310
2026-01-01T04:13:00,cache-03,10.0188
2026-01-01T04:13:02,hd-01,4.6985
2026-01-01T04:13:02,hd-01,2.9911
2026-01-01T04:13:19,cache-01,2.3310
2026-01-01T04:14:06,web-03,1.0532
2026-01-01T04:14:35,web-04,2.8379
2026-01-01T04:15:03,web-02,13.8584
2026-01-01T04:15:18,web-05,4.7093
2026-01-01T04:15:20,db-02,1.4480
2026-01-01T04:15:37,lb-01,1.1564
2026-01-01T04:17:40,net-01,0.7996
2026-01-01T04:18:16,hd-02,0.4241
2026-01-01T04:19:26,lb-01,21.4035
2026-01-01T04:19:50,lb-02,0.0037
2026-01-01T04:20:36,web-03,5.1573
2026-01-01T04:22:27,web-02,1.3523
2026-01-01T04:24:40,cache-03,0.5992
2026-01-01T04:25:26,web-05,1.3764
2026-01-01T04:25:34,db-03,2.9647
2026-01-01T04:25:57,lb-01,1.5850
2026-01-01T04:26:30,cache-01,2.2211
2026-01-01T04:26:56,cache-02,5.3133
2026-01-01T04:26:58,net-01,14.3836
2026-01-01T04:27:21,db-02,2.4747
2026-01-01T04:28:00,cache-02,2.4221
2026-01-01T04:28:02,db-02,1.0689
2026-01-01T04:28:47,lb-02,4.3817
2026-01-01T04:29:05,web-05,37.0656
2026-01-01T04:29:10,web-02,0.7672
2026-01-01T04:29:22,cache-03,0.6401
2026-01-01T04:29:37,lb-01,4.4453
2026-01-01T04:29:40,hd-01,2.5745
2026-01-01T04:29:41,hd-02,8.7943
2026-01-01T04:29:43,db-02,6.7346
2026-01-01T04:29:55,db-02,1.8428
2026-01-01T04:30:05,cache-02,2.0183
2026-01-01T04:31:01,lb-01,1.5466
2026-01-01T04:31:28,web-05,0.4983
2026-01-01T04:31:42,lb-01,1.6040
2026-01-01T04:31:44,cache-02,8.2455
2026-01-01T04:32:14,cache-01,1.4409
2026-01-01T04:32:20,net-02,0.4195
2026-01-01T04:33:14,web-02,3.2755
2026-01-01T04:33:26,hd-02,0.6295
2026-01-01T04:34:40,cache-01,3.1867
2026-01-01T04:35:08,hd-02,0.5412
2026-01-01T04:36:26,web-02,4.2020
2026-01-01T04:36:49,lb-01,0.6003
2026-01-01T04:36:59,lb-01,0.1719
2026-01-01T04:37:01,net-03,3.1256
2026-01-01T04:37:34,hd-02,0.1285
2026-01-01T04:37:48,net-03,2.5737
2026-01-01T04:37:51,web-05,5.2183
2026-01-01T04:38:09,web-03,10.1217
2026-01-01T04:38:39,web-02,6.3500
2026-01-01T04:39:11,lb-01,2.6439
2026-01-01T04:39:27,net-02,4.6072
2026-01-01T04:39:27,net-04,0.5785
2026-01-01T04:39:58,net-02,0.5257
2026-01-01T04:40:09,net-03,2.2431
2026-01-01T04:40:19,db-01,24.1182
2026-01-01T04:41:00,db-01,0.4234
2026-01-01T04:41:06,cache-03,6.6373
2026-01-01T04:41:10,lb-02,6.1322
2026-01-01T04:42:02,hd-01,17.9445
2026-01-01T04:45:26,db-03,0.2099
2026-01-01T04:45:37,web-05,2.3005
2026-01-01T04:46:44,net-01,10.0970
2026-01-01T04:46:52,cache-01,11.0629
2026-01-01T04:47:24,net-03,2.0999
2026-01-01T04:47:36,cache-02,1.3744
2026-01-01T04:47:36,cache-01,29.4798
2026-01-01T04:49:14,cache-02,4.2861
2026-01-01T04:49:44,web-05,7.4920
2026-01-01T04:49:56,lb-02,10.4074
2026-01-01T04:50:10,cache-03,20.9117
2026-01-01T04:51:34,hd-02,0.3485
2026-01-01T04:52:43,cache-02,2.5282
2026-01-01T04:52:57,lb-01,6.0769
2026-01-01T04:54:07,hd-01,5.2826
2026-01-01T04:54:19,lb-02,3.0874
2026-01-01T04:54:31,db-02,1.7166
2026-01-01T04:54:53,cache-03,4.1610
2026-01-01T04:54:57,hd-02,0.0124
2026-01-01T04:56:13,cache-02,4.0081
2026-01-01T04:57:13,hd-01,1.2683
2026-01-01T04:57:55,net-01,0.2347
2026-01-01T04:58:56,cache-01,12.8812
2026-01-01T04:59:07,cache-01,0.5718
2026-01-01T04:59:36,hd-02,1.9881
2026-01-01T05:00:03,lb-01,19.5272
2026-01-01T05:00:11,lb-01,1.5109
2026-01-01T05:00:25,cache-02,0.9379
2026-01-01T05:00:41,hd-01,0.7344
2026-01-01T05:02:32,cache-02,3.1647
2026-01-01T05:03:15,lb-01,3.1498
2026-01-01T05:04:20,lb-01,0.0331
2026-01-01T05:04:49,db-03,1.1290
2026-01-01T05:04:50,net-01,1.8494
2026-01-01T05:05:00,db-01,0.6447
2026-01-01T05:06:35,cache-02,6.4968
2026-01-01T05:08:16,hd-02,3.8187
2026-01-01T05:08:58,lb-01,100.0000
2026-01-01T05:09:23,cache-03,0.4039
2026-01-01T05:09:31,web-03,4.9739
2026-01-01T05:10:04,web-03,6.6545
2026-01-01T05:10:11,web-02,18.3373
2026-01-01T05:10:22,web-02,2.1319
2026-01-01T05:11:09,lb-01,18.2171
2026-01-01T05:11:27,db-02,0.8352
2026-01-01T05:11:31,web-02,2.7468
2026-01-01T05:11:59,cache-03,2.0242
2026-01-01T05:12:06,lb-01,4.9706
2026-01-01T05:12:49,net-01,1.2615
2026-01-01T05:13:08,db-02,7.3956
2026-01-01T05:13:49,cache-03,0.3333
2026-01-01T05:14:36,cache-01,2.1757
2026-01-01T05:15:01,net-01,3.0144
2026-01-01T05:15:15,lb-01,0.0337
2026-01-01T05:15:32,lb-02,9.3186
2026-01-01T05:15:51,web-01,0.0353
2026-01-01T05:16:33,hd-01,14.6632
2026-01-01T05:17:29,cache-02,3.0343
2026-01-01T05:17:33,db-02,1.8568
2026-01-01T05:18:39,db-03,1.7054
2026-01-01T05:19:34,lb-02,0.9794
2026-01-01T05:19:42,web-02,3.9092
2026-01-01T05:20:07,web-02,4.2627
2026-01-01T05:20:46,db-02,2.2358
2026-01-01T05:21:13,cache-02,7.8355
2026-01-01T05:21:50,db-01,2.9130
2026-01-01T05:22:05,cache-01,8.7725
2026-01-01T05:22:35,lb-02,1.4905
2026-01-01T05:22:46,lb-01,4.7936
2026-01-01T05:23:55,db-03,0.8317
2026-01-01T05:25:10,hd-01,1.7795
2026-01-01T05:25:47,db-03,1.2021
2026-01-01T05:26:45,web-04,3.6422
2026-01-01T05:28:05,hd-01,0.8796
2026-01-01T05:28:35,web-03,0.1751
2026-01-01T05:29:17,cache-03,0.3800
2026-01-01T05:29:26,hd-01,0.6105
2026-01-01T05:29:29,hd-01,6.1242
2026-01-01T05:29:40,hd-01,0.6263
2026-01-01T05:29:50,net-03,2.6847
2026-01-01T05:30:12,hd-01,3.6357
2026-01-01T05:30:16,db-02,0.2480
2026-01-01T05:30:54,lb-02,0.0960
2026-01-01T05:31:03,db-01,0.0545
2026-01-01T05:31:43,net-01,0.1920
2026-01-01T05:32:35,lb-01,0.3729
2026-01-01T05:33:41,lb-01,0.6945
2026-01-01T05:34:14,web-04,3.9337
2026-01-01T05:34:27,web-04,0.5810
2026-01-01T05:35:16,net-02,0.6268
2026-01-01T05:35:39,db-02,0.3343
2026-01-01T05:35:45,cache-01,0.7590
2026-01-01T05:36:07,lb-01,2.3876
2026-01-01T05:36:08,cache-03,0.8253
2026-01-01T05:36:55,db-02,0.2175
2026-01-01T05:37:23,cache-01,1.0929
2026-01-01T05:37:29,lb-02,1.6057
2026-01-01T05:37:40,web-02,6.1023
2026-01-01T05:38:00,web-02,1.1648
2026-01-01T05:38:02,hd-02,0.3427
2026-01-01T05:39:39,web-04,22.0422
2026-01-01T05:40:13,net-02,3.6477
2026-01-01T05:40:15,hd-02,2.6978
2026-01-01T05:41:05,lb-02,0.5002
2026-01-01T05:41:36,lb-02,4.3577
2026-01-01T05:41:57,lb-02,4.8238
2026-01-01T05:42:20,lb-01,5.3632
2026-01-01T05:42:55,db-01,1.2573
2026-01-01T05:43:38,db-02,0.4642
2026-01-01T05:43:43,lb-01,1.4414
2026-01-01T05:44:03,db-03,0.0254
2026-01-01T05:44:16,db-01,5.8663
2026-01-01T05:44:17,db-02,5.9910
2026-01-01T05:44:45,hd-02,3.5584
2026-01-01T05:45:45,net-02,1.0032
2026-01-01T05:46:20,lb-02,0.6649
2026-01-01T05:46:23,hd-02,0.6429
2026-01-01T05:46:49,web-01,2.7631
2026-01-01T05:47:53,hd-01,1.1582
2026-01-01T05:48:10,hd-01,0.7301
2026-01-01T05:48:20,lb-01,0.1803
2026-01-01T05:48:24,net-02,1.8994
2026-01-01T05:49:56,net-02,4.3294
2026-01-01T05:50:36,net-03,8.7545
2026-01-01T05:50:47,web-04,0.8678
2026-01-01T05:52:03,lb-01,1.8788
2026-01-01T05:52:04,db-02,0.1755
2026-01-01T05:52:31,net-02,17.1693
2026-01-01T05:52:41,web-02,2.6003
2026-01-01T05:54:13,cache-01,0.5683
2026-01-01T05:54:17,cache-03,0.6055
2026-01-01T05:54:39,net-04,1.0862
2026-01-01T05:54:47,net-01,5.7304
2026-01-01T05:55:07,db-03,1.0381
2026-01-01T05:55:18,net-02,0.6876
2026-01-01T05:55:40,cache-03,2.1779
2026-01-01T05:56:00,hd-02,2.0730
2026-01-01T05:56:33,web-03,1.1103
2026-01-01T05:56:49,net-02,0.4932
2026-01-01T05:58:05,net-04,0.2295
2026-01-01T05:58:38,cache-02,5.4590
2026-01-01T05:59:22,lb-02,0.2789
2026-01-01T05:59:46,hd-01,2.4402
2026-01-01T05:59:57,db-03,1.4929
2026-01-01T06:00:32,web-04,1.2184
2026-01-01T06:01:39,cache-01,1.6169
2026-01-01T06:02:04,net-03,9.9006
2026-01-01T06:02:57,hd-02,4.9801
2026-01-01T06:04:12,lb-01,17.7282
2026-01-01T06:06:41,lb-01,4.4138
2026-01-01T06:07:11,cache-02,17.6088
2026-01-01T06:07:19,hd-02,0.3899
2026-01-01T06:07:22,lb-01,6.6329
2026-01-01T06:07:25,cache-03,3.1069
2026-01-01T06:07:35,net-04,2.3591
2026-01-01T06:07:52,web-05,1.3135
2026-01-01T06:08:47,db-02,1.2861
2026-01-01T06:09:31,web-04,0.0701
2026-01-01T06:10:06,cache-03,2.0886
2026-01-01T06:10:11,web-01,3.0249
2026-01-01T06:10:19,hd-01,11.6317
2026-01-01T06:10:23,hd-01,0.1159
2026-01-01T06:10:27,db-01,0.0883
2026-01-01T06:10:59,db-01,2.0007
2026-01-01T06:11:00,hd-02,3.5653
2026-01-01T06:12:27,cache-03,2.2479
2026-01-01T06:12:44,hd-01,0.3480
2026-01-01T06:12:55,web-02,3.8695
2026-01-01T06:12:57,hd-02,25.3131
2026-01-01T06:13:47,net-02,2.2935
2026-01-01T06:14:03,web-01,3.5821
2026-01-01T06:15:04,hd-01,4.6567
2026-01-01T06:15:53,db-02,1.7080
2026-01-01T06:15:59,cache-02,0.4630
2026-01-01T06:16:19,hd-01,2.0007
2026-01-01T06:16:22,net-02,1.3119
2026-01-01T06:17:10,hd-02,6.8961
2026-01-01T06:17:13,web-01,0.6700
2026-01-01T06:17:25,lb-01,0.9193
2026-01-01T06:18:08,lb-02,0.2780
2026-01-01T06:18:32,cache-01,0.4640
2026-01-01T06:18:38,hd-02,6.6192
2026-01-01T06:18:59,hd-02,2.3549
2026-01-01T06:19:10,net-01,1.2156
2026-01-01T06:19:23,web-04,1.3076
2026-01-01T06:19:58,hd-02,1.1297
2026-01-01T06:20:24,hd-01,3.6078
2026-01-01T06:20:28,lb-01,0.6525
2026-01-01T06:20:38,cache-01,1.1658
2026-01-01T06:20:47,cache-03,0.5448
2026-01-01T06:21:22,db-03,0.7182
2026-01-01T06:21:43,hd-02,6.8826
2026-01-01T06:22:00,hd-01,3.2455
2026-01-01T06:22:20,hd-02,2.8862
2026-01-01T06:23:09,web-02,1.0586
2026-01-01T06:23:46,db-02,3.1787
2026-01-01T06:24:38,cache-01,0.3866
2026-01-01T06:24:51,cache-03,8.0864
2026-01-01T06:25:38,net-04,4.4472
2026-01-01T06:25:39,net-03,7.7056
2026-01-01T06:26:01,hd-01,1.3601
2026-01-01T06:26:02,db-01,2.6077
2026-01-01T06:26:14,lb-02,0.0446
2026-01-01T06:26:21,web-02,1.4482
2026-01-01T06:26:59,cache-02,1.0088
2026-01-01T06:27:22,db-01,5.8704
2026-01-01T06:27:30,lb-01,3.9767
2026-01-01T06:27:41,hd-01,0.6130
2026-01-01T06:27:44,cache-02,0.4888
2026-01-01T06:28:09,lb-01,0.2173
2026-01-01T06:29:59,web-04,5.3443
2026-01-01T06:30:13,lb-01,0.0748
2026-01-01T06:30:52,web-04,0.2841
2026-01-01T06:32:27,lb-01,3.8764
2026-01-01T06:32:33,lb-01,1.0796
2026-01-01T06:32:34,cache-01,0.7577
2026-01-01T06:32:44,hd-01,0.6316
2026-01-01T06:32:58,net-02,2.2048
2026-01-01T06:33:10,cache-03,2.1838
2026-01-01T06:35:16,hd-02,0.5599
2026-01-01T06:35:25,web-04,3.1598
2026-01-01T06:35:53,cache-03,1.0947
2026-01-01T06:35:58,net-01,1.8481
2026-01-01T06:36:18,hd-02,3.0256
2026-01-01T06:36:42,db-02,6.4146
2026-01-01T06:37:52,web-04,0.1054
2026-01-01T06:38:19,cache-02,1.0094
2026-01-01T06:38:38,lb-02,0.0142
2026-01-01T06:38:58,cache-02,0.1189
2026-01-01T06:39:29,net-02,4.4672
2026-01-01T06:39:58,cache-02,5.6560
2026-01-01T06:40:26,cache-02,2.2691
2026-01-01T06:40:54,lb-02,10.2314
2026-01-01T06:40:54,db-02,3.8544
2026-01-01T06:41:15,net-04,0.3671
2026-01-01T06:41:50,db-03,4.6222
2026-01-01T06:42:09,lb-01,0.2919
2026-01-01T06:42:12,net-01,2.8698
2026-01-01T06:42:17,cache-03,4.2524
2026-01-01T06:43:44,db-03,4.2909
2026-01-01T06:44:00,db-01,0.4445
2026-01-01T06:44:12,lb-01,0.8787
2026-01-01T06:44:51,hd-02,0.0591
2026-01-01T06:44:56,hd-02,5.5829
2026-01-01T06:45:03,cache-01,2.1833
2026-01-01T06:45:57,web-05,2.3844
2026-01-01T06:46:09,cache-03,2.3736
2026-01-01T06:47:54,net-02,1.2555
2026-01-01T06:48:02,net-01,0.2148
2026-01-01T06:48:36,net-03,0.2590
2026-01-01T06:49:46,cache-02,0.1856
2026-01-01T06:50:04,db-02,0.6914
2026-01-01T06:50:16,hd-02,4.4852
2026-01-01T06:50:31,net-04,1.4899
2026-01-01T06:53:44,hd-01,0.6051
2026-01-01T06:54:12,net-04,0.6549
2026-01-01T06:54:26,hd-01,0.1546
2026-01-01T06:55:06,cache-01,0.3947
2026-01-01T06:55:42,hd-02,0.6937
2026-01-01T06:56:13,db-02,0.4079
2026-01-01T06:56:37,web-03,3.8535
2026-01-01T06:57:01,db-02,0.6488
2026-01-01T06:58:35,lb-02,0.1891
2026-01-01T06:59:28,net-02,0.3970
2026-01-01T07:01:14,cache-02,4.4448
2026-01-01T07:01:45,cache-03,2.1501
2026-01-01T07:01:49,db-02,0.3086
2026-01-01T07:02:17,cache-03,0.9947
2026-01-01T07:02:21,web-05,4.0842
2026-01-01T07:02:34,lb-02,1.0112
2026-01-01T07:03:34,web-03,0.0270
2026-01-01T07:03:57,web-02,2.0079
2026-01-01T07:04:00,lb-01,5.5230
2026-01-01T07:04:01,cache-03,0.5893
2026-01-01T07:04:19,db-01,16.9142
2026-01-01T07:06:32,hd-01,4.7608
2026-01-01T07:07:04,net-01,5.2009
2026-01-01T07:07:10,net-04,0.5135
2026-01-01T07:07:17,net-02,7.1123
2026-01-01T07:07:38,db-02,1.5754
2026-01-01T07:07:56,net-03,1.4704
2026-01-01T07:08:56,lb-01,7.8615
2026-01-01T07:09:02,cache-01,3.1384
2026-01-01T07:09:34,cache-03,0.6860
2026-01-01T07:10:05,db-02,0.3851
2026-01-01T07:12:09,db-03,1.5221
2026-01-01T07:12:26,net-02,1.6866
2026-01-01T07:12:49,net-04,11.8749
2026-01-01T07:13:32,lb-01,0.0250
2026-01-01T07:13:53,db-01,0.7568
2026-01-01T07:14:11,db-01,0.8094
2026-01-01T07:14:34,net-03,4.7300
2026-01-01T07:14:42,hd-02,0.3581
2026-01-01T07:14:53,cache-01,0.4052
2026-01-01T07:15:00,web-01,8.7590
2026-01-01T07:16:09,hd-02,1.0250
2026-01-01T07:16:18,lb-01,0.1744
2026-01-01T07:16:51,net-02,0.5760
2026-01-01T07:17:21,hd-01,5.8796
2026-01-01T07:17:25,hd-01,3.6515
2026-01-01T07:17:39,hd-02,1.2594
2026-01-01T07:18:26,cache-02,4.2339
2026-01-01T07:18:43,web-05,3.8904
2026-01-01T07:20:39,cache-02,0.3579
2026-01-01T07:20:49,db-01,4.6431
2026-01-01T07:21:01,lb-01,8.0415
2026-01-01T07:22:09,hd-02,21.7744
2026-01-01T07:22:24,hd-02,2.6977
2026-01-01T07:22:56,cache-02,0.6846
2026-01-01T07:23:13,cache-01,0.4336
2026-01-01T07:24:17,lb-02,4.1891
2026-01-01T07:24:43,db-01,6.4473
2026-01-01T07:24:51,lb-02,0.9395
2026-01-01T07:25:48,db-03,1.3058
2026-01-01T07:26:01,net-02,0.3927
2026-01-01T07:26:04,hd-02,1.4288
2026-01-01T07:26:06,web-02,0.8226
2026-01-01T07:26:13,hd-01,1.6819
2026-01-01T07:26:37,lb-02,0.8688
2026-01-01T07:26:54,db-02,1.5196
2026-01-01T07:27:20,net-04,5.4817
2026-01-01T07:27:47,lb-01,0.8027
2026-01-01T07:29:19,cache-01,0.3476
2026-01-01T07:29:20,cache-02,3.9736
2026-01-01T07:29:23,db-02,10.0345
2026-01-01T07:29:56,web-02,1.5196
2026-01-01T07:29:58,hd-02,2.5755
2026-01-01T07:30:19,lb-02,2.9746
2026-01-01T07:30:28,net-01,0.9533
2026-01-01T07:30:52,lb-02,1.8102
2026-01-01T07:32:13,db-03,1.4952
2026-01-01T07:32:27,lb-02,3.2375
2026-01-01T07:32:27,cache-02,2.6198
2026-01-01T07:32:36,net-01,2.9566
2026-01-01T07:32:38,lb-01,1.9252
2026-01-01T07:33:43,db-02,2.2620
2026-01-01T07:33:47,lb-02,20.8475
2026-01-01T07:33:48,net-03,6.8212
2026-01-01T07:34:00,net-01,2.1909
2026-01-01T07:34:02,net-01,5.2458
2026-01-01T07:34:47,hd-02,8.0195
2026-01-01T07:35:11,db-01,3.4490
2026-01-01T07:35:34,lb-02,2.2538
2026-01-01T07:35:44,lb-01,0.2816
2026-01-01T07:35:52,db-03,5.6616
2026-01-01T07:35:58,db-01,0.4562
2026-01-01T07:36:40,net-02,1.7731
2026-01-01T07:36:50,lb-02,5.5384
2026-01-01T07:37:01,web-02,1.9354
2026-01-01T07:37:54,cache-01,2.0596
2026-01-01T07:38:28,web-04,13.2495
2026-01-01T07:38:42,lb-02,1.0467
2026-01-01T07:38:53,db-01,2.3654
2026-01-01T07:38:54,net-01,2.5828
2026-01-01T07:39:29,web-01,0.6762
2026-01-01T07:41:16,cache-03,7.9996
2026-01-01T07:42:10,db-02,8.9979
2026-01-01T07:42:13,net-04,0.4941
2026-01-01T07:42:18,net-04,0.4373
2026-01-01T07:42:24,db-01,2.8284
2026-01-01T07:45:36,db-02,1.7002
2026-01-01T07:46:37,hd-02,2.3983
2026-01-01T07:46:47,lb-02,7.7329
2026-01-01T07:46:55,lb-02,0.0569
2026-01-01T07:46:57,cache-02,0.4615
2026-01-01T07:47:30,net-03,30.2679
2026-01-01T07:47:53,db-02,0.0178
2026-01-01T07:48:51,lb-02,2.2120
2026-01-01T07:49:04,db-01,0.5775
2026-01-01T07:49:05,db-03,0.6947
2026-01-01T07:50:13,cache-03,2.3564
2026-01-01T07:50:37,cache-02,1.4259
2026-01-01T07:50:49,lb-02,0.5852
2026-01-01T07:52:25,web-05,1.7205
2026-01-01T07:52:32,net-02,2.8613
2026-01-01T07:52:56,hd-02,3.7832
2026-01-01T07:53:45,lb-01,2.1269
2026-01-01T07:54:06,db-03,2.0270
2026-01-01T07:54:32,cache-03,9.2504
2026-01-01T07:55:12,hd-02,3.6017
2026-01-01T07:55:22,lb-02,0.3092
2026-01-01T07:55:51,hd-01,4.0558
2026-01-01T07:56:09,net-04,10.6401
2026-01-01T07:56:18,lb-01,11.8797
2026-01-01T07:56:59,net-02,3.5835
2026-01-01T07:57:56,lb-02,6.4702
2026-01-01T07:58:56,web-02,1.4111
2026-01-01T07:59:13,web-05,1.3993
2026-01-01T07:59:27,lb-01,0.7206
2026-01-01T07:59:56,hd-01,3.1618
2026-01-01T08:00:17,hd-01,3.7283
2026-01-01T08:00:28,lb-02,0.0595
2026-01-01T08:01:20,cache-03,9.5590
2026-01-01T08:02:59,db-02,1.0167
2026-01-01T08:03:03,db-02,1.2332
2026-01-01T08:03:08,lb-02,2.4803
2026-01-01T08:04:10,web-04,3.3351
2026-01-01T08:05:17,net-01,0.3086
2026-01-01T08:05:30,net-04,0.4881
2026-01-01T08:05:39,web-01,0.7575
2026-01-01T08:05:52,db-02,9.6452
2026-01-01T08:06:40,web-01,32.3249
2026-01-01T08:07:52,web-02,8.4172
2026-01-01T08:08:11,web-03,5.3499
2026-01-01T08:08:14,net-01,1.7990
2026-01-01T08:08:33,db-01,0.9396
2026-01-01T08:08:38,hd-02,0.3231
2026-01-01T08:09:01,cache-03,0.2164
2026-01-01T08:09:05,net-03,1.1340
2026-01-01T08:09:13,db-03,19.9523
2026-01-01T08:09:35,cache-01,6.2403
2026-01-01T08:10:10,cache-03,0.0142
2026-01-01T08:10:41,net-04,0.9401
2026-01-01T08:10:57,net-02,12.1476
2026-01-01T08:11:15,web-01,1.8549
2026-01-01T08:11:45,db-02,1.7447
2026-01-01T08:12:00,hd-01,0.2732
2026-01-01T08:12:54,hd-01,4.5589
2026-01-01T08:13:02,hd-01,6.8164
2026-01-01T08:14:46,hd-02,9.6713
2026-01-01T08:14:51,net-02,0.4782
2026-01-01T08:15:32,cache-03,2.7776
2026-01-01T08:16:34,hd-02,4.3282
2026-01-01T08:16:35,cache-03,1.6436
2026-01-01T08:17:12,lb-02,0.6185
2026-01-01T08:17:21,cache-01,7.9825
2026-01-01T08:17:53,lb-01,3.4774
2026-01-01T08:18:50,net-01,2.2057
2026-01-01T08:19:23,web-02,0.5067
2026-01-01T08:19:28,lb-02,10.8339
2026-01-01T08:20:11,web-04,0.8302
2026-01-01T08:20:29,lb-02,17.1673
2026-01-01T08:20:39,db-03,6.0011
2026-01-01T08:21:02,web-01,0.6334
2026-01-01T08:21:52,db-02,0.3741
2026-01-01T08:22:07,web-01,1.2827
2026-01-01T08:22:11,web-02,1.1126
2026-01-01T08:22:22,lb-01,0.1583
2026-01-01T08:22:59,lb-01,3.4537
2026-01-01T08:23:06,lb-01,0.7194
2026-01-01T08:23:17,web-02,0.4500
2026-01-01T08:24:06,hd-02,6.6803
2026-01-01T08:24:59,db-02,4.0446
2026-01-01T08:25:02,cache-01,3.1588
2026-01-01T08:25:07,cache-02,6.5165
2026-01-01T08:25:40,net-01,1.6993
2026-01-01T08:26:08,hd-01,2.6157
2026-01-01T08:26:08,cache-01,0.6054
2026-01-01T08:26:33,lb-01,0.1778
2026-01-01T08:27:05,web-02,2.3624
2026-01-01T08:27:23,cache-02,0.7238
2026-01-01T08:27:53,lb-01,3.0907
2026-01-01T08:28:28,hd-01,3.1971
2026-01-01T08:29:06,net-03,1.4033
2026-01-01T08:29:27,cache-01,1.2878
2026-01-01T08:30:25,net-01,0.0595
2026-01-01T08:31:07,hd-01,1.3510
2026-01-01T08:31:22,lb-02,20.8534
2026-01-01T08:32:03,lb-02,2.0555
2026-01-01T08:32:12,cache-03,0.1040
2026-01-01T08:32:34,web-04,9.1249
2026-01-01T08:33:00,hd-01,1.8916
2026-01-01T08:33:04,cache-02,0.8107
2026-01-01T08:33:18,hd-02,0.0981
2026-01-01T08:34:19,cache-01,4.6856
2026-01-01T08:34:50,lb-01,0.4348
2026-01-01T08:36:08,hd-01,0.1286
2026-01-01T08:37:53,hd-02,1.0811
2026-01-01T08:38:08,net-04,2.8873
2026-01-01T08:39:01,net-03,12.4476
2026-01-01T08:39:41,db-01,0.3509
2026-01-01T08:39:45,net-03,2.5287
2026-01-01T08:40:25,net-02,5.2223
2026-01-01T08:40:47,web-04,1.5293
2026-01-01T08:40:56,hd-01,0.1768
2026-01-01T08:42:07,web-02,0.0545
2026-01-01T08:42:09,cache-01,0.6194
2026-01-01T08:42:44,web-05,1.4208
2026-01-01T08:42:59,web-02,0.2367
2026-01-01T08:43:12,db-03,0.1405
2026-01-01T08:43:45,hd-01,2.9665
2026-01-01T08:43:47,hd-01,0.5591
2026-01-01T08:44:07,cache-02,2.2022
2026-01-01T08:44:20,hd-01,41.9277
2026-01-01T08:44:25,hd-01,0.0843
2026-01-01T08:45:11,hd-02,1.0772
2026-01-01T08:45:37,cache-02,0.2076
2026-01-01T08:46:21,net-01,2.3573
2026-01-01T08:47:38,db-01,3.2832
2026-01-01T08:47:54,cache-02,0.6433
2026-01-01T08:48:01,cache-02,5.0631
2026-01-01T08:49:44,net-01,1.2363
2026-01-01T08:50:31,cache-02,0.9652
2026-01-01T08:51:21,cache-01,12.4233
2026-01-01T08:52:52,hd-02,4.4560
2026-01-01T08:53:22,lb-01,2.2530
2026-01-01T08:53:30,hd-02,0.2884
2026-01-01T08:53:40,cache-01,3.5452
2026-01-01T08:54:15,net-03,0.1705
2026-01-01T08:54:25,web-02,3.2938
2026-01-01T08:54:34,web-04,1.9202
2026-01-01T08:54:51,lb-02,1.8381
2026-01-01T08:55:00,lb-02,8.0230
2026-01-01T08:55:09,hd-01,0.0649
2026-01-01T08:55:39,web-01,0.0699
2026-01-01T08:57:16,net-02,8.7862
2026-01-01T08:57:43,net-01,2.6293
2026-01-01T08:58:41,cache-01,0.0609
2026-01-01T08:59:33,hd-02,2.0359
2026-01-01T09:00:33,net-03,2.6719
2026-01-01T09:01:55,web-01,0.2690
2026-01-01T09:02:18,cache-01,0.6046
2026-01-01T09:02:20,net-01,1.3081
2026-01-01T09:02:32,cache-03,3.8717
2026-01-01T09:02:48,web-01,0.0887
2026-01-01T09:02:52,lb-02,1.4781
2026-01-01T09:03:02,hd-02,0.1265
2026-01-01T09:03:14,hd-01,2.9010
2026-01-01T09:03:57,lb-01,3.7692
2026-01-01T09:04:00,net-02,25.8268
2026-01-01T09:04:12,db-03,8.5525
2026-01-01T09:04:19,hd-01,8.3991
2026-01-01T09:05:39,lb-02,1.6084
2026-01-01T09:05:58,lb-01,0.8615
2026-01-01T09:06:43,cache-03,2.5732
2026-01-01T09:07:31,net-02,5.2457
2026-01-01T09:07:35,hd-01,5.9503
2026-01-01T09:07:41,cache-01,0.4850
2026-01-01T09:08:22,db-03,0.4432
2026-01-01T09:08:25,db-02,5.7893
2026-01-01T09:09:04,net-04,0.7034
2026-01-01T09:09:28,web-03,29.9058
2026-01-01T09:10:16,cache-03,43.4739
2026-01-01T09:10:19,cache-01,7.1661
2026-01-01T09:10:40,hd-02,1.1058
2026-01-01T09:11:59,cache-02,11.0020
2026-01-01T09:12:02,lb-01,0.4925
2026-01-01T09:12:41,lb-02,2.9887
2026-01-01T09:12:42,hd-02,0.5024
2026-01-01T09:13:40,cache-02,5.1619
2026-01-01T09:13:48,db-01,6.2053
2026-01-01T09:14:29,net-03,0.2029
2026-01-01T09:15:35,net-01,0.2635
2026-01-01T09:15:50,lb-01,0.4883
2026-01-01T09:17:16,web-02,0.8385
2026-01-01T09:17:36,cache-03,0.4320
2026-01-01T09:18:10,lb-02,0.9989
2026-01-01T09:18:12,net-01,7.2389
2026-01-01T09:18:14,web-04,1.1741
2026-01-01T09:18:23,web-01,7.0708
2026-01-01T09:19:19,net-03,0.5447
2026-01-01T09:19:26,hd-02,2.7832
2026-01-01T09:21:11,cache-02,8.2718
2026-01-01T09:22:08,net-04,2.1131
2026-01-01T09:22:56,hd-02,4.9690
2026-01-01T09:23:22,cache-01,3.4041
2026-01-01T09:23:43,db-01,3.0862
2026-01-01T09:23:46,web-03,3.4708
2026-01-01T09:24:22,net-04,25.1416
2026-01-01T09:24:24,lb-02,2.4149
2026-01-01T09:24:28,web-04,1.9004
2026-01-01T09:24:29,net-04,1.5476
2026-01-01T09:26:52,db-01,3.7237
2026-01-01T09:27:04,hd-01,16.7929
2026-01-01T09:27:19,net-04,5.5778
2026-01-01T09:27:34,net-04,2.2597
2026-01-01T09:28:43,web-02,0.9563
2026-01-01T09:28:59,lb-01,1.1924
2026-01-01T09:29:04,cache-01,0.2841
2026-01-01T09:30:37,web-04,1.5152
2026-01-01T09:31:07,web-03,1.2416
2026-01-01T09:31:15,hd-02,5.9398
2026-01-01T09:32:03,lb-01,8.6498
2026-01-01T09:33:11,net-02,4.4996
2026-01-01T09:33:40,lb-01,0.8612
2026-01-01T09:34:40,net-01,8.4616
2026-01-01T09:35:26,hd-02,0.7238
2026-01-01T09:39:15,hd-01,13.7241
2026-01-01T09:39:47,web-02,44.7552
2026-01-01T09:40:57,net-02,2.1218
2026-01-01T09:41:13,net-04,1.4024
2026-01-01T09:41:49,net-03,1.7021
2026-01-01T09:42:04,net-01,1.1270
2026-01-01T09:42:37,web-01,3.5922
2026-01-01T09:43:59,db-01,0.0850
2026-01-01T09:44:09,net-01,0.5464
2026-01-01T09:44:15,cache-03,3.3591
2026-01-01T09:44:36,web-02,3.4188
2026-01-01T09:45:13,db-01,1.1102
2026-01-01T09:45:15,hd-01,2.4405
2026-01-01T09:45:36,lb-02,13.0461
2026-01-01T09:45:53,cache-02,1.3919
2026-01-01T09:49:44,hd-01,4.5060
2026-01-01T09:49:46,net-01,3.0503
2026-01-01T09:50:14,hd-02,1.9642
2026-01-01T09:50:43,web-03,2.8656
2026-01-01T09:50:52,net-04,0.5789
2026-01-01T09:51:00,net-03,12.3549
2026-01-01T09:51:02,cache-01,1.3742
2026-01-01T09:51:03,cache-03,0.2440
2026-01-01T09:51:04,net-03,0.0359
2026-01-01T09:52:03,hd-02,1.2192
2026-01-01T09:53:27,lb-01,4.9930
2026-01-01T09:55:03,net-03,0.6449
2026-01-01T09:55:07,web-01,1.5442
2026-01-01T09:55:14,cache-03,1.0881
2026-01-01T09:57:02,web-05,0.8496
2026-01-01T09:57:12,net-04,0.7249
2026-01-01T09:58:08,net-01,9.4573
2026-01-01T09:58:23,hd-02,3.5692
2026-01-01T09:58:24,cache-01,1.9850
2026-01-01T09:58:45,net-02,3.2978
2026-01-01T09:58:49,net-04,2.2398
2026-01-01T10:01:06,cache-02,6.7785
2026-01-01T10:01:19,cache-01,5.1762
2026-01-01T10:01:35,web-02,1.6023
2026-01-01T10:02:02,web-01,1.2408
2026-01-01T10:02:28,lb-02,0.2460
2026-01-01T10:02:42,db-03,1.8311
2026-01-01T10:03:21,net-04,8.3458
2026-01-01T10:03:35,db-03,15.9124
2026-01-01T10:04:18,hd-01,0.5237
2026-01-01T10:05:27,web-02,0.1935
2026-01-01T10:05:27,lb-02,1.5282
2026-01-01T10:05:41,lb-01,0.4411
2026-01-01T10:05:45,cache-01,7.2487
2026-01-01T10:06:28,db-02,0.8170
2026-01-01T10:07:11,lb-02,1.0367
2026-01-01T10:07:24,web-05,0.9821
2026-01-01T10:07:44,lb-01,2.3364
2026-01-01T10:09:07,db-01,0.4030
2026-01-01T10:09:41,hd-02,0.3131
2026-01-01T10:10:46,hd-01,2.1872
2026-01-01T10:11:03,lb-01,0.1696
2026-01-01T10:11:04,lb-02,6.4077
2026-01-01T10:11:08,cache-03,3.0068
2026-01-01T10:11:16,cache-03,0.0926
2026-01-01T10:11:24,web-01,7.1420
2026-01-01T10:12:20,lb-01,24.0601
2026-01-01T10:12:31,hd-01,2.4607
2026-01-01T10:12:31,hd-02,0.6439
2026-01-01T10:14:16,hd-02,2.7297
2026-01-01T10:14:36,net-03,3.2395
2026-01-01T10:14:52,db-02,3.4006
2026-01-01T10:14:59,db-02,3.4091
2026-01-01T10:15:32,net-04,1.4989
2026-01-01T10:17:34,web-05,0.7156
2026-01-01T10:17:57,web-05,1.7720
2026-01-01T10:18:07,db-02,2.2172
2026-01-01T10:18:08,lb-02,12.6115
2026-01-01T10:18:20,net-04,0.8071
2026-01-01T10:18:35,web-03,2.9206
2026-01-01T10:19:14,db-01,0.7943
2026-01-01T10:19:19,db-03,9.8119
2026-01-01T10:19:42,web-04,0.8536
2026-01-01T10:19:43,db-01,0.1923
2026-01-01T10:20:23,db-03,3.8041
2026-01-01T10:20:30,db-03,2.2373
2026-01-01T10:20:59,hd-02,1.5316
2026-01-01T10:21:19,net-03,2.3509
2026-01-01T10:23:19,cache-03,0.0675
2026-01-01T10:23:34,db-03,10.0174
2026-01-01T10:23:54,hd-02,2.8934
2026-01-01T10:23:57,db-02,1.9634
2026-01-01T10:24:13,hd-01,2.8310
2026-01-01T10:25:12,cache-03,2.8097
2026-01-01T10:25:12,cache-02,1.4344
2026-01-01T10:25:31,cache-01,0.6724
2026-01-01T10:25:40,web-04,4.1304
2026-01-01T10:27:21,cache-01,3.6372
2026-01-01T10:27:33,net-01,1.5516
2026-01-01T10:27:47,net-01,8.0923
2026-01-01T10:28:14,cache-03,0.0477
2026-01-01T10:28:53,hd-02,0.5853
2026-01-01T10:29:18,hd-02,6.3327
2026-01-01T10:29:23,lb-02,4.8108
2026-01-01T10:31:04,lb-02,3.8534
2026-01-01T10:32:41,cache-02,0.2808
2026-01-01T10:35:20,lb-01,3.9110
2026-01-01T10:37:55,hd-01,2.6502
2026-01-01T10:38:05,db-03,1.2528
2026-01-01T10:38:12,hd-02,0.8996
2026-01-01T10:38:24,cache-01,1.1855
2026-01-01T10:38:28,cache-01,0.0513
2026-01-01T10:38:38,net-03,3.0703
2026-01-01T10:38:41,web-04,1.3260
2026-01-01T10:39:23,net-04,11.1946
2026-01-01T10:39:38,net-01,0.3889
2026-01-01T10:40:02,hd-01,4.7098
2026-01-01T10:40:09,cache-02,1.9627
2026-01-01T10:40:59,hd-01,4.6594
2026-01-01T10:41:19,cache-03,1.5723
2026-01-01T10:41:36,net-03,0.3767
2026-01-01T10:41:43,net-01,0.1142
2026-01-01T10:42:11,lb-01,0.1535
2026-01-01T10:42:32,db-01,8.9690
2026-01-01T10:44:34,db-03,0.3725
2026-01-01T10:44:45,db-02,8.8833
2026-01-01T10:44:48,web-04,1.3989
2026-01-01T10:45:06,db-03,5.8666
2026-01-01T10:46:02,net-01,1.9177
2026-01-01T10:47:10,lb-01,0.7629
2026-01-01T10:48:12,web-01,7.1816
2026-01-01T10:48:21,net-01,2.3962
2026-01-01T10:49:01,lb-02,1.8882
2026-01-01T10:49:22,cache-02,0.6221
2026-01-01T10:50:00,net-04,1.3155
2026-01-01T10:50:19,net-02,0.7108
2026-01-01T10:50:26,net-03,21.0706
2026-01-01T10:51:21,cache-03,4.4926
2026-01-01T10:52:31,hd-01,2.0942
2026-01-01T10:52:38,cache-03,0.3673
2026-01-01T10:52:45,lb-02,0.0364
2026-01-01T10:53:03,hd-01,3.9174
2026-01-01T10:54:11,hd-02,5.3755
2026-01-01T10:55:30,web-03,5.7100
2026-01-01T10:56:19,cache-03,3.2724
2026-01-01T10:56:28,db-03,0.1023
2026-01-01T10:56:37,cache-03,4.0361
2026-01-01T10:56:57,hd-01,0.4655
2026-01-01T10:57:18,net-01,4.0544
2026-01-01T10:57:29,db-03,0.6975
2026-01-01T10:57:37,db-01,0.6795
2026-01-01T10:58:27,lb-01,4.8374
2026-01-01T10:59:24,lb-01,2.3353
2026-01-01T10:59:41,lb-02,7.0419
2026-01-01T10:59:48,web-02,6.4485
2026-01-01T10:59:52,cache-02,1.1127
2026-01-01T11:00:15,cache-02,0.9978
2026-01-01T11:00:41,db-01,2.5338
2026-01-01T11:02:15,net-01,2.0591
2026-01-01T11:02:20,lb-02,1.8923
2026-01-01T11:02:54,web-02,0.5493
2026-01-01T11:03:14,lb-02,4.7963
2026-01-01T11:04:08,net-02,2.6946
2026-01-01T11:06:39,lb-02,2.1956
2026-01-01T11:07:02,db-02,2.9619
2026-01-01T11:07:52,cache-02,0.4928
2026-01-01T11:08:09,cache-02,1.7496
2026-01-01T11:08:22,hd-01,5.7797
2026-01-01T11:08:39,net-02,10.6699
2026-01-01T11:08:45,lb-01,4.2080
2026-01-01T11:09:34,net-03,1.4818
2026-01-01T11:10:02,hd-02,1.1832
2026-01-01T11:11:01,lb-02,1.3619
2026-01-01T11:11:13,lb-01,1.5715
2026-01-01T11:12:19,cache-02,5.3007
2026-01-01T11:13:08,lb-02,0.7496
2026-01-01T11:13:39,web-04,2.1248
2026-01-01T11:14:10,cache-03,1.0586
2026-01-01T11:15:11,db-01,0.4954
2026-01-01T11:15:45,lb-02,3.8423
2026-01-01T11:15:51,web-02,0.1084
2026-01-01T11:16:36,db-01,9.4803
2026-01-01T11:17:23,hd-02,3.1397
2026-01-01T11:18:00,lb-02,18.5808
2026-01-01T11:19:16,web-01,1.1692
2026-01-01T11:19:59,net-01,0.7810
2026-01-01T11:20:16,lb-01,1.1888
2026-01-01T11:20:30,lb-01,0.8486
2026-01-01T11:20:48,lb-02,0.1915
2026-01-01T11:21:40,db-01,0.4989
2026-01-01T11:21:56,net-03,2.8854
2026-01-01T11:22:16,hd-02,2.4300
2026-01-01T11:22:18,net-02,8.0512
2026-01-01T11:22:48,cache-03,0.9625
2026-01-01T11:24:00,cache-02,8.4628
2026-01-01T11:24:24,db-01,1.3646
2026-01-01T11:25:21,net-02,3.0122
2026-01-01T11:27:00,cache-03,1.0794
2026-01-01T11:27:08,lb-01,2.3272
2026-01-01T11:27:23,lb-02,3.9092
2026-01-01T11:27:29,net-01,0.5261
2026-01-01T11:27:31,lb-01,1.0840
2026-01-01T11:27:42,net-03,0.9240
2026-01-01T11:27:47,web-04,3.2911
2026-01-01T11:27:50,lb-01,7.2015
2026-01-01T11:28:10,lb-01,1.3971
2026-01-01T11:28:18,cache-01,1.3819
2026-01-01T11:28:39,net-02,2.0914
2026-01-01T11:28:58,net-03,4.8567
2026-01-01T11:29:07,net-04,6.0646
2026-01-01T11:29:10,lb-02,4.1812
2026-01-01T11:29:26,net-01,3.6781
2026-01-01T11:29:38,cache-03,0.3034
2026-01-01T11:30:13,cache-01,3.2175
2026-01-01T11:30:18,net-01,3.7626
2026-01-01T11:30:41,net-03,0.2883
2026-01-01T11:31:26,hd-02,7.6221
2026-01-01T11:32:17,web-03,0.5988
2026-01-01T11:32:39,lb-02,0.1492
2026-01-01T11:34:17,hd-02,19.2374
2026-01-01T11:36:15,net-03,0.0901
2026-01-01T11:37:09,web-03,2.8011
2026-01-01T11:37:39,db-03,4.6794
2026-01-01T11:38:21,db-01,3.5292
2026-01-01T11:38:53,hd-01,7.4619
2026-01-01T11:39:07,hd-02,0.4664
2026-01-01T11:39:42,hd-02,3.0593
2026-01-01T11:39:53,db-03,0.4152
2026-01-01T11:40:11,db-01,0.7033
2026-01-01T11:41:01,web-01,0.0066
2026-01-01T11:41:21,db-03,6.7496
2026-01-01T11:41:47,cache-01,1.9681
2026-01-01T11:41:47,db-02,0.2047
2026-01-01T11:41:55,web-04,33.5100
2026-01-01T11:41:57,lb-02,0.6069
2026-01-01T11:42:10,cache-03,0.1854
2026-01-01T11:42:36,cache-03,4.9109
2026-01-01T11:42:47,net-02,0.5613
2026-01-01T11:42:51,db-02,0.1707
2026-01-01T11:43:40,lb-01,0.8404
2026-01-01T11:44:11,cache-01,3.3000
2026-01-01T11:44:14,cache-01,8.8225
2026-01-01T11:44:41,net-04,2.2150
2026-01-01T11:46:34,db-01,1.3697
2026-01-01T11:46:56,web-04,1.7770
2026-01-01T11:46:59,hd-01,4.1230
2026-01-01T11:47:33,net-04,1.3712
2026-01-01T11:48:22,web-05,2.8768
2026-01-01T11:48:33,cache-02,1.7765
2026-01-01T11:48:37,cache-01,6.4075
2026-01-01T11:48:54,db-02,15.8660
2026-01-01T11:49:51,net-02,6.6527
2026-01-01T11:51:07,db-01,1.8449
2026-01-01T11:51:14,cache-01,0.6314
2026-01-01T11:51:40,hd-02,1.9425
2026-01-01T11:51:52,lb-01,0.4912
2026-01-01T11:52:08,web-03,3.0652
2026-01-01T11:53:04,cache-03,4.7341
2026-01-01T11:54:09,cache-02,1.9615
2026-01-01T11:55:18,web-01,0.8269
2026-01-01T11:55:45,db-01,0.6051
2026-01-01T11:56:20,lb-02,3.9549
2026-01-01T11:56:31,cache-03,2.2099
2026-01-01T11:57:07,net-04,1.5339
2026-01-01T11:57:08,web-05,8.5521
2026-01-01T11:57:52,web-01,1.0825
2026-01-01T11:58:07,db-01,1.7302
2026-01-01T11:59:02,hd-02,0.2081
2026-01-01T11:59:43,db-03,6.0184
2026-01-01T11:59:58,cache-01,1.0576
2026-01-01T12:00:16,hd-02,0.3355
2026-01-01T12:00:37,hd-02,2.6217
2026-01-01T12:00:46,hd-01,0.3346
2026-01-01T12:02:57,hd-02,3.6414
2026-01-01T12:03:46,db-03,0.5527
2026-01-01T12:04:06,web-05,4.1365
2026-01-01T12:04:49,cache-01,2.2926
2026-01-01T12:05:04,cache-01,0.3440
2026-01-01T12:05:16,hd-01,1.6629
2026-01-01T12:05:22,net-01,0.0076
2026-01-01T12:05:51,db-02,0.8183
2026-01-01T12:05:55,db-01,1.1376
2026-01-01T12:06:46,net-03,3.0005
2026-01-01T12:07:30,cache-03,0.7319
2026-01-01T12:08:22,hd-02,23.0746
2026-01-01T12:08:27,lb-02,1.8805
2026-01-01T12:09:32,cache-03,0.6653
2026-01-01T12:10:00,web-02,0.0072
2026-01-01T12:10:05,net-03,4.3249
2026-01-01T12:12:26,net-01,1.4104
2026-01-01T12:12:41,net-02,1.1563
2026-01-01T12:14:53,cache-02,11.1397
2026-01-01T12:15:29,cache-03,0.3682
2026-01-01T12:16:20,db-01,1.4866
2026-01-01T12:16:54,hd-02,1.2852
2026-01-01T12:17:14,lb-02,3.2354
2026-01-01T12:17:33,net-01,0.0253
2026-01-01T12:17:43,lb-01,7.1924
2026-01-01T12:19:39,cache-02,3.5371
2026-01-01T12:20:28,net-02,11.0229
2026-01-01T12:22:05,db-01,27.3089
2026-01-01T12:22:13,db-03,2.5157
2026-01-01T12:23:42,web-05,7.4856
2026-01-01T12:23:49,hd-01,42.9822
2026-01-01T12:24:42,cache-01,2.3384
2026-01-01T12:25:25,db-03,1.6707
2026-01-01T12:25:28,lb-02,2.7185
2026-01-01T12:25:33,db-02,0.0724
2026-01-01T12:26:50,web-01,6.0592
2026-01-01T12:27:16,web-03,0.6839
2026-01-01T12:27:19,cache-03,0.2406
2026-01-01T12:27:52,net-03,1.7576
2026-01-01T12:27:53,db-02,1.4457
2026-01-01T12:27:59,db-03,0.1757
2026-01-01T12:28:09,web-03,0.8735
2026-01-01T12:30:23,web-03,12.4833
2026-01-01T12:30:30,web-04,1.1892
2026-01-01T12:30:34,cache-01,1.6119
2026-01-01T12:30:55,lb-02,2.6812
2026-01-01T12:31:07,hd-01,0.0086
2026-01-01T12:31:28,web-03,0.2287
2026-01-01T12:31:46,web-04,5.4934
2026-01-01T12:32:08,lb-01,4.4263
2026-01-01T12:32:16,db-03,3.7250
2026-01-01T12:32:50,hd-02,1.8172
2026-01-01T12:33:35,lb-01,14.7949
2026-01-01T12:34:18,web-02,0.0741
2026-01-01T12:34:49,net-03,2.5484
2026-01-01T12:35:21,web-02,2.3584
2026-01-01T12:35:32,lb-02,1.6764
2026-01-01T12:35:50,db-02,1.3317
2026-01-01T12:38:36,cache-03,16.9833
2026-01-01T12:38:37,net-02,6.2555
2026-01-01T12:39:04,web-05,0.8609
2026-01-01T12:39:37,cache-03,0.9661
2026-01-01T12:40:21,cache-01,0.0245
2026-01-01T12:41:01,web-04,3.5399
2026-01-01T12:41:40,cache-03,6.2504
2026-01-01T12:41:51,db-02,0.8476
2026-01-01T12:42:24,hd-02,1.1001
2026-01-01T12:42:28,db-02,5.8779
2026-01-01T12:42:52,lb-01,3.6929
2026-01-01T12:43:18,cache-03,0.7835
2026-01-01T12:43:22,lb-01,12.6945
2026-01-01T12:44:55,web-03,0.7686
2026-01-01T12:46:04,db-01,0.0943
2026-01-01T12:46:41,web-02,0.3286
2026-01-01T12:47:22,web-03,0.7526
2026-01-01T12:47:23,cache-03,2.2728
2026-01-01T12:47:32,hd-02,0.1892
2026-01-01T12:48:28,cache-01,6.3603
2026-01-01T12:49:54,db-01,0.5473
2026-01-01T12:50:32,net-03,3.2131
2026-01-01T12:52:05,hd-01,11.7621
2026-01-01T12:52:10,hd-01,6.9838
2026-01-01T12:52:44,cache-02,6.2917
2026-01-01T12:52:45,lb-02,0.8608
2026-01-01T12:52:51,web-01,6.1472
2026-01-01T12:52:57,db-01,14.0437
2026-01-01T12:53:33,db-02,2.6364
2026-01-01T12:54:06,lb-02,0.8633
2026-01-01T12:54:19,cache-01,6.7505
2026-01-01T12:55:03,hd-02,3.9585
2026-01-01T12:55:15,cache-03,0.4650
2026-01-01T12:55:55,db-02,0.7426
2026-01-01T12:55:56,web-02,2.9564
2026-01-01T12:57:06,lb-01,11.6249
2026-01-01T12:57:10,hd-01,4.3817
2026-01-01T12:58:14,cache-01,0.0501
2026-01-01T12:58:58,db-02,0.8650
2026-01-01T12:59:09,hd-02,2.0502
2026-01-01T12:59:24,cache-03,4.6217
2026-01-01T12:59:49,net-01,1.7243
2026-01-01T13:00:00,net-02,0.0085
2026-01-01T13:00:42,lb-01,1.1953
2026-01-01T13:02:49,db-02,0.4644
2026-01-01T13:02:59,net-03,0.6449
2026-01-01T13:03:28,lb-01,0.9164
2026-01-01T13:03:52,lb-02,2.6027
2026-01-01T13:04:45,web-05,0.3015
2026-01-01T13:05:38,net-03,0.8406
2026-01-01T13:05:43,net-04,3.5201
2026-01-01T13:05:52,cache-02,1.0076
2026-01-01T13:06:03,hd-02,6.3172
2026-01-01T13:07:44,web-05,1.1307
2026-01-01T13:07:59,lb-02,0.2828
2026-01-01T13:08:31,web-05,0.6623
2026-01-01T13:08:46,lb-02,6.9297
2026-01-01T13:08:52,hd-01,0.7140
2026-01-01T13:09:41,web-03,11.0314
2026-01-01T13:10:31,cache-02,3.8153
2026-01-01T13:11:23,db-01,3.7481
2026-01-01T13:12:06,net-03,1.4259
2026-01-01T13:12:14,cache-02,3.1696
2026-01-01T13:12:50,lb-01,1.9252
2026-01-01T13:13:22,cache-01,14.2103
2026-01-01T13:14:02,hd-01,0.2000
2026-01-01T13:14:54,hd-01,1.8735
2026-01-01T13:15:51,db-02,1.2470
2026-01-01T13:15:55,db-03,5.1758
2026-01-01T13:17:03,net-02,1.7863
2026-01-01T13:17:26,db-03,11.7076
2026-01-01T13:17:34,hd-01,7.1372
2026-01-01T13:18:07,cache-03,4.5182
2026-01-01T13:18:26,web-05,1.6869
2026-01-01T13:18:37,hd-02,1.5390
2026-01-01T13:19:23,db-03,1.8133
2026-01-01T13:19:30,cache-02,9.2403
2026-01-01T13:20:20,net-01,20.8071
2026-01-01T13:20:21,db-02,0.8401
2026-01-01T13:20:54,lb-02,0.3771
2026-01-01T13:21:46,hd-01,5.1217
2026-01-01T13:22:31,db-03,3.2348
2026-01-01T13:22:33,net-02,0.8155
2026-01-01T13:22:58,net-03,27.2213
2026-01-01T13:23:28,web-03,3.2544
2026-01-01T13:24:02,hd-01,4.9412
2026-01-01T13:24:03,web-04,3.1639
2026-01-01T13:24:26,hd-01,0.6460
2026-01-01T13:24:45,db-01,1.1704
2026-01-01T13:24:51,web-04,0.7173
2026-01-01T13:25:03,cache-01,0.6229
2026-01-01T13:25:17,web-03,2.7041
2026-01-01T13:25:37,db-03,0.1497
2026-01-01T13:25:42,lb-02,0.4292
2026-01-01T13:26:41,db-03,1.7075
2026-01-01T13:27:22,cache-03,3.0280
2026-01-01T13:27:23,hd-01,2.7466
2026-01-01T13:27:42,net-04,1.7390
2026-01-01T13:28:26,hd-01,1.9042
2026-01-01T13:29:00,web-01,20.6556
2026-01-01T13:29:26,hd-02,4.9640
2026-01-01T13:30:33,db-03,0.9301
2026-01-01T13:30:56,lb-02,8.8140
2026-01-01T13:31:24,web-02,0.4351
2026-01-01T13:31:32,db-03,0.6569
2026-01-01T13:33:15,db-01,5.2007
2026-01-01T13:33:16,web-03,16.2242
2026-01-01T13:33:58,db-02,0.4065
2026-01-01T13:34:18,lb-01,3.0398
2026-01-01T13:34:41,db-03,0.2235
2026-01-01T13:35:14,web-04,0.7108
2026-01-01T13:35:22,db-03,7.2072
2026-01-01T13:35:30,cache-01,2.6084
2026-01-01T13:36:13,cache-01,2.8658
2026-01-01T13:36:15,net-04,5.0010
2026-01-01T13:36:47,db-02,1.9719
2026-01-01T13:36:50,hd-02,4.0486
2026-01-01T13:37:00,net-01,0.8395
2026-01-01T13:37:09,web-02,1.6260
2026-01-01T13:39:02,db-02,49.8713
2026-01-01T13:39:56,hd-02,0.0357
2026-01-01T13:40:14,web-05,1.4548
2026-01-01T13:40:53,hd-02,16.0482
2026-01-01T13:41:54,hd-02,0.3264
2026-01-01T13:42:06,lb-01,0.7888
2026-01-01T13:42:15,cache-03,4.9997
2026-01-01T13:42:50,cache-01,3.5518
2026-01-01T13:44:17,cache-03,0.6626
2026-01-01T13:44:24,net-04,0.1772
2026-01-01T13:44:52,db-03,1.5478
2026-01-01T13:45:11,web-02,1.0539
2026-01-01T13:45:50,web-04,2.1456
2026-01-01T13:45:55,lb-01,2.6980
2026-01-01T13:46:31,net-02,6.2012
2026-01-01T13:47:47,web-04,3.2218
2026-01-01T13:47:57,hd-02,4.0835
2026-01-01T13:48:49,db-03,0.7165
2026-01-01T13:49:55,db-03,4.8489
2026-01-01T13:50:29,hd-01,1.3032
2026-01-01T13:50:56,net-02,2.3647
2026-01-01T13:51:06,net-01,1.9716
2026-01-01T13:51:46,net-03,16.8003
2026-01-01T13:51:48,hd-01,6.8399
2026-01-01T13:52:33,web-02,0.7315
2026-01-01T13:56:20,db-02,7.5587
2026-01-01T13:56:37,lb-01,2.8648
2026-01-01T13:56:41,net-01,3.1710
2026-01-01T13:57:27,net-01,2.6040
2026-01-01T13:57:38,db-01,0.8976
2026-01-01T13:57:51,db-01,0.9225
2026-01-01T13:57:55,db-03,0.6666
2026-01-01T13:58:05,lb-02,0.6475
2026-01-01T13:58:42,web-03,1.1692
2026-01-01T13:59:14,cache-01,3.0417
2026-01-01T13:59:47,net-04,0.2094
2026-01-01T14:01:28,db-01,4.3056
2026-01-01T14:02:10,net-02,1.6589
2026-01-01T14:02:27,db-02,0.6735
2026-01-01T14:02:46,web-02,0.3499
2026-01-01T14:04:03,cache-03,12.6924
2026-01-01T14:05:02,hd-01,4.1922
2026-01-01T14:05:49,db-03,0.2797
2026-01-01T14:07:00,web-03,1.6643
2026-01-01T14:07:13,hd-01,1.1345
2026-01-01T14:07:55,net-02,6.7227
2026-01-01T14:07:56,lb-02,4.3473
2026-01-01T14:08:11,hd-01,37.4496
2026-01-01T14:08:15,lb-02,5.3715
2026-01-01T14:08:39,net-04,1.2191
2026-01-01T14:09:45,lb-02,1.5916
2026-01-01T14:10:58,hd-01,13.0179
2026-01-01T14:11:11,hd-01,30.3364
2026-01-01T14:11:41,lb-01,3.1701
2026-01-01T14:11:51,hd-02,0.9967
2026-01-01T14:12:31,hd-01,0.2903
2026-01-01T14:12:42,cache-03,0.5117
2026-01-01T14:12:55,net-01,24.0594
2026-01-01T14:13:37,hd-02,0.2251
2026-01-01T14:15:26,net-01,4.9359
2026-01-01T14:15:56,web-03,0.6906
2026-01-01T14:16:34,web-02,1.0730
2026-01-01T14:16:43,cache-02,0.2264
2026-01-01T14:17:08,hd-02,0.1915
2026-01-01T14:17:10,db-03,2.4105
2026-01-01T14:20:36,net-03,0.2547
2026-01-01T14:21:08,hd-01,0.8909
2026-01-01T14:21:17,db-02,0.5021
2026-01-01T14:21:39,hd-01,0.0238
2026-01-01T14:21:52,cache-03,1.8935
2026-01-01T14:25:18,web-02,0.5969
2026-01-01T14:26:26,hd-01,6.2937
2026-01-01T14:26:50,db-03,5.1691
2026-01-01T14:27:17,net-01,0.1605
2026-01-01T14:27:27,net-02,4.3642
2026-01-01T14:28:39,lb-02,3.1810
2026-01-01T14:28:42,web-02,0.0106
2026-01-01T14:28:51,web-04,12.2418
2026-01-01T14:29:26,web-02,4.6427
2026-01-01T14:29:29,hd-01,1.9160
2026-01-01T14:29:36,cache-03,7.7366
2026-01-01T14:29:59,lb-01,16.0280
2026-01-01T14:30:17,net-03,1.2586
2026-01-01T14:30:56,lb-01,42.0748
2026-01-01T14:31:51,db-03,1.0110
2026-01-01T14:32:12,cache-02,1.3055
2026-01-01T14:32:21,cache-03,2.5115
2026-01-01T14:32:44,cache-02,0.7064
2026-01-01T14:33:06,cache-01,2.1054
2026-01-01T14:33:47,db-01,3.3152
2026-01-01T14:33:57,web-04,3.2342
2026-01-01T14:34:29,lb-02,1.7789
2026-01-01T14:35:15,net-04,17.4403
2026-01-01T14:35:43,net-01,4.6773
2026-01-01T14:35:48,db-01,2.5306
2026-01-01T14:36:33,web-03,0.6276
2026-01-01T14:36:55,net-01,0.9678
2026-01-01T14:37:17,web-05,1.0115
2026-01-01T14:37:38,lb-02,5.6417
2026-01-01T14:38:27,net-02,2.2502
2026-01-01T14:38:39,lb-01,0.4799
2026-01-01T14:38:56,lb-02,0.7776
2026-01-01T14:39:13,net-04,6.9682
2026-01-01T14:39:27,lb-01,38.4746
2026-01-01T14:39:42,cache-03,1.1467
2026-01-01T14:40:01,net-02,1.7166
2026-01-01T14:40:06,net-03,1.2949
2026-01-01T14:40:14,web-04,1.2210
2026-01-01T14:40:27,net-03,0.9586
2026-01-01T14:40:32,lb-02,0.2258
2026-01-01T14:41:05,cache-03,2.1497
2026-01-01T14:41:06,lb-02,6.9061
2026-01-01T14:41:38,web-02,0.9335
2026-01-01T14:41:49,db-01,1.0101
2026-01-01T14:42:01,lb-02,5.0836
2026-01-01T14:42:24,hd-02,3.0335
2026-01-01T14:42:55,hd-02,53.2695
2026-01-01T14:43:04,cache-01,6.3661
2026-01-01T14:43:27,lb-02,0.2785
2026-01-01T14:43:43,hd-01,0.8172
2026-01-01T14:44:30,hd-02,0.0404
2026-01-01T14:45:29,net-04,0.1072
2026-01-01T14:45:44,hd-02,0.2158
2026-01-01T14:45:53,web-04,4.6900
2026-01-01T14:46:43,web-01,0.0968
2026-01-01T14:46:51,lb-02,5.8773
2026-01-01T14:47:02,db-01,1.4732
2026-01-01T14:47:35,cache-02,1.8846
2026-01-01T14:48:33,hd-02,0.7124
2026-01-01T14:48:35,lb-02,11.9679
2026-01-01T14:48:36,web-04,1.7601
2026-01-01T14:49:05,net-03,6.8366
2026-01-01T14:50:47,hd-01,5.6170
2026-01-01T14:52:09,db-01,8.0907
2026-01-01T14:52:48,db-02,0.0167
2026-01-01T14:52:56,lb-02,1.0985
2026-01-01T14:52:59,lb-01,0.3670
2026-01-01T14:53:00,lb-01,0.9899
2026-01-01T14:53:02,net-01,0.2290
2026-01-01T14:53:21,net-01,0.3600
2026-01-01T14:53:36,cache-01,0.6636
2026-01-01T14:54:19,lb-01,8.8311
2026-01-01T14:54:59,hd-02,3.0988
2026-01-01T14:56:00,cache-01,8.1323
2026-01-01T14:56:25,lb-01,0.3694
2026-01-01T14:56:49,lb-01,3.5295
2026-01-01T14:57:00,lb-02,18.0693
2026-01-01T14:57:08,hd-02,0.3407
2026-01-01T14:58:03,net-02,1.6221
2026-01-01T14:58:32,web-05,2.4604
2026-01-01T14:59:00,net-02,1.3811
2026-01-01T14:59:15,lb-02,0.6956
2026-01-01T14:59:17,web-03,11.1995
2026-01-01T15:00:17,cache-02,4.9903
2026-01-01T15:01:02,lb-02,0.1126
2026-01-01T15:02:30,cache-02,5.3028
2026-01-01T15:03:09,db-02,0.0416
2026-01-01T15:03:19,db-03,11.7676
2026-01-01T15:03:37,hd-01,0.0415
2026-01-01T15:04:01,net-03,0.3571
2026-01-01T15:04:28,lb-01,7.3860
2026-01-01T15:05:12,hd-02,0.2738
2026-01-01T15:05:16,hd-01,4.5708
2026-01-01T15:05:58,hd-01,1.4164
2026-01-01T15:06:52,net-02,0.6637
2026-01-01T15:07:47,web-02,16.4901
2026-01-01T15:07:50,db-02,1.7351
2026-01-01T15:08:12,web-02,2.5468
2026-01-01T15:08:18,web-05,1.3474
2026-01-01T15:08:36,hd-02,0.2970
2026-01-01T15:09:14,db-03,6.6601
2026-01-01T15:09:16,db-03,3.0980
2026-01-01T15:09:23,net-01,2.4075
2026-01-01T15:09:36,cache-03,0.1093
2026-01-01T15:10:24,cache-03,3.1830
2026-01-01T15:10:45,net-01,0.5307
2026-01-01T15:11:15,net-02,3.7975
2026-01-01T15:11:59,lb-02,2.0080
2026-01-01T15:12:11,lb-01,5.2479
2026-01-01T15:12:19,lb-02,13.6263
2026-01-01T15:12:30,db-03,1.1490
2026-01-01T15:12:41,net-03,0.0351
2026-01-01T15:13:55,lb-02,9.6162
2026-01-01T15:14:15,hd-02,0.2943
2026-01-01T15:15:06,cache-01,2.2691
2026-01-01T15:15:18,hd-02,5.3827
2026-01-01T15:15:28,db-01,0.4162
2026-01-01T15:16:18,net-04,1.5443
2026-01-01T15:16:38,cache-01,4.7895
2026-01-01T15:17:09,lb-02,0.8348
2026-01-01T15:18:11,net-03,9.3910
2026-01-01T15:18:32,db-02,2.7254
2026-01-01T15:18:36,net-01,2.2456
2026-01-01T15:19:18,lb-01,1.7049
2026-01-01T15:19:30,lb-01,3.4754
2026-01-01T15:19:44,hd-02,0.7576
2026-01-01T15:20:11,cache-02,0.3028
2026-01-01T15:20:25,db-01,0.7572
2026-01-01T15:20:27,hd-02,1.9648
2026-01-01T15:20:49,db-01,10.0061
2026-01-01T15:21:17,net-02,0.8906
2026-01-01T15:23:29,web-02,1.4380
2026-01-01T15:23:56,hd-02,4.4958
2026-01-01T15:25:24,cache-02,1.4752
2026-01-01T15:25:37,db-02,4.0937
2026-01-01T15:26:15,db-01,11.9430
2026-01-01T15:27:25,web-05,0.6820
2026-01-01T15:28:01,hd-01,0.2366
2026-01-01T15:28:32,hd-01,2.0067
2026-01-01T15:28:34,lb-01,0.6079
2026-01-01T15:28:34,db-03,1.1685
2026-01-01T15:28:36,hd-02,1.1504
2026-01-01T15:28:37,net-04,1.7366
2026-01-01T15:29:11,web-05,3.9008
2026-01-01T15:29:37,web-04,13.7199
2026-01-01T15:29:37,cache-01,3.1204
2026-01-01T15:30:02,web-03,0.8304
2026-01-01T15:31:33,cache-02,0.4281
2026-01-01T15:31:47,hd-02,0.3721
2026-01-01T15:32:15,hd-02,1.3633
2026-01-01T15:32:15,lb-01,0.0723
2026-01-01T15:32:44,hd-02,4.5976
2026-01-01T15:32:52,lb-02,3.8942
2026-01-01T15:33:38,net-03,2.0145
2026-01-01T15:33:57,net-04,4.3781
2026-01-01T15:34:07,web-02,0.6252
2026-01-01T15:35:59,db-01,0.0916
2026-01-01T15:36:56,hd-01,1.5537
2026-01-01T15:37:12,cache-03,0.2686
2026-01-01T15:37:22,hd-01,2.7309
2026-01-01T15:37:29,db-02,0.4201
2026-01-01T15:37:35,hd-02,0.1940
2026-01-01T15:38:28,cache-02,11.2536
2026-01-01T15:40:15,lb-01,0.4573
2026-01-01T15:40:30,net-03,1.0477
2026-01-01T15:40:33,net-01,3.0999
2026-01-01T15:41:01,net-03,6.0243
2026-01-01T15:41:15,net-02,0.9300
2026-01-01T15:41:30,cache-02,0.4153
2026-01-01T15:41:46,lb-02,1.6915
2026-01-01T15:42:02,net-01,4.6352
2026-01-01T15:42:37,net-01,1.3635
2026-01-01T15:43:36,net-02,10.8634
2026-01-01T15:45:08,net-01,3.7910
2026-01-01T15:45:31,net-01,1.8781
2026-01-01T15:45:36,lb-02,1.1836
2026-01-01T15:46:37,net-01,0.5250
2026-01-01T15:46:41,web-01,14.9914
2026-01-01T15:47:09,web-03,0.1810
2026-01-01T15:47:58,cache-02,0.9565
2026-01-01T15:48:52,db-01,12.0181
2026-01-01T15:49:25,web-03,0.1826
2026-01-01T15:49:41,net-01,1.9096
2026-01-01T15:49:52,web-04,0.1807
2026-01-01T15:50:09,db-03,1.6927
2026-01-01T15:50:13,net-03,2.9928
2026-01-01T15:50:32,db-02,0.3101
2026-01-01T15:50:36,lb-01,2.2708
2026-01-01T15:51:06,lb-01,1.9446
2026-01-01T15:51:49,hd-02,7.0164
2026-01-01T15:52:09,hd-02,2.7640
2026-01-01T15:53:52,hd-02,6.1805
2026-01-01T15:54:36,db-01,5.5195
2026-01-01T15:54:43,hd-01,0.6338
2026-01-01T15:55:29,hd-01,0.1612
2026-01-01T15:55:54,db-01,2.0408
2026-01-01T15:56:05,cache-02,0.0753
2026-01-01T15:56:07,hd-02,0.3511
2026-01-01T15:57:09,lb-01,1.4175
2026-01-01T15:58:46,hd-01,2.7287
2026-01-01T15:59:47,web-01,1.5726
2026-01-01T16:00:20,cache-02,7.0317
2026-01-01T16:01:37,cache-02,5.0153
2026-01-01T16:02:03,lb-01,0.9117
2026-01-01T16:02:19,lb-01,0.9324
2026-01-01T16:02:54,cache-01,0.2802
2026-01-01T16:03:16,web-01,0.4094
2026-01-01T16:04:00,db-02,12.4029
2026-01-01T16:04:11,lb-02,0.9738
2026-01-01T16:06:42,net-01,3.2343
2026-01-01T16:07:34,net-03,3.0665
2026-01-01T16:07:54,lb-01,2.5012
2026-01-01T16:08:42,net-02,2.1236
2026-01-01T16:09:36,hd-01,4.5422
2026-01-01T16:09:55,web-01,0.2556
2026-01-01T16:09:59,net-04,1.1347
2026-01-01T16:10:35,hd-01,3.3315
2026-01-01T16:10:50,hd-02,3.8730
2026-01-01T16:11:25,lb-01,3.0571
2026-01-01T16:11:26,web-04,1.8729
2026-01-01T16:11:47,hd-02,6.4544
2026-01-01T16:11:52,lb-01,1.2902
2026-01-01T16:11:56,net-02,2.0081
2026-01-01T16:12:02,cache-01,1.2207
2026-01-01T16:12:09,web-03,0.0065
2026-01-01T16:12:25,db-02,0.2788
2026-01-01T16:12:42,cache-01,0.2396
2026-01-01T16:12:52,hd-02,3.8253
2026-01-01T16:13:00,db-02,3.8925
2026-01-01T16:14:08,cache-03,3.2311
2026-01-01T16:14:20,db-01,0.9223
2026-01-01T16:14:56,db-03,0.7522
2026-01-01T16:15:55,web-05,0.2064
2026-01-01T16:16:06,hd-02,0.4577
2026-01-01T16:16:43,hd-01,3.6742
2026-01-01T16:16:51,db-03,0.9204
2026-01-01T16:18:09,web-02,6.8218
2026-01-01T16:19:02,cache-01,0.2974
2026-01-01T16:19:37,net-01,9.4618
2026-01-01T16:19:40,net-04,1.3268
2026-01-01T16:19:59,hd-02,2.0692
2026-01-01T16:20:18,hd-02,25.6994
2026-01-01T16:20:28,web-05,0.7025
2026-01-01T16:20:51,hd-02,0.5563
2026-01-01T16:21:28,db-02,0.6979
2026-01-01T16:21:52,cache-01,1.5209
2026-01-01T16:22:20,lb-02,12.1134
2026-01-01T16:23:09,hd-02,1.0338
2026-01-01T16:23:26,db-01,3.5034
2026-01-01T16:23:27,lb-02,0.4726
2026-01-01T16:25:24,hd-01,0.2765
2026-01-01T16:25:46,web-05,0.3950
2026-01-01T16:26:12,db-01,0.3305
2026-01-01T16:26:35,net-02,4.3054
2026-01-01T16:27:04,web-04,1.7934
2026-01-01T16:27:23,db-03,0.0469
2026-01-01T16:27:51,web-02,0.9478
2026-01-01T16:28:19,lb-01,1.0273
2026-01-01T16:29:38,lb-02,16.4464
2026-01-01T16:29:39,web-02,1.6610
2026-01-01T16:30:05,cache-02,3.5622
2026-01-01T16:31:05,web-04,3.8956
2026-01-01T16:31:20,db-03,1.6302
2026-01-01T16:32:04,web-05,0.7037
2026-01-01T16:33:11,db-03,2.4956
2026-01-01T16:33:15,web-05,5.8166
2026-01-01T16:33:37,db-01,2.4348
2026-01-01T16:34:02,web-03,5.0618
2026-01-01T16:34:26,db-02,1.1864
2026-01-01T16:34:27,cache-03,6.4024
2026-01-01T16:35:40,net-04,0.5219
2026-01-01T16:36:05,web-03,1.7215
2026-01-01T16:36:08,cache-02,0.8177
2026-01-01T16:36:52,web-02,0.2923
2026-01-01T16:39:18,db-02,0.4918
2026-01-01T16:39:18,cache-02,0.3810
2026-01-01T16:39:22,lb-01,11.8645
2026-01-01T16:39:33,lb-01,4.1885
2026-01-01T16:39:39,cache-03,19.9027
2026-01-01T16:40:28,web-02,4.2226
2026-01-01T16:41:07,net-01,1.5172
2026-01-01T16:41:12,net-02,2.3194
2026-01-01T16:41:48,lb-02,0.9272
2026-01-01T16:42:37,web-02,7.1128
2026-01-01T16:42:46,lb-02,54.2579
2026-01-01T16:42:47,web-01,4.9447
2026-01-01T16:44:09,web-01,7.1967
2026-01-01T16:44:25,cache-02,1.2507
2026-01-01T16:44:42,hd-01,2.3448
2026-01-01T16:45:05,db-03,11.9325
2026-01-01T16:46:14,lb-02,1.5601
2026-01-01T16:47:17,hd-02,5.5551
2026-01-01T16:48:39,lb-01,0.5918
2026-01-01T16:49:13,net-03,0.1557
2026-01-01T16:49:58,db-03,9.8935
2026-01-01T16:50:19,hd-02,1.1898
2026-01-01T16:51:15,lb-02,4.3509
2026-01-01T16:51:28,db-02,17.4170
2026-01-01T16:52:42,cache-03,0.2070
2026-01-01T16:52:56,cache-03,0.6662
2026-01-01T16:53:38,web-04,2.0539
2026-01-01T16:53:39,db-01,0.1270
2026-01-01T16:54:17,lb-02,3.5359
2026-01-01T16:54:46,hd-01,1.9279
2026-01-01T16:55:14,hd-02,0.5841
2026-01-01T16:55:36,web-01,0.9286
2026-01-01T16:55:56,web-01,1.0431
2026-01-01T16:56:06,db-01,0.1401
2026-01-01T16:56:28,lb-02,0.3232
2026-01-01T16:56:37,hd-01,4.2938
2026-01-01T16:56:45,hd-01,1.7679
2026-01-01T16:57:33,db-02,8.5857
2026-01-01T16:58:04,net-03,1.4517
2026-01-01T16:58:13,lb-02,1.8142
2026-01-01T16:58:55,web-03,7.6591
2026-01-01T16:59:07,db-02,0.7785
2026-01-01T16:59:21,web-02,2.4841
2026-01-01T16:59:32,lb-01,0.2079
2026-01-01T16:59:41,net-02,2.0787
2026-01-01T16:59:46,lb-02,3.4120
2026-01-01T17:00:31,lb-02,0.2765
2026-01-01T17:01:28,lb-02,2.0200
2026-01-01T17:02:41,hd-02,1.0510
2026-01-01T17:03:02,cache-03,6.2031
2026-01-01T17:03:13,web-05,13.0379
2026-01-01T17:05:54,net-03,12.8190
2026-01-01T17:06:11,cache-01,1.1841
2026-01-01T17:06:44,net-03,3.8926
2026-01-01T17:06:54,db-03,2.0304
2026-01-01T17:07:34,hd-01,1.5448
2026-01-01T17:07:38,cache-03,0.5659
2026-01-01T17:07:52,lb-02,1.0126
2026-01-01T17:07:56,cache-01,0.1367
2026-01-01T17:08:05,web-02,4.1168
2026-01-01T17:09:04,web-01,1.3473
2026-01-01T17:10:54,hd-01,0.9066
2026-01-01T17:11:12,cache-02,0.7297
2026-01-01T17:11:31,web-01,0.6674
2026-01-01T17:12:06,db-01,1.6637
2026-01-01T17:12:19,lb-01,0.5104
2026-01-01T17:12:37,cache-02,9.6349
2026-01-01T17:12:40,cache-01,3.7541
2026-01-01T17:13:05,net-03,0.2015
2026-01-01T17:13:09,web-05,9.4125
2026-01-01T17:13:29,net-03,4.9644
2026-01-01T17:14:01,db-01,0.0824
2026-01-01T17:14:17,db-03,0.9662
2026-01-01T17:14:26,db-03,0.9921
2026-01-01T17:14:27,db-02,6.3695
2026-01-01T17:14:29,web-04,0.3928
2026-01-01T17:14:37,net-04,0.2759
2026-01-01T17:14:40,lb-01,2.1742
2026-01-01T17:16:45,net-02,1.4846
2026-01-01T17:16:57,net-03,1.2310
2026-01-01T17:17:47,lb-01,3.1364
2026-01-01T17:17:50,lb-01,0.9594
2026-01-01T17:17:53,net-03,4.4771
2026-01-01T17:18:01,cache-01,0.4736
2026-01-01T17:20:14,hd-02,1.1029
2026-01-01T17:20:32,cache-03,1.8174
2026-01-01T17:20:35,net-02,2.8412
2026-01-01T17:20:57,net-04,0.5901
2026-01-01T17:21:14,web-03,4.0475
2026-01-01T17:21:45,lb-02,2.1005
2026-01-01T17:22:32,cache-01,4.9847
2026-01-01T17:24:04,lb-02,0.2030
2026-01-01T17:24:16,web-05,0.9749
2026-01-01T17:24:32,web-05,0.4481
2026-01-01T17:24:55,hd-01,0.1855
2026-01-01T17:25:07,hd-01,2.8559
2026-01-01T17:26:20,net-03,8.4963
2026-01-01T17:26:47,cache-02,1.2501
2026-01-01T17:26:54,hd-01,0.6713
2026-01-01T17:27:03,lb-02,2.6160
2026-01-01T17:27:54,hd-02,2.7912
2026-01-01T17:28:33,cache-01,0.1658
2026-01-01T17:28:45,web-02,7.7538
2026-01-01T17:28:52,cache-03,0.8892
2026-01-01T17:29:25,lb-02,0.2541
2026-01-01T17:29:45,db-02,8.5010
2026-01-01T17:30:00,lb-02,0.2750
2026-01-01T17:30:31,web-01,0.0346
2026-01-01T17:31:07,web-03,1.3551
2026-01-01T17:31:24,hd-01,1.1954
2026-01-01T17:31:27,hd-01,9.6300
2026-01-01T17:31:59,hd-02,1.2660
2026-01-01T17:32:12,web-03,0.0299
2026-01-01T17:32:15,lb-02,2.4026
2026-01-01T17:32:15,web-04,0.2622
2026-01-01T17:32:22,web-03,1.1435
2026-01-01T17:34:29,cache-01,0.7015
2026-01-01T17:34:51,lb-01,6.1778
2026-01-01T17:34:55,net-03,5.1591
2026-01-01T17:35:33,web-05,0.0634
2026-01-01T17:35:38,net-03,1.5304
2026-01-01T17:37:23,net-04,2.5347
2026-01-01T17:37:51,net-01,1.2107
2026-01-01T17:38:14,cache-02,1.9543
2026-01-01T17:38:25,hd-01,1.4116
2026-01-01T17:39:45,net-02,5.3572
2026-01-01T17:40:04,hd-01,0.7557
2026-01-01T17:40:05,db-02,4.6855
2026-01-01T17:40:09,lb-02,0.0149
2026-01-01T17:40:15,db-03,2.1519
2026-01-01T17:40:51,net-04,1.7210
2026-01-01T17:40:56,hd-02,2.3285
2026-01-01T17:42:14,net-01,1.1343
2026-01-01T17:42:47,web-04,0.9120
2026-01-01T17:42:53,lb-01,1.8911
2026-01-01T17:43:07,db-01,8.5483
2026-01-01T17:43:14,lb-02,1.2941
2026-01-01T17:43:25,web-03,17.2929
2026-01-01T17:46:00,hd-01,0.8601
2026-01-01T17:46:33,web-03,3.7979
2026-01-01T17:46:34,hd-02,18.8385
2026-01-01T17:48:16,net-02,2.8799
2026-01-01T17:50:22,lb-02,2.9365
2026-01-01T17:50:23,hd-02,2.8458
2026-01-01T17:50:28,cache-02,0.3462
2026-01-01T17:51:05,web-04,1.3109
2026-01-01T17:51:18,db-02,13.2691
2026-01-01T17:51:20,cache-02,1.6080
2026-01-01T17:52:25,web-02,8.4867
2026-01-01T17:53:25,db-02,0.8185
2026-01-01T17:54:23,net-01,0.7171
2026-01-01T17:55:34,web-03,15.1106
2026-01-01T17:55:44,lb-02,0.7304
2026-01-01T17:55:59,cache-03,7.7403
2026-01-01T17:56:00,hd-01,2.8648
2026-01-01T17:56:09,web-03,2.6093
2026-01-01T17:56:10,lb-01,16.5415
2026-01-01T17:56:56,hd-01,17.4850
2026-01-01T17:56:57,cache-02,1.1666
2026-01-01T17:57:05,hd-01,0.7108
2026-01-01T17:58:11,lb-01,0.8398
2026-01-01T18:00:39,db-02,1.8544
2026-01-01T18:00:45,lb-02,1.5962
2026-01-01T18:00:50,web-03,1.9887
2026-01-01T18:02:56,net-03,0.5385
2026-01-01T18:04:08,hd-01,0.2037
2026-01-01T18:05:46,cache-03,0.5619
2026-01-01T18:06:05,db-01,0.4044
2026-01-01T18:06:49,net-01,20.9457
2026-01-01T18:07:28,lb-01,0.4478
2026-01-01T18:07:34,hd-01,1.9494
2026-01-01T18:10:02,db-03,4.8585
2026-01-01T18:10:25,lb-02,0.6378
2026-01-01T18:10:34,lb-02,4.9165
2026-01-01T18:11:46,hd-01,0.8730
2026-01-01T18:11:50,hd-02,5.3867
2026-01-01T18:11:54,cache-01,5.8732
2026-01-01T18:12:38,hd-01,19.2866
2026-01-01T18:13:21,net-01,5.6152
2026-01-01T18:13:48,net-01,12.1936
2026-01-01T18:14:17,hd-01,0.5436
2026-01-01T18:14:32,web-05,2.8046
2026-01-01T18:14:35,hd-02,12.4997
2026-01-01T18:15:02,net-02,7.4839
2026-01-01T18:16:08,cache-01,0.9115
2026-01-01T18:17:33,cache-02,2.6603
2026-01-01T18:18:53,db-03,0.0917
2026-01-01T18:19:21,hd-01,0.2470
2026-01-01T18:19:23,web-05,2.7253
2026-01-01T18:19:29,cache-03,0.6711
2026-01-01T18:20:13,db-01,0.2890
2026-01-01T18:20:27,net-04,3.0229
2026-01-01T18:21:02,cache-03,1.7458
2026-01-01T18:23:05,net-04,0.7232
2026-01-01T18:23:49,hd-01,19.2386
2026-01-01T18:24:46,web-03,10.3615
2026-01-01T18:24:53,hd-02,2.1962
2026-01-01T18:26:40,db-02,0.5927
2026-01-01T18:26:58,hd-01,1.1108
2026-01-01T18:27:45,hd-02,12.8031
2026-01-01T18:28:49,lb-01,0.1747
2026-01-01T18:29:06,web-02,0.5275
2026-01-01T18:29:54,web-02,12.8837
2026-01-01T18:30:02,lb-02,3.4079
2026-01-01T18:30:25,lb-01,1.2157
2026-01-01T18:30:29,lb-01,0.4140
2026-01-01T18:30:47,hd-01,3.3616
2026-01-01T18:30:54,db-01,0.1837
2026-01-01T18:31:01,lb-02,1.2682
2026-01-01T18:31:57,lb-02,1.5912
2026-01-01T18:32:29,db-03,2.1234
2026-01-01T18:33:42,net-02,3.7115
2026-01-01T18:33:51,db-01,0.0026
2026-01-01T18:34:01,web-03,2.3882
2026-01-01T18:34:23,cache-02,1.2297
2026-01-01T18:34:29,hd-01,0.9397
2026-01-01T18:35:17,lb-01,0.0096
2026-01-01T18:35:26,db-02,0.2552
2026-01-01T18:36:07,web-03,0.5052
2026-01-01T18:36:25,net-04,2.7245
2026-01-01T18:36:38,web-05,5.5843
2026-01-01T18:36:42,web-01,20.8707
2026-01-01T18:36:51,db-02,1.7439
2026-01-01T18:37:17,cache-03,0.8791
2026-01-01T18:37:36,hd-01,0.4388
2026-01-01T18:38:06,web-04,0.8183
2026-01-01T18:38:08,lb-01,1.2219
2026-01-01T18:38:32,db-03,0.3716
2026-01-01T18:38:37,web-03,5.2150
2026-01-01T18:38:55,hd-02,8.1533
2026-01-01T18:39:21,db-03,0.4617
2026-01-01T18:39:22,web-01,0.1063
2026-01-01T18:39:26,hd-02,0.3153
2026-01-01T18:40:32,net-01,0.3042
2026-01-01T18:40:35,hd-02,1.7100
2026-01-01T18:40:52,net-02,2.3062
2026-01-01T18:40:54,web-04,0.5190
2026-01-01T18:41:15,hd-02,2.9850
2026-01-01T18:42:13,net-02,1.1159
2026-01-01T18:43:22,cache-01,1.5342
2026-01-01T18:43:49,cache-01,1.9771
2026-01-01T18:44:03,net-02,4.1081
2026-01-01T18:45:15,web-01,0.7478
2026-01-01T18:45:57,web-02,1.4895
2026-01-01T18:46:49,hd-02,1.6789
2026-01-01T18:47:10,hd-01,0.8806
2026-01-01T18:47:16,cache-03,64.4776
2026-01-01T18:47:33,net-04,7.6801
2026-01-01T18:47:58,lb-01,14.7906
2026-01-01T18:48:10,cache-03,25.5006
2026-01-01T18:48:17,net-01,2.3587
2026-01-01T18:48:27,db-01,0.6526
2026-01-01T18:48:38,net-03,1.1089
2026-01-01T18:49:26,db-03,1.2556
2026-01-01T18:52:03,net-01,0.2505
2026-01-01T18:52:22,web-01,0.7293
2026-01-01T18:52:32,cache-01,2.0566
2026-01-01T18:53:22,hd-02,5.5737
2026-01-01T18:53:36,web-03,5.4594
2026-01-01T18:54:11,db-01,13.6232
2026-01-01T18:54:19,cache-01,2.4170
2026-01-01T18:54:34,web-04,1.7581
2026-01-01T18:54:48,net-03,0.3188
2026-01-01T18:55:29,net-02,19.3449
2026-01-01T18:55:35,db-01,5.3327
2026-01-01T18:55:42,lb-01,5.5392
2026-01-01T18:55:43,lb-02,0.1000
2026-01-01T18:56:35,hd-01,0.3351
2026-01-01T18:56:40,hd-02,0.6477
2026-01-01T18:56:43,hd-02,4.9962
2026-01-01T18:57:27,cache-03,12.7655
2026-01-01T18:58:40,lb-01,0.4370
2026-01-01T18:58:43,db-01,0.7925
2026-01-01T18:58:44,lb-01,0.0821
2026-01-01T18:59:02,cache-02,17.2384
2026-01-01T19:00:05,lb-02,7.8252
2026-01-01T19:00:39,lb-02,0.2591
2026-01-01T19:00:51,lb-01,3.1375
2026-01-01T19:01:26,net-03,1.7989
2026-01-01T19:01:56,db-01,2.2188
2026-01-01T19:02:17,cache-02,1.9142
2026-01-01T19:02:26,lb-02,0.0995
2026-01-01T19:02:35,hd-01,1.1887
2026-01-01T19:03:38,db-02,0.2036
2026-01-01T19:03:41,web-01,6.0276
2026-01-01T19:03:43,db-01,35.6914
2026-01-01T19:03:52,web-03,0.9444
2026-01-01T19:04:35,hd-02,21.6726
2026-01-01T19:04:53,lb-02,0.0257
2026-01-01T19:05:14,hd-02,1.0584
2026-01-01T19:05:19,db-02,3.3510
2026-01-01T19:05:49,db-01,0.4804
2026-01-01T19:06:04,lb-01,46.4861
2026-01-01T19:06:48,lb-02,2.2673
2026-01-01T19:08:07,cache-01,0.0399
2026-01-01T19:08:28,web-05,5.7568
2026-01-01T19:09:49,net-04,12.6254
2026-01-01T19:10:01,hd-01,2.9706
2026-01-01T19:10:11,net-02,19.2581
2026-01-01T19:10:20,net-02,2.6704
2026-01-01T19:11:09,db-03,2.8404
2026-01-01T19:11:12,web-04,0.1882
2026-01-01T19:11:15,net-02,0.3197
2026-01-01T19:11:45,db-03,3.8883
2026-01-01T19:12:11,cache-03,4.8596
2026-01-01T19:12:45,hd-02,1.4863
2026-01-01T19:13:39,web-02,2.6018
2026-01-01T19:13:57,hd-02,0.4361
2026-01-01T19:14:50,lb-02,1.9595
2026-01-01T19:15:16,lb-02,31.1790
2026-01-01T19:15:22,db-02,0.8059
2026-01-01T19:15:35,net-02,0.2651
2026-01-01T19:16:55,hd-01,2.3819
2026-01-01T19:17:01,web-02,11.1444
2026-01-01T19:18:11,web-03,3.7042
2026-01-01T19:18:12,lb-02,0.0648
2026-01-01T19:18:15,db-03,1.5604
2026-01-01T19:18:15,lb-01,0.0009
2026-01-01T19:18:22,db-02,1.8405
2026-01-01T19:19:19,cache-01,2.6519
2026-01-01T19:19:27,lb-02,1.9704
2026-01-01T19:20:20,hd-02,3.6188
2026-01-01T19:20:53,lb-02,4.2590
2026-01-01T19:21:13,db-03,1.0919
2026-01-01T19:21:28,db-02,0.2829
2026-01-01T19:21:42,db-02,1.0540
2026-01-01T19:21:51,net-04,8.2766
2026-01-01T19:22:03,cache-01,0.5797
2026-01-01T19:23:08,hd-01,0.2069
2026-01-01T19:23:13,lb-02,1.4744
2026-01-01T19:23:51,hd-02,9.3602
2026-01-01T19:26:08,hd-02,6.9850
2026-01-01T19:27:50,net-04,5.6692
2026-01-01T19:28:20,cache-02,0.7912
2026-01-01T19:29:26,db-03,5.0492
2026-01-01T19:29:34,db-01,0.0447
2026-01-01T19:29:53,net-01,1.0437
2026-01-01T19:30:45,db-01,5.1023
2026-01-01T19:31:11,lb-01,1.5343
2026-01-01T19:31:29,hd-02,1.0837
2026-01-01T19:32:43,db-02,0.6004
2026-01-01T19:32:47,db-03,5.0574
2026-01-01T19:32:47,cache-02,1.9076
2026-01-01T19:33:00,web-02,3.1606
2026-01-01T19:33:25,db-02,0.5801
2026-01-01T19:33:30,hd-01,4.0021
2026-01-01T19:33:39,net-03,2.2756
2026-01-01T19:33:43,cache-02,2.5144
2026-01-01T19:35:21,hd-01,5.0562
2026-01-01T19:35:28,hd-01,2.8384
2026-01-01T19:35:56,hd-01,21.6833
2026-01-01T19:36:02,hd-02,0.2023
2026-01-01T19:36:04,db-03,1.2766
2026-01-01T19:36:12,lb-02,9.3357
2026-01-01T19:36:44,hd-02,0.1211
2026-01-01T19:36:46,hd-02,0.0672
2026-01-01T19:37:12,net-01,0.6998
2026-01-01T19:37:58,db-03,1.2959
2026-01-01T19:39:02,hd-01,74.2131
2026-01-01T19:39:12,db-02,5.7216
2026-01-01T19:40:42,cache-01,6.1301
2026-01-01T19:40:54,web-01,1.4527
2026-01-01T19:41:07,cache-03,3.3071
2026-01-01T19:41:38,cache-03,73.5828
2026-01-01T19:42:00,net-01,2.0427
2026-01-01T19:42:31,db-03,2.0640
2026-01-01T19:43:01,web-02,1.9096
2026-01-01T19:43:12,web-02,0.0123
2026-01-01T19:45:31,web-01,0.9653
2026-01-01T19:45:39,cache-01,2.2064
2026-01-01T19:47:16,cache-01,0.5646
2026-01-01T19:47:43,web-01,0.6326
2026-01-01T19:48:19,web-03,2.9971
2026-01-01T19:50:09,net-03,0.3124
2026-01-01T19:50:15,db-01,3.8113
2026-01-01T19:51:09,db-01,0.2428
2026-01-01T19:51:39,db-02,0.7226
2026-01-01T19:52:29,net-01,0.1088
2026-01-01T19:52:49,web-05,8.4604
2026-01-01T19:52:55,hd-02,2.8733
2026-01-01T19:53:19,cache-02,8.0008
2026-01-01T19:53:58,db-02,14.0409
2026-01-01T19:54:44,lb-02,15.6023
2026-01-01T19:55:16,web-01,20.7280
2026-01-01T19:55:36,cache-02,1.8050
2026-01-01T19:55:45,net-03,2.5735
2026-01-01T19:55:55,db-02,0.3533
2026-01-01T19:57:20,lb-02,0.1252
2026-01-01T19:57:28,db-02,0.9637
2026-01-01T19:58:29,web-04,7.6886
2026-01-01T19:58:47,db-02,8.0990
2026-01-01T20:00:06,hd-02,8.1059
2026-01-01T20:00:52,net-03,14.5938
2026-01-01T20:00:56,cache-01,3.9620
2026-01-01T20:01:14,hd-01,5.4498
2026-01-01T20:01:18,hd-01,4.0625
2026-01-01T20:01:25,web-05,0.4799
2026-01-01T20:01:40,net-04,8.0522
2026-01-01T20:02:18,cache-02,2.7259
2026-01-01T20:02:49,web-05,8.9220
2026-01-01T20:04:15,db-03,1.1810
2026-01-01T20:04:29,lb-01,5.4776
2026-01-01T20:04:41,lb-01,1.8670
2026-01-01T20:04:50,net-01,1.0575
2026-01-01T20:05:07,net-01,2.7530
2026-01-01T20:06:27,cache-01,0.3366
2026-01-01T20:07:46,net-04,1.7620
2026-01-01T20:07:52,cache-02,3.0798
2026-01-01T20:08:02,cache-01,11.1559
2026-01-01T20:08:19,hd-01,1.8693
2026-01-01T20:08:42,hd-01,1.6287
2026-01-01T20:08:52,db-03,3.6787
2026-01-01T20:08:55,cache-03,0.1175
2026-01-01T20:08:56,db-01,5.6730
2026-01-01T20:09:16,db-03,0.6668
2026-01-01T20:09:38,hd-01,4.5656
2026-01-01T20:09:59,cache-02,5.1742
2026-01-01T20:12:38,db-03,2.1175
2026-01-01T20:14:01,lb-01,4.3571
2026-01-01T20:14:03,cache-03,1.3484
2026-01-01T20:14:51,lb-02,15.2053
2026-01-01T20:15:12,net-02,0.0105
2026-01-01T20:15:41,web-04,2.3971
2026-01-01T20:17:04,web-04,13.2314
2026-01-01T20:18:05,cache-03,2.5165
2026-01-01T20:18:19,lb-01,2.2724
2026-01-01T20:18:27,db-03,0.0818
2026-01-01T20:20:19,cache-01,10.0344
2026-01-01T20:20:34,cache-01,3.0467
2026-01-01T20:21:20,net-02,0.0311
2026-01-01T20:21:33,cache-03,0.1568
2026-01-01T20:23:17,web-02,10.5936
2026-01-01T20:23:28,lb-01,0.9554
2026-01-01T20:23:32,cache-03,1.9570
2026-01-01T20:24:07,db-01,1.7584
2026-01-01T20:24:11,cache-03,3.0806
2026-01-01T20:24:22,hd-02,1.4139
2026-01-01T20:24:36,net-01,9.4549
2026-01-01T20:24:49,net-03,2.9543
2026-01-01T20:25:16,net-04,0.3527
2026-01-01T20:25:53,db-03,0.5831
2026-01-01T20:26:35,db-03,15.9486
2026-01-01T20:26:45,cache-03,2.6400
2026-01-01T20:27:57,net-04,2.1286
2026-01-01T20:28:13,net-02,0.6841
2026-01-01T20:28:48,cache-02,0.4642
2026-01-01T20:29:10,lb-01,10.2571
2026-01-01T20:30:15,cache-03,1.2316
2026-01-01T20:30:47,hd-01,0.4738
2026-01-01T20:31:20,web-03,1.3775
2026-01-01T20:33:10,lb-02,0.2718
2026-01-01T20:34:17,cache-02,1.3700
2026-01-01T20:35:54,db-03,40.8097
2026-01-01T20:36:51,hd-01,4.9797
2026-01-01T20:36:58,web-01,1.9911
2026-01-01T20:37:27,lb-01,2.1419
2026-01-01T20:38:20,lb-02,0.0642
2026-01-01T20:38:24,cache-03,31.6159
2026-01-01T20:39:15,db-02,0.2349
2026-01-01T20:39:19,net-04,14.2158
2026-01-01T20:40:11,web-05,1.0392
2026-01-01T20:41:06,hd-02,1.2407
2026-01-01T20:41:18,net-01,2.4911
2026-01-01T20:41:20,hd-01,0.9166
2026-01-01T20:41:40,lb-01,0.9467
2026-01-01T20:41:42,lb-02,10.7151
2026-01-01T20:41:43,web-04,0.2241
2026-01-01T20:41:55,net-02,2.3346
2026-01-01T20:42:09,hd-01,1.7663
2026-01-01T20:42:45,net-01,0.0390
2026-01-01T20:43:21,net-03,5.5654
2026-01-01T20:43:31,lb-01,1.6010
2026-01-01T20:43:33,db-01,0.3330
2026-01-01T20:44:05,net-03,2.7000
2026-01-01T20:44:52,db-01,1.0386
2026-01-01T20:45:07,lb-02,0.0031
2026-01-01T20:45:38,cache-03,8.7278
2026-01-01T20:45:52,web-01,6.3275
2026-01-01T20:45:59,net-04,8.6573
2026-01-01T20:46:43,net-02,0.9277
2026-01-01T20:48:15,db-02,2.3639
2026-01-01T20:48:46,net-03,0.5622
2026-01-01T20:48:52,db-01,1.6146
2026-01-01T20:49:06,net-02,1.0185
2026-01-01T20:49:11,cache-01,6.0360
2026-01-01T20:49:40,net-01,2.1664
2026-01-01T20:49:53,lb-01,4.5263
2026-01-01T20:50:09,lb-02,2.4616
2026-01-01T20:50:27,hd-01,0.6666
2026-01-01T20:50:39,web-04,2.2229
2026-01-01T20:51:08,hd-02,2.3213
2026-01-01T20:51:10,hd-01,1.6848
2026-01-01T20:51:12,db-02,3.2985
2026-01-01T20:51:44,cache-03,3.7422
2026-01-01T20:51:49,cache-01,6.9654
2026-01-01T20:52:23,hd-02,3.0381
2026-01-01T20:52:43,hd-01,0.5573
2026-01-01T20:53:05,cache-03,0.3978
2026-01-01T20:55:14,hd-02,1.3266
2026-01-01T20:55:14,db-01,0.5592
2026-01-01T20:55:15,hd-02,2.1013
2026-01-01T20:55:54,net-03,2.8320
2026-01-01T20:56:01,web-04,3.3807
2026-01-01T20:56:36,cache-03,3.1619
2026-01-01T20:56:37,web-02,7.2976
2026-01-01T20:56:46,lb-02,2.0457
2026-01-01T20:57:08,db-03,2.4208
2026-01-01T20:57:55,cache-02,0.2789
2026-01-01T20:58:14,cache-03,22.4693
2026-01-01T20:58:31,lb-02,0.0427
2026-01-01T20:59:01,web-02,1.0979
2026-01-01T20:59:14,lb-02,0.0614
2026-01-01T20:59:16,web-04,3.6727
2026-01-01T20:59:20,net-02,0.3231
2026-01-01T20:59:22,db-03,10.4444
2026-01-01T20:59:48,hd-01,8.7718
2026-01-01T20:59:56,cache-02,0.5859
2026-01-01T21:00:03,cache-03,0.7289
2026-01-01T21:00:24,net-02,0.3790
2026-01-01T21:00:41,net-04,0.9539
2026-01-01T21:01:19,hd-02,7.3187
2026-01-01T21:01:21,db-02,5.8000
2026-01-01T21:02:52,lb-02,1.5859
2026-01-01T21:03:02,cache-01,4.9130
2026-01-01T21:03:59,web-05,2.1791
2026-01-01T21:04:00,web-02,0.6950
2026-01-01T21:04:26,net-03,18.7966
2026-01-01T21:05:02,cache-03,0.2196
2026-01-01T21:05:02,hd-01,3.6642
2026-01-01T21:06:02,net-02,0.6308
2026-01-01T21:06:36,lb-01,0.0074
2026-01-01T21:07:09,net-01,0.0242
2026-01-01T21:08:40,cache-03,0.9010
2026-01-01T21:09:05,db-03,0.7927
2026-01-01T21:09:32,db-03,0.4423
2026-01-01T21:09:42,hd-02,0.0706
2026-01-01T21:10:46,net-03,0.0807
2026-01-01T21:11:59,net-01,1.7328
2026-01-01T21:12:53,db-02,1.8734
2026-01-01T21:12:56,net-04,2.4991
2026-01-01T21:13:00,db-01,1.6598
2026-01-01T21:15:18,cache-01,4.9072
2026-01-01T21:16:02,web-04,4.8668
2026-01-01T21:16:48,cache-03,0.5635
2026-01-01T21:17:10,cache-02,2.1185
2026-01-01T21:17:13,cache-03,0.4198
2026-01-01T21:17:21,db-02,6.3062
2026-01-01T21:18:25,lb-01,0.5882
2026-01-01T21:19:34,net-02,1.5280
2026-01-01T21:21:21,cache-02,0.4996
2026-01-01T21:23:00,db-03,1.6652
2026-01-01T21:23:21,hd-02,0.3857
2026-01-01T21:24:03,net-02,0.4410
2026-01-01T21:24:15,web-04,0.4743
2026-01-01T21:24:19,hd-01,0.5465
2026-01-01T21:24:50,lb-02,4.2317
2026-01-01T21:25:22,cache-02,2.3324
2026-01-01T21:25:31,cache-01,0.1988
2026-01-01T21:26:41,cache-03,1.3093
2026-01-01T21:27:05,lb-01,1.5011
2026-01-01T21:27:50,cache-02,8.6432
2026-01-01T21:27:55,net-02,0.6727
2026-01-01T21:27:58,db-02,1.4575
2026-01-01T21:28:24,cache-02,3.4642
2026-01-01T21:28:33,hd-02,0.9578
2026-01-01T21:28:55,net-01,1.0014
2026-01-01T21:29:01,hd-01,5.8670
2026-01-01T21:29:16,db-01,0.9153
2026-01-01T21:31:41,lb-02,5.9659
2026-01-01T21:31:45,cache-01,2.1576
2026-01-01T21:32:51,web-01,3.7183
2026-01-01T21:33:06,web-02,4.8717
2026-01-01T21:33:18,cache-03,12.5237
2026-01-01T21:33:59,cache-02,0.0180
2026-01-01T21:33:59,net-04,1.2455
2026-01-01T21:34:14,db-01,0.0132
2026-01-01T21:35:24,net-04,0.0724
2026-01-01T21:35:36,net-04,3.7642
2026-01-01T21:35:54,db-03,0.6542
2026-01-01T21:36:04,cache-01,0.6458
2026-01-01T21:36:08,db-03,1.0142
2026-01-01T21:37:12,web-03,2.7383
2026-01-01T21:37:40,lb-02,2.0144
2026-01-01T21:38:02,cache-02,0.8399
2026-01-01T21:40:57,web-04,2.3452
2026-01-01T21:41:17,hd-02,1.5754
2026-01-01T21:41:43,web-05,0.4167
2026-01-01T21:43:16,web-02,0.8852
2026-01-01T21:44:08,db-03,3.3676
2026-01-01T21:44:28,cache-02,2.4246
2026-01-01T21:44:39,hd-02,2.0393
2026-01-01T21:44:43,web-01,0.4031
2026-01-01T21:44:53,db-02,3.0468
2026-01-01T21:45:16,db-02,2.0775
2026-01-01T21:45:23,hd-01,5.9875
2026-01-01T21:45:33,cache-02,2.5153
2026-01-01T21:45:51,lb-01,4.4553
2026-01-01T21:46:03,cache-03,0.4224
2026-01-01T21:46:52,cache-02,6.8941
2026-01-01T21:48:29,hd-02,4.5898
2026-01-01T21:48:31,net-01,0.1629
2026-01-01T21:49:47,cache-03,1.2469
2026-01-01T21:50:05,net-04,15.3368
2026-01-01T21:50:05,net-04,0.4467
2026-01-01T21:50:31,lb-01,3.7519
2026-01-01T21:50:36,net-03,1.4146
2026-01-01T21:52:01,cache-02,2.5193
2026-01-01T21:52:23,db-01,0.2530
2026-01-01T21:54:18,db-02,1.4302
2026-01-01T21:54:20,net-02,0.8101
2026-01-01T21:54:26,db-03,46.1541
2026-01-01T21:54:28,web-03,1.5165
2026-01-01T21:54:46,hd-01,4.8915
2026-01-01T21:55:05,net-04,5.1836
2026-01-01T21:55:07,lb-02,0.5995
2026-01-01T21:55:11,db-02,0.9579
2026-01-01T21:55:43,net-03,18.6185
2026-01-01T21:56:19,hd-02,6.7732
2026-01-01T21:57:26,net-02,1.9027
2026-01-01T21:58:03,cache-03,9.4090
2026-01-01T21:58:09,db-01,4.4637
2026-01-01T22:00:36,db-03,5.8008
2026-01-01T22:01:19,hd-01,2.8145
2026-01-01T22:01:32,db-02,2.9448
2026-01-01T22:02:49,lb-01,0.1928
2026-01-01T22:03:28,hd-01,0.5753
2026-01-01T22:04:01,web-03,0.4470
2026-01-01T22:04:02,db-02,1.0081
2026-01-01T22:04:35,web-03,0.1363
2026-01-01T22:04:48,net-03,2.0987
2026-01-01T22:05:58,hd-01,3.1713
2026-01-01T22:06:39,cache-01,1.0635
2026-01-01T22:06:44,hd-02,2.5319
2026-01-01T22:08:37,lb-02,1.9122
2026-01-01T22:08:40,net-03,6.4175
2026-01-01T22:09:22,cache-03,57.4620
2026-01-01T22:09:27,hd-01,0.2228
2026-01-01T22:09:54,web-05,1.7661
2026-01-01T22:09:57,cache-01,0.0197
2026-01-01T22:10:14,hd-02,0.7199
2026-01-01T22:10:43,lb-01,1.4401
2026-01-01T22:10:53,web-01,2.7352
2026-01-01T22:13:16,web-05,5.9033
2026-01-01T22:13:32,db-03,5.6806
2026-01-01T22:13:50,net-03,0.2950
2026-01-01T22:14:55,lb-02,4.0744
2026-01-01T22:15:26,net-03,1.5386
2026-01-01T22:15:36,net-02,7.7784
2026-01-01T22:15:40,net-03,4.8456
2026-01-01T22:15:48,web-02,0.7950
2026-01-01T22:16:17,db-02,1.2388
2026-01-01T22:16:44,cache-02,2.9932
2026-01-01T22:17:22,lb-02,0.0168
2026-01-01T22:17:43,lb-02,1.1519
2026-01-01T22:18:24,cache-01,1.5665
2026-01-01T22:18:35,cache-03,2.6716
2026-01-01T22:19:05,db-01,1.7427
2026-01-01T22:19:27,hd-02,4.9461
2026-01-01T22:19:52,cache-01,3.4827
2026-01-01T22:20:17,net-03,0.6065
2026-01-01T22:20:30,cache-01,2.5242
2026-01-01T22:20:49,cache-01,3.8696
2026-01-01T22:21:46,hd-02,9.1475
2026-01-01T22:21:54,lb-02,1.6755
2026-01-01T22:22:01,db-03,2.0909
2026-01-01T22:22:17,cache-02,3.5635
2026-01-01T22:22:22,web-03,1.2607
2026-01-01T22:23:29,web-05,0.0742
2026-01-01T22:23:40,cache-03,0.4700
2026-01-01T22:24:51,hd-02,3.3888
2026-01-01T22:25:08,web-03,3.6933
2026-01-01T22:26:08,lb-01,7.3203
2026-01-01T22:26:30,lb-01,2.5653
2026-01-01T22:26:56,lb-01,0.7738
2026-01-01T22:27:03,lb-02,18.7424
2026-01-01T22:27:06,lb-01,2.5674
2026-01-01T22:28:56,hd-02,3.6540
2026-01-01T22:29:26,net-04,0.2769
2026-01-01T22:30:09,net-03,0.0920
2026-01-01T22:32:35,db-02,1.3865
2026-01-01T22:32:45,cache-03,30.9149
2026-01-01T22:33:01,lb-02,0.2758
2026-01-01T22:33:19,net-03,0.5570
2026-01-01T22:35:23,net-03,0.1676
2026-01-01T22:36:28,net-04,0.5107
2026-01-01T22:37:04,web-01,1.5696
2026-01-01T22:37:07,cache-03,1.4854
2026-01-01T22:37:19,lb-02,1.8588
2026-01-01T22:39:14,db-03,1.0716
2026-01-01T22:39:19,net-04,5.7292
2026-01-01T22:39:53,cache-03,4.1009
2026-01-01T22:40:21,db-02,1.2039
2026-01-01T22:40:23,cache-02,0.0910
2026-01-01T22:40:41,web-02,0.6818
2026-01-01T22:40:48,db-01,0.8731
2026-01-01T22:41:21,hd-02,10.7473
2026-01-01T22:41:29,cache-02,0.1820
2026-01-01T22:42:14,lb-02,0.0245
2026-01-01T22:44:14,cache-01,4.3312
2026-01-01T22:44:28,web-05,0.2301
2026-01-01T22:44:42,cache-02,3.7745
2026-01-01T22:45:34,lb-02,2.1645
2026-01-01T22:45:36,hd-01,22.6357
2026-01-01T22:46:06,web-02,0.7051
2026-01-01T22:46:43,net-03,4.2376
2026-01-01T22:47:20,web-02,2.0487
2026-01-01T22:47:23,hd-01,0.0337
2026-01-01T22:47:42,lb-01,0.7061
2026-01-01T22:48:56,cache-02,0.0052
2026-01-01T22:49:16,hd-01,2.9595
2026-01-01T22:49:21,net-04,0.7628
2026-01-01T22:49:58,lb-02,6.5230
2026-01-01T22:50:05,hd-01,1.9555
2026-01-01T22:50:36,hd-02,10.2193
2026-01-01T22:50:50,lb-02,3.2055
2026-01-01T22:52:23,net-02,1.3118
2026-01-01T22:52:55,lb-02,0.0333
2026-01-01T22:53:02,net-04,4.4803
2026-01-01T22:53:25,cache-03,5.0811
2026-01-01T22:53:56,web-02,29.5538
2026-01-01T22:53:57,net-02,7.4133
2026-01-01T22:54:25,hd-01,3.5274
2026-01-01T22:55:02,hd-01,1.8609
2026-01-01T22:55:09,cache-03,8.8034
2026-01-01T22:55:42,net-01,2.9614
2026-01-01T22:55:46,hd-01,0.1949
2026-01-01T22:56:17,db-02,2.8688
2026-01-01T22:56:48,lb-02,0.3237
2026-01-01T22:56:56,net-04,10.9295
2026-01-01T22:57:25,net-02,4.0391
2026-01-01T22:57:45,web-04,3.1891
2026-01-01T22:57:49,net-03,1.8720
2026-01-01T22:59:14,web-05,1.7145
2026-01-01T22:59:41,net-02,0.5260
2026-01-01T22:59:59,lb-02,0.3698
2026-01-01T23:00:01,net-03,2.7363
2026-01-01T23:01:44,db-02,2.0052
2026-01-01T23:05:37,cache-03,8.9000
2026-01-01T23:06:33,lb-01,4.3557
2026-01-01T23:08:16,lb-01,25.9311
2026-01-01T23:09:36,web-04,12.2703
2026-01-01T23:09:48,net-02,8.1300
2026-01-01T23:10:16,lb-01,0.0864
2026-01-01T23:10:22,db-02,3.0575
2026-01-01T23:10:25,net-01,5.8779
2026-01-01T23:10:51,hd-02,3.4636
2026-01-01T23:11:05,hd-02,6.7324
2026-01-01T23:11:18,net-02,0.0585
2026-01-01T23:11:39,net-04,4.4496
2026-01-01T23:12:05,lb-01,4.7814
2026-01-01T23:12:19,net-03,6.2603
2026-01-01T23:12:20,cache-02,6.0106
2026-01-01T23:12:20,net-03,3.3585
2026-01-01T23:12:25,db-03,1.9814
2026-01-01T23:12:48,db-03,0.0586
2026-01-01T23:14:39,web-03,0.2626
2026-01-01T23:15:16,lb-01,1.4404
2026-01-01T23:16:25,db-01,0.6452
2026-01-01T23:16:28,cache-02,3.2118
2026-01-01T23:17:21,web-01,0.0859
2026-01-01T23:17:24,lb-02,0.5085
2026-01-01T23:17:38,lb-01,0.9479
2026-01-01T23:17:47,net-03,0.7357
2026-01-01T23:18:27,cache-01,2.5397
2026-01-01T23:19:13,db-01,0.4877
2026-01-01T23:19:19,web-04,5.1014
2026-01-01T23:20:39,web-02,0.2639
2026-01-01T23:20:55,web-02,0.7978
2026-01-01T23:21:50,db-01,3.8014
2026-01-01T23:22:34,cache-02,0.0130
2026-01-01T23:22:45,web-05,11.1004
2026-01-01T23:22:46,db-01,0.2055
2026-01-01T23:23:43,net-04,3.3095
2026-01-01T23:24:04,hd-02,0.4223
2026-01-01T23:24:21,db-01,0.9065
2026-01-01T23:25:31,cache-03,1.3034
2026-01-01T23:26:22,db-02,2.9720
2026-01-01T23:27:26,hd-02,2.0737
2026-01-01T23:28:54,web-01,0.0776
2026-01-01T23:29:12,net-02,0.2145
2026-01-01T23:29:59,db-02,5.7901
2026-01-01T23:30:03,hd-02,0.4767
2026-01-01T23:30:09,net-01,2.6968
2026-01-01T23:30:32,cache-03,1.4863
2026-01-01T23:31:30,db-02,2.3685
2026-01-01T23:33:16,hd-01,1.0071
2026-01-01T23:33:46,cache-02,0.3699
2026-01-01T23:34:22,db-01,2.3392
2026-01-01T23:34:22,web-03,4.3626
2026-01-01T23:35:04,web-03,0.2378
2026-01-01T23:36:28,hd-02,10.3796
2026-01-01T23:36:44,net-04,1.0965
2026-01-01T23:38:50,net-03,1.1346
2026-01-01T23:39:04,web-02,0.2353
2026-01-01T23:39:54,web-04,3.2151
2026-01-01T23:40:04,cache-03,3.6615
2026-01-01T23:40:13,web-01,5.9407
2026-01-01T23:41:07,web-05,7.5245
2026-01-01T23:41:45,hd-01,1.9522
2026-01-01T23:41:48,db-03,4.6283
2026-01-01T23:41:48,net-02,0.4185
2026-01-01T23:42:31,web-03,3.3790
2026-01-01T23:42:46,cache-01,1.2269
2026-01-01T23:45:10,hd-01,0.7919
2026-01-01T23:45:15,net-04,7.3027
2026-01-01T23:45:16,net-03,8.5652
2026-01-01T23:45:28,net-02,1.8874
2026-01-01T23:46:58,web-02,4.9920
2026-01-01T23:47:24,lb-01,11.3187
2026-01-01T23:48:17,db-02,0.5573
2026-01-01T23:49:01,db-03,0.8904
2026-01-01T23:49:40,lb-02,1.7075
2026-01-01T23:49:57,web-05,0.9219
2026-01-01T23:51:32,net-01,1.3028
2026-01-01T23:52:13,cache-01,2.5758
2026-01-01T23:52:27,hd-01,8.5036
2026-01-01T23:52:59,db-01,0.0837
2026-01-01T23:54:39,web-05,11.0491
2026-01-01T23:54:50,lb-01,2.9912
2026-01-01T23:55:29,cache-02,1.7388
2026-01-01T23:56:03,net-02,1.9790
2026-01-01T23:56:05,hd-01,1.3123
2026-01-01T23:56:30,web-04,4.4809
2026-01-01T23:56:40,lb-02,49.4154
2026-01-01T23:56:45,hd-01,1.2354
2026-01-01T23:57:52,web-05,1.0250
2026-01-01T23:58:10,hd-02,3.5388
2026-01-01T23:58:14,net-01,0.6993
2026-01-01T23:58:36,cache-01,4.4779
2026-01-01T23:59:41,web-05,0.5715
2026-01-02T00:00:53,cache-01,13.0110
2026-01-02T00:02:17,hd-02,0.5422
2026-01-02T00:02:56,cache-01,1.7767
2026-01-02T00:03:11,net-04,0.3753
2026-01-02T00:04:13,lb-02,4.8640
2026-01-02T00:04:47,hd-02,0.9671
2026-01-02T00:04:50,net-01,6.6214
2026-01-02T00:05:12,net-01,0.4531
2026-01-02T00:06:38,lb-02,5.0459
2026-01-02T00:07:25,net-03,1.1206
2026-01-02T00:07:55,web-02,0.3673
2026-01-02T00:08:16,net-02,4.5955
2026-01-02T00:08:38,cache-02,6.0556
2026-01-02T00:09:08,lb-02,0.4878
2026-01-02T00:09:20,web-05,0.6612
2026-01-02T00:09:32,net-01,1.0492
2026-01-02T00:09:32,net-04,1.9909
2026-01-02T00:09:36,lb-01,0.5171
2026-01-02T00:09:44,hd-02,4.1584
2026-01-02T00:09:59,hd-02,0.5457
2026-01-02T00:11:10,net-04,1.3267
2026-01-02T00:11:11,cache-02,4.2969
2026-01-02T00:11:31,db-02,0.2628
2026-01-02T00:12:08,net-03,0.0821
2026-01-02T00:13:11,web-03,1.8402
2026-01-02T00:13:19,db-03,24.9365
2026-01-02T00:13:53,db-01,0.6902
2026-01-02T00:14:25,web-05,0.0909
2026-01-02T00:14:47,cache-01,6.7616
2026-01-02T00:14:52,cache-01,0.2573
2026-01-02T00:15:01,cache-02,0.6537
2026-01-02T00:15:20,hd-01,51.7224
2026-01-02T00:15:29,cache-01,10.6141
2026-01-02T00:16:13,web-02,2.2068
2026-01-02T00:16:25,db-01,1.5019
2026-01-02T00:16:29,lb-02,0.0043
2026-01-02T00:17:02,web-05,8.1434
2026-01-02T00:17:16,db-02,0.1569
2026-01-02T00:17:47,web-05,0.1482
2026-01-02T00:17:57,hd-01,0.6589
2026-01-02T00:19:21,hd-02,5.7208
2026-01-02T00:19:23,cache-01,1.1698
2026-01-02T00:19:32,cache-02,1.6174
2026-01-02T00:19:55,db-01,4.4480
2026-01-02T00:22:20,net-03,1.0045
2026-01-02T00:22:42,net-04,1.4081
2026-01-02T00:22:44,cache-01,2.4195
2026-01-02T00:23:54,cache-03,1.1384
2026-01-02T00:23:57,net-02,0.6672
2026-01-02T00:24:00,db-03,0.2474
2026-01-02T00:24:21,hd-02,1.8490
2026-01-02T00:24:27,hd-01,8.6517
2026-01-02T00:25:11,hd-02,0.2198
2026-01-02T00:25:24,db-01,5.9741
2026-01-02T00:26:41,web-05,2.1627
2026-01-02T00:26:49,cache-03,0.1335
2026-01-02T00:28:26,web-03,0.9728
2026-01-02T00:28:34,lb-02,12.2795
2026-01-02T00:29:01,lb-02,2.9879
2026-01-02T00:30:28,net-01,17.0537
2026-01-02T00:30:43,web-02,1.7188
2026-01-02T00:31:38,cache-02,5.1819
2026-01-02T00:31:50,hd-02,0.9743
2026-01-02T00:32:12,net-02,5.8913
2026-01-02T00:32:32,cache-02,1.3263
2026-01-02T00:33:17,net-03,4.5745
2026-01-02T00:33:32,cache-02,1.7799
2026-01-02T00:33:33,lb-01,5.5049
2026-01-02T00:33:40,net-02,1.0015
2026-01-02T00:34:00,lb-01,4.4452
2026-01-02T00:34:00,cache-01,0.9124
2026-01-02T00:34:04,web-02,0.7932
2026-01-02T00:34:09,lb-02,10.4858
2026-01-02T00:35:39,net-02,1.6332
2026-01-02T00:35:41,hd-01,1.3054
2026-01-02T00:36:03,lb-02,5.5392
2026-01-02T00:36:59,db-01,2.5416
2026-01-02T00:37:50,db-03,16.0709
2026-01-02T00:38:37,hd-02,0.0676
2026-01-02T00:39:17,web-04,0.8729
2026-01-02T00:39:39,cache-01,4.4046
2026-01-02T00:39:49,db-01,6.0607
2026-01-02T00:40:06,cache-01,2.4685
2026-01-02T00:40:55,cache-01,15.5296
2026-01-02T00:41:01,web-01,0.2920
2026-01-02T00:41:06,net-04,9.3373
2026-01-02T00:41:19,net-01,1.2991
2026-01-02T00:41:55,hd-01,2.5281
2026-01-02T00:42:24,lb-01,1.3469
2026-01-02T00:42:29,lb-01,2.7665
2026-01-02T00:42:53,db-02,0.3992
2026-01-02T00:43:09,cache-01,2.1929
2026-01-02T00:43:27,db-02,9.1094
2026-01-02T00:43:35,cache-01,1.6219
2026-01-02T00:44:06,hd-01,4.9887
2026-01-02T00:44:24,web-04,5.5432
2026-01-02T00:44:26,hd-01,1.9166
2026-01-02T00:44:37,net-02,11.2898
2026-01-02T00:45:07,net-04,4.4030
2026-01-02T00:45:13,net-03,1.1064
2026-01-02T00:46:24,cache-03,3.0419
2026-01-02T00:46:45,web-04,4.7313
2026-01-02T00:47:01,db-02,1.4070
2026-01-02T00:47:33,cache-03,0.4401
2026-01-02T00:47:36,lb-01,100.0000
2026-01-02T00:47:54,db-02,3.4605
2026-01-02T00:50:31,net-02,9.1688
2026-01-02T00:50:35,web-04,3.8454
2026-01-02T00:50:56,hd-02,1.7104
2026-01-02T00:51:12,lb-01,4.3022
2026-01-02T00:52:46,net-03,0.3588
2026-01-02T00:52:53,db-03,1.1296
2026-01-02T00:52:57,cache-02,0.7664
2026-01-02T00:53:17,web-03,1.1755
2026-01-02T00:53:30,net-03,0.2763
2026-01-02T00:54:10,hd-01,0.7531
2026-01-02T00:54:19,web-03,1.1591
2026-01-02T00:54:59,cache-02,100.0000
2026-01-02T00:55:05,web-01,3.0360
2026-01-02T00:55:13,hd-01,0.1483
2026-01-02T00:56:19,lb-01,13.2212
2026-01-02T00:56:27,net-02,0.0902
2026-01-02T00:56:45,net-03,1.6661
2026-01-02T00:56:46,db-02,0.5622
2026-01-02T00:57:44,net-03,18.5346
2026-01-02T00:58:01,lb-01,0.6601
2026-01-02T00:58:01,lb-02,1.0586
2026-01-02T00:58:12,net-04,0.4472
2026-01-02T00:58:31,lb-01,1.9690
2026-01-02T00:58:59,net-02,4.4407
2026-01-02T00:59:20,web-02,2.5493
2026-01-02T01:00:11,net-02,0.5955
2026-01-02T01:00:55,db-02,8.8078
2026-01-02T01:02:20,net-03,4.0132
2026-01-02T01:02:23,cache-03,6.4269
2026-01-02T01:02:42,hd-02,5.0610
2026-01-02T01:02:48,lb-01,1.9302
2026-01-02T01:03:02,db-02,27.5771
2026-01-02T01:03:14,net-01,1.3578
2026-01-02T01:03:39,cache-01,1.6466
2026-01-02T01:04:44,db-01,6.2796
2026-01-02T01:05:44,hd-02,12.9928
2026-01-02T01:06:34,net-04,1.6145
2026-01-02T01:06:38,net-02,1.6565
2026-01-02T01:07:04,cache-01,3.0061
2026-01-02T01:07:31,lb-01,3.1979
2026-01-02T01:08:50,net-04,2.7213
2026-01-02T01:09:17,cache-02,2.2521
2026-01-02T01:11:03,db-01,4.9278
2026-01-02T01:11:10,hd-01,1.7259
2026-01-02T01:11:49,db-02,0.6550
2026-01-02T01:11:56,web-05,1.4445
2026-01-02T01:12:21,db-01,3.7673
2026-01-02T01:12:58,cache-01,0.6453
2026-01-02T01:12:59,db-01,3.4186
2026-01-02T01:14:15,net-02,0.3658
2026-01-02T01:14:31,hd-02,0.9234
2026-01-02T01:14:51,web-03,1.3554
2026-01-02T01:15:38,hd-02,0.2512
2026-01-02T01:16:37,net-03,7.8930
2026-01-02T01:16:43,cache-01,3.0688
2026-01-02T01:17:28,hd-01,7.6051
2026-01-02T01:18:04,lb-02,1.0641
2026-01-02T01:18:05,net-02,2.3626
2026-01-02T01:19:38,hd-01,0.4570
2026-01-02T01:19:51,cache-01,0.4404
2026-01-02T01:20:02,lb-01,1.1275
2026-01-02T01:20:42,net-01,1.8334
2026-01-02T01:22:09,cache-03,0.2827
2026-01-02T01:22:30,hd-02,1.1041
2026-01-02T01:22:36,lb-01,2.2717
2026-01-02T01:23:00,net-02,3.0407
2026-01-02T01:23:54,net-03,0.8823
2026-01-02T01:24:16,web-03,7.2837
2026-01-02T01:24:27,web-01,0.6212
2026-01-02T01:24:31,net-04,14.7441
2026-01-02T01:24:59,hd-01,11.0537
2026-01-02T01:25:23,lb-01,8.5915
2026-01-02T01:25:32,db-01,0.8039
2026-01-02T01:25:45,hd-02,12.4039
2026-01-02T01:26:47,net-02,0.1133
2026-01-02T01:26:54,hd-01,8.8776
2026-01-02T01:27:05,web-04,0.0656
2026-01-02T01:27:14,web-01,0.5201
2026-01-02T01:28:09,lb-02,3.3920
2026-01-02T01:28:23,web-01,1.9805
2026-01-02T01:28:24,lb-01,0.0158
2026-01-02T01:29:39,net-01,1.2064
2026-01-02T01:29:51,lb-01,6.8701
2026-01-02T01:30:08,web-05,12.4433
2026-01-02T01:30:25,net-01,4.0170
2026-01-02T01:30:35,lb-02,2.0109
2026-01-02T01:31:55,net-02,1.0847
2026-01-02T01:32:59,lb-01,2.4421
2026-01-02T01:33:53,lb-02,4.9326
2026-01-02T01:34:27,web-04,0.2003
2026-01-02T01:34:27,hd-01,4.3179
2026-01-02T01:34:52,db-02,3.0225
2026-01-02T01:35:42,hd-01,0.0022
2026-01-02T01:35:48,net-02,1.7313
2026-01-02T01:36:02,hd-02,1.0848
2026-01-02T01:36:03,lb-01,2.2618
2026-01-02T01:36:14,net-01,4.2688
2026-01-02T01:36:27,web-02,7.6420
2026-01-02T01:37:06,lb-01,0.6049
2026-01-02T01:37:14,hd-02,1.3596
2026-01-02T01:38:20,hd-02,0.7450
2026-01-02T01:38:32,cache-03,2.4825
2026-01-02T01:39:03,cache-02,0.9007
2026-01-02T01:39:09,lb-01,0.6224
2026-01-02T01:39:19,lb-01,1.5976
2026-01-02T01:39:30,db-03,12.8214
2026-01-02T01:41:10,web-05,0.6476
2026-01-02T01:41:43,web-02,8.9378
2026-01-02T01:41:54,net-03,3.1933
2026-01-02T01:42:07,db-01,1.1713
2026-01-02T01:42:53,web-04,3.2164
2026-01-02T01:43:19,db-01,2.0519
2026-01-02T01:44:06,db-03,0.3098
2026-01-02T01:44:11,net-03,2.7866
2026-01-02T01:45:02,web-05,1.4683
2026-01-02T01:45:21,net-03,1.0581
2026-01-02T01:45:43,net-02,0.3046
2026-01-02T01:46:56,db-03,0.9388
2026-01-02T01:48:17,lb-02,3.5047
2026-01-02T01:48:49,hd-01,1.2762
2026-01-02T01:48:55,db-01,5.4460
2026-01-02T01:49:10,db-02,0.9359
2026-01-02T01:50:34,net-02,2.1802
2026-01-02T01:50:43,net-02,22.7311
2026-01-02T01:50:57,hd-01,0.2004
2026-01-02T01:51:03,web-02,7.6252
2026-01-02T01:51:42,db-01,8.2956
2026-01-02T01:52:42,db-03,1.0555
2026-01-02T01:52:48,cache-01,1.6973
2026-01-02T01:54:39,web-05,0.1925
2026-01-02T01:55:26,hd-02,2.5365
2026-01-02T01:55:27,db-01,18.5461
2026-01-02T01:55:52,hd-01,2.1207
2026-01-02T01:56:53,db-03,2.6440
2026-01-02T01:57:31,web-04,0.0732
2026-01-02T01:57:40,cache-02,0.8192
2026-01-02T01:58:17,db-02,3.0056
2026-01-02T01:58:57,cache-03,10.8812
2026-01-02T01:59:25,cache-03,29.6655
2026-01-02T02:00:39,hd-01,0.3472
2026-01-02T02:02:25,web-02,5.1935
2026-01-02T02:02:41,hd-02,0.9109
2026-01-02T02:03:03,web-02,0.1841
2026-01-02T02:03:25,db-01,0.2415
2026-01-02T02:03:42,cache-01,0.2150
2026-01-02T02:05:15,net-02,4.6506
2026-01-02T02:05:31,hd-01,0.6031
2026-01-02T02:05:56,db-03,6.8729
2026-01-02T02:06:18,web-01,1.5674
2026-01-02T02:06:56,web-02,0.0053
2026-01-02T02:07:42,hd-02,0.3508
2026-01-02T02:07:53,cache-01,0.2557
2026-01-02T02:08:28,db-01,4.3908
2026-01-02T02:08:43,net-02,32.1539
2026-01-02T02:09:01,lb-01,0.2838
2026-01-02T02:09:21,db-02,12.5478
2026-01-02T02:09:32,hd-02,45.5203
2026-01-02T02:09:36,web-03,7.1886
2026-01-02T02:11:08,hd-02,1.4784
2026-01-02T02:11:13,db-02,9.4830
2026-01-02T02:11:26,lb-02,3.0741
2026-01-02T02:11:30,net-04,1.1149
2026-01-02T02:11:39,db-01,5.2849
2026-01-02T02:12:40,net-01,3.6315
2026-01-02T02:12:48,web-03,1.1986
2026-01-02T02:13:23,hd-02,6.7752
2026-01-02T02:14:00,net-02,4.9786
2026-01-02T02:14:05,cache-03,0.2439
2026-01-02T02:14:09,db-03,7.6736
2026-01-02T02:14:22,lb-01,2.2414
2026-01-02T02:15:01,net-03,4.5972
2026-01-02T02:15:14,lb-01,1.1046
2026-01-02T02:16:26,net-03,9.2520
2026-01-02T02:17:02,cache-02,1.6211
2026-01-02T02:18:57,lb-02,1.1480
2026-01-02T02:19:01,lb-01,0.7313
2026-01-02T02:19:25,cache-03,3.3899
2026-01-02T02:19:31,db-01,3.1830
2026-01-02T02:21:40,hd-02,0.5620
2026-01-02T02:22:12,cache-02,0.4348
2026-01-02T02:22:31,net-01,2.5548
2026-01-02T02:22:48,web-03,0.8952
2026-01-02T02:23:18,web-05,13.1845
2026-01-02T02:23:36,hd-02,0.5681
2026-01-02T02:23:53,web-04,3.6000
2026-01-02T02:24:41,lb-01,1.1336
2026-01-02T02:25:02,hd-01,2.6120
2026-01-02T02:25:10,net-02,1.5906
2026-01-02T02:25:48,lb-01,1.5414
2026-01-02T02:26:04,net-02,1.4604
2026-01-02T02:26:10,lb-01,0.4090
2026-01-02T02:26:57,lb-02,0.4686
2026-01-02T02:27:03,db-01,2.1101
2026-01-02T02:28:07,web-03,15.0551
2026-01-02T02:28:18,db-01,1.1562
2026-01-02T02:28:25,cache-03,0.8676
2026-01-02T02:29:18,lb-02,3.9395
2026-01-02T02:29:24,cache-03,3.2233
2026-01-02T02:29:59,db-01,0.0521
2026-01-02T02:31:02,cache-03,17.1094
2026-01-02T02:31:43,hd-01,0.5887
2026-01-02T02:32:21,cache-03,2.0115
2026-01-02T02:32:22,web-04,0.3592
2026-01-02T02:32:23,lb-02,5.3706
2026-01-02T02:32:26,lb-02,4.1125
2026-01-02T02:33:09,net-02,0.3541
2026-01-02T02:33:26,db-03,1.3512
2026-01-02T02:33:54,lb-02,0.6940
2026-01-02T02:34:59,db-02,0.0690
2026-01-02T02:35:04,web-01,2.3798
2026-01-02T02:36:22,db-01,0.7842
2026-01-02T02:36:45,db-01,0.6851
2026-01-02T02:36:52,lb-01,1.0154
2026-01-02T02:37:23,db-02,1.2798
2026-01-02T02:37:28,net-04,0.7588
2026-01-02T02:37:43,cache-02,0.2201
2026-01-02T02:39:02,lb-02,0.0927
2026-01-02T02:39:20,lb-02,0.1741
2026-01-02T02:39:25,cache-01,3.9129
2026-01-02T02:39:47,web-04,0.3604
2026-01-02T02:40:19,cache-01,1.8919
2026-01-02T02:41:07,net-03,3.5774
2026-01-02T02:41:45,web-01,1.0361
2026-01-02T02:41:47,cache-02,2.1336
2026-01-02T02:41:47,web-02,0.8681
2026-01-02T02:42:01,cache-02,3.1289
2026-01-02T02:42:13,net-02,13.0838
2026-01-02T02:42:36,cache-01,0.0426
2026-01-02T02:43:51,web-04,2.1550
2026-01-02T02:43:54,db-03,0.0407
2026-01-02T02:44:06,cache-02,3.4501
2026-01-02T02:44:07,lb-02,0.8302
2026-01-02T02:44:12,hd-02,3.9123
2026-01-02T02:44:37,hd-02,0.9067
2026-01-02T02:45:17,lb-02,0.2425
2026-01-02T02:46:09,lb-01,10.1360
2026-01-02T02:47:26,hd-02,2.8652
2026-01-02T02:48:51,hd-02,6.6831
2026-01-02T02:49:06,db-03,3.0303
2026-01-02T02:50:19,net-03,0.0835
2026-01-02T02:51:07,cache-01,0.7441
2026-01-02T02:51:36,net-02,9.4407
2026-01-02T02:52:29,db-02,4.3591
2026-01-02T02:52:30,hd-01,4.2733
2026-01-02T02:52:42,lb-01,1.1829
2026-01-02T02:52:54,net-01,0.8345
2026-01-02T02:53:08,lb-01,0.8324
2026-01-02T02:54:47,net-03,5.0606
2026-01-02T02:54:52,db-01,3.7298
2026-01-02T02:55:21,db-03,0.8476
2026-01-02T02:56:25,lb-01,1.3406
2026-01-02T02:57:05,cache-01,1.0490
2026-01-02T02:57:35,hd-01,0.8263
2026-01-02T02:57:43,hd-01,1.9492
2026-01-02T02:58:53,cache-01,3.7331
2026-01-02T03:00:20,lb-01,1.7144
2026-01-02T03:00:48,cache-01,2.5750
2026-01-02T03:01:29,lb-01,0.5567
2026-01-02T03:02:26,web-04,3.8994
2026-01-02T03:03:00,cache-02,1.5949
2026-01-02T03:03:12,lb-02,0.8084
2026-01-02T03:03:22,net-04,1.8940
2026-01-02T03:03:38,lb-02,12.3817
2026-01-02T03:04:06,web-01,2.8550
2026-01-02T03:05:10,cache-03,6.7573
2026-01-02T03:05:43,hd-02,0.1762
2026-01-02T03:05:47,web-01,4.5288
2026-01-02T03:06:06,hd-01,0.2911
2026-01-02T03:06:21,net-01,3.8215
2026-01-02T03:06:23,db-02,14.6109
2026-01-02T03:07:17,net-03,0.3827
2026-01-02T03:07:58,db-03,7.0825
2026-01-02T03:08:05,hd-02,7.0267
2026-01-02T03:08:57,db-02,5.0687
2026-01-02T03:09:15,net-03,1.9075
2026-01-02T03:09:24,web-03,0.5925
2026-01-02T03:13:12,hd-01,9.7377
2026-01-02T03:13:14,hd-01,10.5130
2026-01-02T03:13:38,lb-01,5.1234
2026-01-02T03:14:22,net-04,1.3187
2026-01-02T03:14:45,db-01,1.3614
2026-01-02T03:15:48,db-03,0.0325
2026-01-02T03:16:00,db-02,4.8278
2026-01-02T03:16:23,lb-02,0.4189
2026-01-02T03:16:52,web-04,4.9343
2026-01-02T03:17:38,hd-02,1.5247
2026-01-02T03:17:39,db-02,0.2657
2026-01-02T03:17:47,hd-01,19.3028
2026-01-02T03:18:48,web-04,3.1640
2026-01-02T03:19:26,db-03,0.3427
2026-01-02T03:19:55,net-02,0.9375
2026-01-02T03:19:58,lb-02,1.3908
2026-01-02T03:20:45,db-01,0.8600
2026-01-02T03:21:29,net-04,0.1786
2026-01-02T03:21:29,net-04,1.3994
2026-01-02T03:21:37,web-02,0.2255
2026-01-02T03:22:40,net-01,33.1290
2026-01-02T03:22:45,cache-01,0.4724
2026-01-02T03:23:41,lb-01,0.6449
2026-01-02T03:24:23,net-04,1.1319
2026-01-02T03:24:35,web-03,0.5528
2026-01-02T03:24:39,hd-02,1.5093
2026-01-02T03:24:40,hd-02,1.8007
2026-01-02T03:25:32,cache-03,4.1798
2026-01-02T03:25:53,cache-01,0.1065
2026-01-02T03:28:28,web-04,2.9772
2026-01-02T03:28:38,web-03,3.3332
2026-01-02T03:30:08,db-03,2.0400
2026-01-02T03:30:52,web-03,1.4120
2026-01-02T03:30:56,cache-01,2.6718
2026-01-02T03:30:56,net-01,0.6191
2026-01-02T03:31:26,lb-02,2.4747
2026-01-02T03:31:59,db-03,0.2799
2026-01-02T03:33:16,lb-01,4.6137
2026-01-02T03:33:36,cache-03,1.8037
2026-01-02T03:34:07,net-01,98.8849
2026-01-02T03:35:05,cache-02,0.4248
2026-01-02T03:35:06,hd-02,0.5847
2026-01-02T03:35:54,cache-03,1.0407
2026-01-02T03:36:06,net-02,4.4145
2026-01-02T03:36:44,web-03,3.8653
2026-01-02T03:37:06,hd-01,0.1517
2026-01-02T03:37:38,web-05,1.0587
2026-01-02T03:38:10,db-02,15.3075
2026-01-02T03:38:14,hd-01,1.6922
2026-01-02T03:38:16,net-04,16.9004
2026-01-02T03:38:41,lb-01,0.0597
2026-01-02T03:39:01,net-01,6.2939
2026-01-02T03:39:15,net-04,5.4177
2026-01-02T03:40:09,hd-01,6.2118
2026-01-02T03:40:55,net-04,2.0002
2026-01-02T03:41:37,web-04,0.0971
2026-01-02T03:41:53,web-01,2.4342
2026-01-02T03:42:08,lb-02,8.0771
2026-01-02T03:43:03,db-03,1.0370
2026-01-02T03:43:05,cache-03,0.3727
2026-01-02T03:43:32,lb-01,15.3449
2026-01-02T03:43:34,cache-01,1.3821
2026-01-02T03:44:00,db-01,6.7699
2026-01-02T03:44:26,hd-01,13.7233
2026-01-02T03:45:15,lb-01,0.1441
2026-01-02T03:45:34,hd-02,3.1176
2026-01-02T03:45:40,lb-02,1.0290
2026-01-02T03:46:10,net-01,6.6141
2026-01-02T03:46:20,db-01,1.8501
2026-01-02T03:46:24,db-03,9.0860
2026-01-02T03:46:36,lb-01,0.6852
2026-01-02T03:47:09,hd-01,2.1855
2026-01-02T03:47:35,lb-02,1.6644
2026-01-02T03:48:02,db-01,0.7012
2026-01-02T03:48:02,lb-02,0.7712
2026-01-02T03:49:21,cache-02,4.8496
2026-01-02T03:49:37,cache-02,3.9184
2026-01-02T03:50:26,web-04,7.7407
2026-01-02T03:50:47,lb-01,7.9461
2026-01-02T03:50:50,lb-02,0.3809
2026-01-02T03:50:51,web-05,0.2685
2026-01-02T03:52:54,hd-01,0.6941
2026-01-02T03:54:09,cache-03,0.5373
2026-01-02T03:55:09,lb-02,3.5420
2026-01-02T03:57:04,lb-01,0.0140
2026-01-02T03:58:13,net-02,4.6983
2026-01-02T03:58:26,net-01,7.6024
2026-01-02T03:58:43,hd-01,100.0000
2026-01-02T03:59:06,hd-02,41.8159
2026-01-02T04:00:08,db-01,2.1981
2026-01-02T04:01:40,hd-01,0.4428
2026-01-02T04:01:55,db-03,6.2762
2026-01-02T04:02:47,db-03,2.6393
2026-01-02T04:03:25,cache-03,2.4304
2026-01-02T04:03:52,web-05,0.4681
2026-01-02T04:05:15,web-05,0.5551
2026-01-02T04:06:23,web-05,0.1273
2026-01-02T04:06:59,cache-03,3.9746
2026-01-02T04:08:01,hd-02,1.3932
2026-01-02T04:08:12,net-01,0.6974
2026-01-02T04:08:30,lb-01,0.6348
2026-01-02T04:09:13,web-02,6.9299
2026-01-02T04:09:21,web-02,0.5678
2026-01-02T04:10:31,net-01,13.0768
2026-01-02T04:10:37,hd-02,7.4211
2026-01-02T04:11:41,web-01,4.3093
2026-01-02T04:13:30,lb-01,8.6130
2026-01-02T04:13:44,lb-01,10.3442
2026-01-02T04:14:28,hd-02,8.4607
2026-01-02T04:14:55,lb-01,0.6524
2026-01-02T04:15:05,web-04,1.9843
2026-01-02T04:15:15,cache-02,0.2372
2026-01-02T04:15:28,lb-02,4.3716
2026-01-02T04:16:03,db-01,13.3794
2026-01-02T04:16:54,cache-02,1.0982
2026-01-02T04:17:11,lb-01,20.1865
2026-01-02T04:17:34,lb-01,0.4741
2026-01-02T04:19:13,net-01,0.9457
2026-01-02T04:19:20,hd-01,2.6686
2026-01-02T04:19:50,cache-03,0.9424
2026-01-02T04:21:21,web-04,0.0865
2026-01-02T04:22:00,lb-02,0.8200
2026-01-02T04:22:01,net-04,2.7852
2026-01-02T04:22:28,net-02,3.4543
2026-01-02T04:22:35,cache-02,5.5665
2026-01-02T04:23:21,lb-02,18.2870
2026-01-02T04:23:27,web-03,7.4402
2026-01-02T04:24:21,db-01,7.5218
2026-01-02T04:24:41,db-03,0.8167
2026-01-02T04:24:58,web-03,5.3205
2026-01-02T04:25:05,web-01,1.0719
2026-01-02T04:25:25,net-03,16.3673
2026-01-02T04:25:26,lb-01,0.3268
2026-01-02T04:25:38,web-02,0.0052
2026-01-02T04:26:06,lb-02,5.2513
2026-01-02T04:26:07,db-02,0.0487
2026-01-02T04:27:00,lb-02,0.6722
2026-01-02T04:27:11,cache-01,1.4589
2026-01-02T04:27:37,net-02,2.0137
2026-01-02T04:27:54,lb-02,2.6999
2026-01-02T04:28:16,lb-01,15.3711
2026-01-02T04:29:07,cache-01,0.9648
2026-01-02T04:31:19,cache-03,0.7052
2026-01-02T04:31:34,web-02,0.0778
2026-01-02T04:31:36,cache-02,2.0584
2026-01-02T04:31:44,lb-02,7.1065
2026-01-02T04:31:58,db-03,0.2148
2026-01-02T04:33:15,lb-01,4.3125
2026-01-02T04:34:10,hd-02,10.8378
2026-01-02T04:34:25,hd-02,0.5173
2026-01-02T04:34:57,lb-01,6.3554
2026-01-02T04:35:39,cache-01,1.1693
2026-01-02T04:36:24,web-03,3.4392
2026-01-02T04:37:42,db-02,0.1809
2026-01-02T04:38:08,db-03,0.5557
2026-01-02T04:38:53,db-01,2.4354
2026-01-02T04:39:38,db-02,0.6600
2026-01-02T04:39:43,web-05,1.7067
2026-01-02T04:40:03,lb-02,3.9655
2026-01-02T04:40:18,net-04,1.0275
2026-01-02T04:40:21,web-03,1.5049
2026-01-02T04:40:29,web-02,1.2401
2026-01-02T04:40:37,web-05,6.7527
2026-01-02T04:40:42,db-01,2.5964
2026-01-02T04:41:00,web-05,2.5858
2026-01-02T04:41:21,db-01,1.8663
2026-01-02T04:41:54,net-02,3.8073
2026-01-02T04:42:37,net-03,3.0835
2026-01-02T04:42:39,db-03,8.8844
2026-01-02T04:42:45,hd-01,0.7957
2026-01-02T04:43:49,web-04,0.0246
2026-01-02T04:44:28,db-02,1.2929
2026-01-02T04:44:39,web-01,4.3733
2026-01-02T04:44:43,db-02,2.9931
2026-01-02T04:45:15,net-03,0.0345
2026-01-02T04:46:00,cache-03,10.1534
2026-01-02T04:46:09,hd-02,11.9757
2026-01-02T04:46:29,cache-02,2.0348
2026-01-02T04:47:23,db-02,0.3074
2026-01-02T04:47:25,lb-01,0.4062
2026-01-02T04:48:26,cache-02,0.5610
2026-01-02T04:48:31,hd-01,2.2016
2026-01-02T04:48:37,web-03,0.6536
2026-01-02T04:49:43,db-03,2.4010
2026-01-02T04:50:08,db-01,4.6323
2026-01-02T04:51:53,lb-01,2.2675
2026-01-02T04:51:56,lb-01,1.3727
2026-01-02T04:52:44,web-05,0.2699
2026-01-02T04:53:33,cache-01,2.5759
2026-01-02T04:54:16,db-02,0.3621
2026-01-02T04:54:54,db-01,9.9281
2026-01-02T04:55:05,web-05,14.9960
2026-01-02T04:55:29,net-02,3.8508
2026-01-02T04:55:44,hd-02,2.6549
2026-01-02T04:56:36,db-03,18.4542
2026-01-02T04:57:14,net-02,0.4995
2026-01-02T04:58:26,db-02,5.8871
2026-01-02T05:00:06,cache-01,1.7530
2026-01-02T05:00:48,cache-01,1.8681
2026-01-02T05:01:09,cache-01,6.9926
2026-01-02T05:01:51,web-01,0.9184
2026-01-02T05:02:05,hd-02,3.5671
2026-01-02T05:02:24,net-02,3.2251
2026-01-02T05:02:45,web-04,1.2302
2026-01-02T05:04:41,cache-03,5.2645
2026-01-02T05:05:33,web-01,0.7018
2026-01-02T05:06:40,hd-01,3.5711
2026-01-02T05:08:21,db-02,0.2891
2026-01-02T05:08:35,db-03,1.0026
2026-01-02T05:09:11,hd-02,0.6418
2026-01-02T05:09:28,cache-01,3.4550
2026-01-02T05:09:49,db-03,1.3382
2026-01-02T05:10:43,cache-01,1.0258
2026-01-02T05:10:55,cache-02,5.0306
2026-01-02T05:12:43,cache-03,2.5975
2026-01-02T05:12:58,cache-03,0.3702
2026-01-02T05:13:29,db-01,0.1767
2026-01-02T05:14:08,web-05,5.5026
2026-01-02T05:14:17,db-03,2.8989
2026-01-02T05:14:31,web-05,2.7484
2026-01-02T05:16:07,web-03,2.9200
2026-01-02T05:17:15,net-04,0.1039
2026-01-02T05:17:53,hd-02,12.4009
2026-01-02T05:19:13,cache-01,0.2217
2026-01-02T05:19:53,net-03,2.1155
2026-01-02T05:20:04,db-01,4.1154
2026-01-02T05:20:38,hd-01,1.1192
2026-01-02T05:20:55,hd-02,1.6033
2026-01-02T05:21:55,hd-02,5.4951
2026-01-02T05:22:10,lb-01,0.5554
2026-01-02T05:22:26,cache-02,1.9694
2026-01-02T05:22:54,net-04,0.4561
2026-01-02T05:23:02,hd-01,1.0993
2026-01-02T05:23:53,net-02,1.4691
2026-01-02T05:25:21,cache-03,1.5078
2026-01-02T05:25:58,lb-02,30.7262
2026-01-02T05:26:15,net-01,7.4958
2026-01-02T05:26:27,web-04,5.0454
2026-01-02T05:26:36,net-04,0.3767
2026-01-02T05:27:05,db-03,7.1619
2026-01-02T05:27:33,lb-02,0.3353
2026-01-02T05:27:41,cache-03,2.7978
2026-01-02T05:27:50,lb-02,0.3443
2026-01-02T05:28:34,hd-01,5.3016
2026-01-02T05:28:42,lb-01,0.9369
2026-01-02T05:29:57,hd-02,1.0187
2026-01-02T05:30:09,cache-03,7.7185
2026-01-02T05:30:52,net-02,1.8897
2026-01-02T05:31:14,lb-02,1.3797
2026-01-02T05:31:24,hd-01,17.6159
2026-01-02T05:31:59,hd-02,1.0235
2026-01-02T05:32:46,web-05,1.7583
2026-01-02T05:33:01,cache-02,10.2545
2026-01-02T05:33:48,hd-01,9.6884
2026-01-02T05:34:17,hd-02,11.8187
2026-01-02T05:35:21,hd-02,1.7234
2026-01-02T05:36:06,hd-01,5.9352
2026-01-02T05:36:12,db-03,16.7532
2026-01-02T05:36:37,net-03,2.6140
2026-01-02T05:37:15,cache-03,0.0759
2026-01-02T05:37:44,db-03,2.2432
2026-01-02T05:37:55,cache-03,1.3516
2026-01-02T05:37:59,lb-01,0.8918
2026-01-02T05:38:19,net-04,0.4988
2026-01-02T05:38:30,net-02,5.0455
2026-01-02T05:39:21,db-03,0.6233
2026-01-02T05:39:53,db-01,17.8521
2026-01-02T05:40:27,hd-02,0.7786
2026-01-02T05:40:37,web-05,1.0157
2026-01-02T05:41:14,cache-03,2.4330
2026-01-02T05:41:54,net-03,1.8303
2026-01-02T05:42:24,lb-01,1.8029
2026-01-02T05:42:50,cache-01,2.9117
2026-01-02T05:43:14,hd-02,0.3554
2026-01-02T05:43:39,cache-01,2.3611
2026-01-02T05:45:10,db-02,2.3955
2026-01-02T05:45:51,db-02,2.3450
2026-01-02T05:46:04,web-01,11.8341
2026-01-02T05:46:19,net-03,3.9140
2026-01-02T05:46:44,db-02,6.7826
2026-01-02T05:47:16,hd-01,3.8592
2026-01-02T05:48:00,db-02,0.1650
2026-01-02T05:49:54,db-02,0.4276
2026-01-02T05:50:01,net-03,1.0902
2026-01-02T05:50:03,web-03,4.9800
2026-01-02T05:50:32,net-04,1.0846
2026-01-02T05:50:52,cache-02,0.9846
2026-01-02T05:51:36,web-03,0.4807
2026-01-02T05:51:46,net-04,0.0581
2026-01-02T05:51:50,lb-02,0.3512
2026-01-02T05:52:01,web-05,0.3398
2026-01-02T05:52:01,cache-02,1.8384
2026-01-02T05:52:37,web-05,1.0078
2026-01-02T05:55:47,lb-02,2.0371
2026-01-02T05:55:52,db-01,0.6028
2026-01-02T05:56:58,web-03,0.6577
2026-01-02T05:57:14,db-01,0.4716
2026-01-02T05:57:19,db-02,1.8779
2026-01-02T05:57:42,cache-03,0.2071
2026-01-02T05:57:48,cache-02,5.9813
2026-01-02T05:59:02,db-01,0.8261
2026-01-02T06:00:00,cache-02,0.6632
2026-01-02T06:00:01,db-01,1.6645
2026-01-02T06:00:04,web-02,2.8227
2026-01-02T06:00:04,hd-02,0.7922
2026-01-02T06:00:26,net-02,2.0827
2026-01-02T06:01:14,cache-02,0.2158
2026-01-02T06:01:15,hd-01,0.1061
2026-01-02T06:02:10,hd-02,1.2740
2026-01-02T06:02:48,lb-02,3.2580
2026-01-02T06:03:11,hd-02,15.1782
2026-01-02T06:04:29,hd-01,5.9986
2026-01-02T06:04:57,db-03,0.3125
2026-01-02T06:05:24,cache-03,2.8596
2026-01-02T06:05:24,lb-02,21.8150
2026-01-02T06:05:26,lb-01,0.0480
2026-01-02T06:06:10,net-01,28.9320
2026-01-02T06:06:22,cache-03,1.0047
2026-01-02T06:06:31,lb-02,0.0224
2026-01-02T06:06:34,db-03,0.6276
2026-01-02T06:07:18,hd-02,3.8807
2026-01-02T06:07:35,db-03,5.0849
2026-01-02T06:07:45,lb-01,3.0216
2026-01-02T06:07:59,web-05,0.1366
2026-01-02T06:08:10,net-03,0.0482
2026-01-02T06:08:21,web-03,1.7658
2026-01-02T06:08:53,web-02,3.1049
2026-01-02T06:09:10,web-04,0.2261
2026-01-02T06:10:07,hd-02,7.0725
2026-01-02T06:10:28,web-02,1.0739
2026-01-02T06:11:22,net-02,7.3629
2026-01-02T06:11:55,db-02,7.1882
2026-01-02T06:12:11,lb-02,1.9039
2026-01-02T06:12:44,db-01,2.4299
2026-01-02T06:13:41,cache-02,0.1265
2026-01-02T06:13:59,hd-02,8.6057
2026-01-02T06:14:22,cache-03,0.3068
2026-01-02T06:14:55,net-03,0.2783
2026-01-02T06:15:07,lb-02,0.8733
2026-01-02T06:15:39,net-03,5.8799
2026-01-02T06:15:53,db-02,1.7788
2026-01-02T06:16:38,hd-02,1.4228
2026-01-02T06:17:00,net-03,5.5456
2026-01-02T06:17:02,db-03,2.7616
2026-01-02T06:17:50,hd-02,0.5873
2026-01-02T06:18:00,hd-01,0.9732
2026-01-02T06:18:04,net-01,5.2228
2026-01-02T06:18:15,db-02,0.5978
2026-01-02T06:18:31,web-05,0.4433
2026-01-02T06:18:55,cache-03,3.3772
2026-01-02T06:19:47,net-03,6.4874
2026-01-02T06:20:10,db-02,6.3937
2026-01-02T06:20:26,db-02,5.4842
2026-01-02T06:21:08,web-01,2.1919
2026-01-02T06:22:38,db-03,5.4443
2026-01-02T06:23:06,db-03,0.1482
2026-01-02T06:23:30,lb-01,0.8017
2026-01-02T06:23:45,db-02,0.1378
2026-01-02T06:23:59,cache-03,17.4172
2026-01-02T06:24:06,hd-01,17.0781
2026-01-02T06:24:44,net-03,0.1043
2026-01-02T06:25:34,cache-01,0.5899
2026-01-02T06:26:28,cache-03,1.7431
2026-01-02T06:27:22,cache-02,0.1569
2026-01-02T06:27:39,web-04,1.9542
2026-01-02T06:29:32,net-02,1.6597
2026-01-02T06:30:01,db-02,2.2317
2026-01-02T06:31:13,lb-01,0.9980
2026-01-02T06:31:40,db-01,1.9077
2026-01-02T06:32:09,db-01,6.5451
2026-01-02T06:33:24,web-05,0.2189
2026-01-02T06:33:39,web-05,0.7585
2026-01-02T06:33:44,net-02,14.5110
2026-01-02T06:35:02,web-04,1.8656
2026-01-02T06:35:14,lb-01,2.8970
2026-01-02T06:35:20,web-05,3.4608
2026-01-02T06:35:21,lb-01,0.2518
2026-01-02T06:36:43,cache-02,0.3634
2026-01-02T06:36:47,db-01,0.9062
2026-01-02T06:37:11,hd-02,0.0553
2026-01-02T06:37:15,lb-02,0.0040
2026-01-02T06:37:44,web-02,0.8788
2026-01-02T06:37:45,db-01,0.1619
2026-01-02T06:39:06,net-03,3.1088
2026-01-02T06:39:15,web-02,1.8858
2026-01-02T06:41:27,db-02,2.1632
2026-01-02T06:41:56,web-03,0.5545
2026-01-02T06:42:23,web-05,4.6198
2026-01-02T06:42:39,net-04,0.5165
2026-01-02T06:42:55,lb-02,11.1936
2026-01-02T06:43:06,hd-02,0.3098
2026-01-02T06:43:34,hd-02,3.1277
2026-01-02T06:44:28,lb-02,3.4843
2026-01-02T06:44:55,cache-01,0.3399
2026-01-02T06:45:01,net-03,2.7678
2026-01-02T06:45:21,lb-02,2.8287
2026-01-02T06:45:33,web-02,4.0655
2026-01-02T06:46:01,hd-01,1.2140
2026-01-02T06:46:49,lb-02,0.4103
2026-01-02T06:47:11,cache-02,2.0434
2026-01-02T06:47:18,lb-01,2.4993
2026-01-02T06:47:57,net-03,4.0352
2026-01-02T06:48:28,db-03,3.0715
2026-01-02T06:49:52,db-01,13.8257
2026-01-02T06:50:39,hd-02,3.0061
2026-01-02T06:51:18,cache-02,6.4414
2026-01-02T06:51:55,cache-02,0.0021
2026-01-02T06:52:30,cache-01,1.1160
2026-01-02T06:52:58,web-03,3.8771
2026-01-02T06:53:00,net-01,0.6217
2026-01-02T06:53:05,cache-02,8.2190
2026-01-02T06:53:06,hd-02,1.1483
2026-01-02T06:53:58,web-04,0.8249
2026-01-02T06:54:00,lb-02,1.3630
2026-01-02T06:54:10,hd-02,2.4311
2026-01-02T06:54:15,web-04,0.3002
2026-01-02T06:54:42,net-02,0.0777
2026-01-02T06:54:50,db-03,0.3229
2026-01-02T06:54:51,cache-03,10.1035
2026-01-02T06:55:03,web-01,0.6373
2026-01-02T06:55:34,net-03,1.1090
2026-01-02T06:56:39,lb-01,4.5837
2026-01-02T06:56:44,lb-02,1.0592
2026-01-02T06:57:22,lb-02,4.1431
2026-01-02T06:57:47,lb-01,2.4950
2026-01-02T06:57:52,lb-02,4.6547
2026-01-02T06:58:48,db-01,14.0106
2026-01-02T06:59:29,db-02,1.1190
2026-01-02T06:59:33,cache-03,2.3579
2026-01-02T06:59:42,cache-02,1.2250
2026-01-02T07:01:12,hd-01,0.6085
2026-01-02T07:01:12,lb-02,1.9175
2026-01-02T07:01:30,web-03,2.0992
2026-01-02T07:02:32,lb-02,0.0361
2026-01-02T07:02:42,net-01,0.0551
2026-01-02T07:02:46,lb-02,0.6568
2026-01-02T07:02:50,web-01,0.4954
2026-01-02T07:03:24,db-03,1.0557
2026-01-02T07:03:34,cache-02,8.9618
2026-01-02T07:04:17,lb-02,3.5215
2026-01-02T07:05:28,cache-01,1.4939
2026-01-02T07:06:22,net-03,0.0968
2026-01-02T07:07:35,web-04,10.1105
2026-01-02T07:08:26,cache-03,3.7461
2026-01-02T07:08:51,web-01,1.0980
2026-01-02T07:08:58,web-03,6.8044
2026-01-02T07:09:44,cache-01,0.6859
2026-01-02T07:10:28,hd-01,1.2120
2026-01-02T07:10:43,net-01,0.8697
2026-01-02T07:10:43,hd-01,1.4044
2026-01-02T07:11:15,web-04,5.8231
2026-01-02T07:11:58,cache-03,1.0934
2026-01-02T07:12:22,hd-02,0.3968
2026-01-02T07:12:30,lb-01,0.5161
2026-01-02T07:12:39,cache-02,2.9731
2026-01-02T07:12:50,db-01,1.8884
2026-01-02T07:14:13,web-02,0.2691
2026-01-02T07:14:31,cache-01,4.9062
2026-01-02T07:14:44,lb-02,0.4717
2026-01-02T07:15:11,db-01,0.1554
2026-01-02T07:15:46,lb-02,1.6232
2026-01-02T07:17:00,lb-02,6.6293
2026-01-02T07:17:27,web-02,4.0187
2026-01-02T07:18:26,lb-01,0.6609
2026-01-02T07:18:39,hd-02,1.6635
2026-01-02T07:18:47,web-02,2.0549
2026-01-02T07:18:50,net-02,0.5930
2026-01-02T07:19:56,lb-01,0.8539
2026-01-02T07:19:58,db-03,2.6295
2026-01-02T07:20:22,lb-02,3.8973
2026-01-02T07:20:37,net-02,4.1732
2026-01-02T07:21:44,hd-01,1.1737
2026-01-02T07:21:49,cache-02,1.8541
2026-01-02T07:21:59,hd-01,1.2739
2026-01-02T07:22:21,hd-01,5.8769
2026-01-02T07:22:25,cache-03,5.1449
2026-01-02T07:23:57,lb-02,8.1517
2026-01-02T07:23:58,hd-02,10.7252
2026-01-02T07:24:07,cache-01,1.3269
2026-01-02T07:24:44,net-01,2.8438
2026-01-02T07:24:55,net-02,3.1869
2026-01-02T07:25:35,cache-01,2.2123
2026-01-02T07:25:46,db-02,4.2090
2026-01-02T07:25:47,net-04,0.1108
2026-01-02T07:25:58,cache-01,0.4784
2026-01-02T07:26:33,db-02,39.3430
2026-01-02T07:26:58,lb-01,4.0165
2026-01-02T07:28:15,net-04,13.3257
2026-01-02T07:29:18,db-03,1.6429
2026-01-02T07:29:21,net-02,2.8948
2026-01-02T07:30:55,net-02,6.5435
2026-01-02T07:31:20,web-04,3.4494
2026-01-02T07:31:35,web-02,3.9066
2026-01-02T07:32:02,net-03,0.5761
2026-01-02T07:32:11,hd-01,1.3065
2026-01-02T07:32:38,db-03,0.0132
2026-01-02T07:32:43,web-04,8.4035
2026-01-02T07:33:49,cache-02,3.0221
2026-01-02T07:33:53,lb-01,0.5541
2026-01-02T07:34:13,web-02,3.2366
2026-01-02T07:34:17,hd-02,1.0091
2026-01-02T07:34:24,net-01,0.6619
2026-01-02T07:34:30,hd-02,0.7755
2026-01-02T07:34:35,net-01,0.5481
2026-01-02T07:34:54,db-02,10.8113
2026-01-02T07:34:59,web-05,0.7168
2026-01-02T07:35:48,cache-02,41.2037
2026-01-02T07:35:48,cache-03,2.4306
2026-01-02T07:36:30,cache-03,0.2693
2026-01-02T07:37:14,web-02,1.4159
2026-01-02T07:37:29,net-04,2.0873
2026-01-02T07:38:26,web-03,0.3401
2026-01-02T07:38:38,cache-02,0.4427
2026-01-02T07:39:38,web-01,0.7119
2026-01-02T07:39:40,lb-02,3.8008
2026-01-02T07:40:49,web-04,2.7726
2026-01-02T07:41:12,net-03,0.0072
2026-01-02T07:41:15,net-03,5.6128
2026-01-02T07:41:35,web-03,1.8785
2026-01-02T07:42:28,web-05,3.8204
2026-01-02T07:42:39,hd-01,3.5314
2026-01-02T07:43:15,cache-02,5.1697
2026-01-02T07:43:15,hd-01,1.4867
2026-01-02T07:44:14,net-02,0.3268
2026-01-02T07:44:17,web-02,0.0718
2026-01-02T07:44:56,web-02,6.8406
2026-01-02T07:45:13,net-02,4.2020
2026-01-02T07:46:00,hd-02,0.3787
2026-01-02T07:46:33,db-01,0.6009
2026-01-02T07:46:55,hd-02,4.3667
2026-01-02T07:47:11,lb-01,1.8779
2026-01-02T07:47:31,web-01,2.6274
2026-01-02T07:47:36,web-04,2.4291
2026-01-02T07:48:07,hd-01,5.7799
2026-01-02T07:48:46,db-03,0.7250
2026-01-02T07:48:58,cache-02,0.0470
2026-01-02T07:49:48,web-05,0.9907
2026-01-02T07:50:08,net-01,12.9438
2026-01-02T07:50:43,lb-02,2.4421
2026-01-02T07:50:53,web-04,2.6726
2026-01-02T07:51:03,lb-02,5.0822
2026-01-02T07:51:16,db-01,2.2869
2026-01-02T07:52:10,hd-01,13.6005
2026-01-02T07:52:22,cache-03,1.6208
2026-01-02T07:53:15,cache-03,0.5489
2026-01-02T07:53:16,lb-01,0.7230
2026-01-02T07:53:47,lb-02,3.4291
2026-01-02T07:54:02,cache-02,2.2952
2026-01-02T07:54:15,cache-01,0.3998
2026-01-02T07:54:26,net-01,3.6582
2026-01-02T07:54:50,net-02,0.5503
2026-01-02T07:54:54,lb-02,0.3352
2026-01-02T07:55:45,web-05,1.1607
2026-01-02T07:55:50,net-04,4.0903
2026-01-02T07:56:22,cache-01,0.9283
2026-01-02T07:58:46,lb-01,2.0379
2026-01-02T07:58:51,web-02,17.0467
2026-01-02T07:59:15,cache-01,0.2401
2026-01-02T07:59:24,cache-03,2.6361
2026-01-02T07:59:25,db-01,0.1216
2026-01-02T08:00:01,hd-02,2.9587
2026-01-02T08:00:13,lb-01,3.5037
2026-01-02T08:00:43,db-01,21.9194
2026-01-02T08:00:59,net-01,4.2275
2026-01-02T08:01:17,net-04,29.5926
2026-01-02T08:01:27,hd-02,10.4614
2026-01-02T08:01:39,lb-01,34.2083
2026-01-02T08:02:40,web-01,3.9706
2026-01-02T08:03:00,db-01,3.1227
2026-01-02T08:03:22,lb-01,1.1063
2026-01-02T08:03:26,web-02,0.0570
2026-01-02T08:04:01,net-02,0.2256
2026-01-02T08:04:02,net-01,1.9321
2026-01-02T08:04:03,web-05,3.2370
2026-01-02T08:04:22,lb-02,6.2445
2026-01-02T08:04:45,hd-01,0.3269
2026-01-02T08:04:51,net-03,2.4767
2026-01-02T08:05:15,lb-02,1.2417
2026-01-02T08:05:29,cache-02,1.4508
2026-01-02T08:05:51,lb-01,4.4629
2026-01-02T08:06:56,hd-01,0.5922
2026-01-02T08:07:13,net-01,0.9990
2026-01-02T08:07:20,hd-02,4.0529
2026-01-02T08:08:02,lb-02,0.5677
2026-01-02T08:08:09,cache-03,0.8650
2026-01-02T08:08:45,web-02,0.7379
2026-01-02T08:08:59,hd-01,5.4949
2026-01-02T08:09:52,db-03,32.3944
2026-01-02T08:10:22,cache-01,6.5839
2026-01-02T08:10:55,lb-02,6.3131
2026-01-02T08:11:09,cache-03,0.0501
2026-01-02T08:11:47,lb-02,0.1157
2026-01-02T08:12:01,net-04,0.2594
2026-01-02T08:12:09,cache-02,2.2067
2026-01-02T08:13:03,net-03,1.2263
2026-01-02T08:13:35,hd-02,0.2803
2026-01-02T08:14:39,cache-02,2.5671
2026-01-02T08:14:56,cache-03,0.2974
2026-01-02T08:16:30,web-03,0.7374
2026-01-02T08:16:38,web-03,8.0623
2026-01-02T08:16:45,net-01,1.3717
2026-01-02T08:17:09,db-03,1.6747
2026-01-02T08:17:31,db-03,1.3162
2026-01-02T08:17:49,net-04,0.0453
2026-01-02T08:17:57,hd-02,3.7287
2026-01-02T08:19:16,lb-02,3.5415
2026-01-02T08:19:18,hd-01,8.7786
2026-01-02T08:20:24,db-03,0.5140
2026-01-02T08:20:48,web-03,3.5785
2026-01-02T08:20:57,cache-03,1.3346
2026-01-02T08:22:04,lb-01,0.8033
2026-01-02T08:24:06,cache-02,1.1298
2026-01-02T08:24:53,db-01,18.2782
2026-01-02T08:24:53,lb-02,1.5921
2026-01-02T08:25:52,hd-01,2.7539
2026-01-02T08:25:53,lb-01,3.7806
2026-01-02T08:26:49,hd-02,5.9823
2026-01-02T08:27:05,lb-01,4.3307
2026-01-02T08:27:40,lb-02,1.1606
2026-01-02T08:28:23,lb-01,1.2626
2026-01-02T08:28:30,net-02,0.3333
2026-01-02T08:29:13,web-05,3.5341
2026-01-02T08:30:37,web-05,8.0066
2026-01-02T08:30:46,hd-02,14.4795
2026-01-02T08:31:48,hd-02,5.9487
2026-01-02T08:31:53,web-04,0.6506
2026-01-02T08:32:18,hd-01,0.2423
2026-01-02T08:33:08,lb-02,1.5919
2026-01-02T08:33:16,net-02,1.6515
2026-01-02T08:33:25,web-02,2.3166
2026-01-02T08:33:28,hd-02,5.2523
2026-01-02T08:34:25,net-04,0.5342
2026-01-02T08:35:03,cache-02,1.7263
2026-01-02T08:35:06,web-05,6.1130
2026-01-02T08:36:11,cache-02,0.5920
2026-01-02T08:36:17,net-01,0.3666
2026-01-02T08:36:42,cache-03,4.2329
2026-01-02T08:37:17,lb-01,1.6086
2026-01-02T08:37:33,web-02,0.9497
2026-01-02T08:37:51,db-01,1.3410
2026-01-02T08:38:13,lb-02,0.0122
2026-01-02T08:38:31,hd-01,0.3249
2026-01-02T08:39:11,web-03,23.8138
2026-01-02T08:39:14,net-03,0.0774
2026-01-02T08:39:41,cache-02,12.0094
2026-01-02T08:40:58,web-01,11.1590
2026-01-02T08:40:59,net-03,0.9658
2026-01-02T08:41:50,cache-03,0.3899
2026-01-02T08:42:10,web-03,32.5131
2026-01-02T08:42:17,hd-01,2.8085
2026-01-02T08:42:21,net-01,13.3962
2026-01-02T08:42:27,db-01,1.7897
2026-01-02T08:42:46,db-01,0.5880
2026-01-02T08:42:55,lb-02,0.6341
2026-01-02T08:42:57,db-01,3.3225
2026-01-02T08:42:59,web-03,2.7353
2026-01-02T08:43:03,net-02,4.0425
2026-01-02T08:43:04,net-01,3.4101
2026-01-02T08:43:15,cache-03,3.7857
2026-01-02T08:43:20,lb-02,0.0314
2026-01-02T08:43:31,lb-02,17.3367
2026-01-02T08:44:00,net-04,1.7421
2026-01-02T08:44:33,cache-02,0.4785
2026-01-02T08:45:16,web-05,1.7648
2026-01-02T08:46:29,db-02,1.0599
2026-01-02T08:46:33,hd-02,1.5069
2026-01-02T08:46:39,net-04,2.6121
2026-01-02T08:46:48,db-03,1.9087
2026-01-02T08:46:58,lb-02,1.6305
2026-01-02T08:47:17,net-02,2.0093
2026-01-02T08:47:46,cache-01,3.1564
2026-01-02T08:48:10,hd-02,2.6034
2026-01-02T08:48:24,net-01,0.9482
2026-01-02T08:49:06,web-04,3.3824
2026-01-02T08:49:55,net-01,0.3280
2026-01-02T08:51:08,web-01,0.2929
2026-01-02T08:52:00,lb-02,2.2841
2026-01-02T08:52:15,net-04,2.6709
2026-01-02T08:52:42,web-05,1.1809
2026-01-02T08:53:55,net-04,1.8082
2026-01-02T08:53:56,db-01,1.7308
2026-01-02T08:54:27,net-03,1.6816
2026-01-02T08:54:31,db-01,1.4185
2026-01-02T08:54:36,hd-01,1.6427
2026-01-02T08:55:27,cache-03,0.3604
2026-01-02T08:55:30,hd-01,2.8889
2026-01-02T08:55:35,lb-01,0.6101
2026-01-02T08:56:28,hd-01,2.4672
2026-01-02T08:56:28,net-02,0.3253
2026-01-02T08:56:51,net-02,0.9486
2026-01-02T08:57:02,hd-02,0.7388
2026-01-02T08:57:47,web-04,2.5168
2026-01-02T08:58:18,lb-01,8.5256
2026-01-02T08:58:30,web-04,0.0459
2026-01-02T08:59:08,db-01,2.7833
2026-01-02T08:59:36,db-01,0.4893
2026-01-02T08:59:36,cache-03,3.8652
2026-01-02T09:00:09,lb-02,0.2336
2026-01-02T09:00:10,hd-01,0.7204
2026-01-02T09:00:13,web-01,6.2467
2026-01-02T09:00:25,db-03,5.2623
2026-01-02T09:01:00,lb-02,1.8124
2026-01-02T09:01:08,cache-02,3.2428
2026-01-02T09:02:13,hd-02,0.3361
2026-01-02T09:02:24,hd-01,0.0479
2026-01-02T09:03:52,db-02,12.1206
2026-01-02T09:04:26,cache-02,3.5564
2026-01-02T09:04:50,hd-01,0.5855
2026-01-02T09:05:03,net-02,7.7044
2026-01-02T09:06:13,lb-01,0.1142
2026-01-02T09:08:13,db-03,0.1322
2026-01-02T09:09:11,hd-02,0.2429
2026-01-02T09:09:13,web-01,0.3991
2026-01-02T09:09:52,db-03,2.1003
2026-01-02T09:11:24,net-04,0.1317
2026-01-02T09:12:17,cache-03,1.7921
2026-01-02T09:12:17,net-03,0.7729
2026-01-02T09:12:27,net-04,3.3713
2026-01-02T09:12:56,lb-02,1.9291
2026-01-02T09:13:29,net-02,4.8467
2026-01-02T09:15:28,lb-01,0.7371
2026-01-02T09:15:47,cache-03,12.1814
2026-01-02T09:16:16,cache-03,13.9857
2026-01-02T09:16:21,lb-01,1.7066
2026-01-02T09:17:26,hd-01,2.0711
2026-01-02T09:17:55,cache-01,8.3992
2026-01-02T09:17:58,net-04,7.8319
2026-01-02T09:18:21,db-03,2.0244
2026-01-02T09:18:36,cache-01,8.7940
2026-01-02T09:19:10,net-03,3.5197
2026-01-02T09:19:23,web-02,0.4878
2026-01-02T09:19:43,db-02,0.3494
2026-01-02T09:21:09,hd-01,2.1089
2026-01-02T09:21:47,lb-01,1.0013
2026-01-02T09:21:59,web-05,3.0426
2026-01-02T09:22:04,hd-01,3.3067
2026-01-02T09:23:18,hd-02,15.3509
2026-01-02T09:23:41,lb-01,0.4707
2026-01-02T09:24:05,db-03,0.2543
2026-01-02T09:24:50,db-02,0.0116
2026-01-02T09:25:08,web-05,4.0684
2026-01-02T09:25:12,cache-01,15.9437
2026-01-02T09:25:26,net-04,0.7459
2026-01-02T09:25:47,db-01,8.4429
2026-01-02T09:26:06,net-04,4.2970
2026-01-02T09:26:08,net-04,4.2918
2026-01-02T09:26:36,hd-01,0.0755
2026-01-02T09:26:45,hd-01,0.4168
2026-01-02T09:27:18,hd-01,1.0737
2026-01-02T09:27:28,cache-01,7.1885
2026-01-02T09:29:29,hd-02,2.1364
2026-01-02T09:29:45,net-02,1.7770
2026-01-02T09:30:59,lb-02,1.0340
2026-01-02T09:32:04,cache-01,0.1598
2026-01-02T09:32:29,net-04,0.5236
2026-01-02T09:32:34,hd-01,0.3997
2026-01-02T09:33:12,web-03,0.9220
2026-01-02T09:34:31,db-01,0.0536
2026-01-02T09:35:03,lb-02,0.3553
2026-01-02T09:35:46,cache-02,0.3346
2026-01-02T09:35:52,hd-01,0.9086
2026-01-02T09:36:43,hd-02,0.4892
2026-01-02T09:36:45,net-01,0.0982
2026-01-02T09:37:07,net-04,1.4415
2026-01-02T09:37:24,hd-01,0.1661
2026-01-02T09:38:17,hd-01,17.6070
2026-01-02T09:38:46,cache-02,1.2963
2026-01-02T09:39:01,hd-02,21.7741
2026-01-02T09:39:11,lb-01,0.9768
2026-01-02T09:40:29,hd-01,1.5023
2026-01-02T09:40:54,cache-03,0.1685
2026-01-02T09:40:55,hd-01,3.4332
2026-01-02T09:41:43,hd-02,4.6667
2026-01-02T09:42:31,net-01,3.3786
2026-01-02T09:42:35,net-03,20.1994
2026-01-02T09:44:04,web-02,0.2806
2026-01-02T09:45:06,web-04,12.8494
2026-01-02T09:45:29,web-01,14.2270
2026-01-02T09:45:37,net-03,7.4597
2026-01-02T09:46:59,cache-02,4.3824
2026-01-02T09:47:38,lb-01,1.4962
2026-01-02T09:48:40,net-03,2.1980
2026-01-02T09:48:46,lb-02,1.3749
2026-01-02T09:48:55,db-03,3.8044
2026-01-02T09:49:20,web-05,1.6447
2026-01-02T09:49:38,db-03,0.6742
2026-01-02T09:49:42,hd-02,1.0544
2026-01-02T09:49:47,net-01,0.0112
2026-01-02T09:49:52,hd-02,7.4980
2026-01-02T09:50:10,db-02,0.3387
2026-01-02T09:50:13,cache-02,0.9775
2026-01-02T09:50:33,lb-02,5.7568
2026-01-02T09:50:35,db-03,1.3403
2026-01-02T09:50:47,web-04,0.0002
2026-01-02T09:51:15,lb-02,8.3946
2026-01-02T09:51:56,lb-02,5.2199
2026-01-02T09:52:00,web-03,2.7096
2026-01-02T09:52:12,cache-03,1.6172
2026-01-02T09:52:40,cache-01,5.0603
2026-01-02T09:52:56,lb-01,0.1730
2026-01-02T09:53:08,cache-02,5.2569
2026-01-02T09:53:39,db-01,0.7254
2026-01-02T09:54:05,db-01,0.6620
2026-01-02T09:54:17,db-02,1.1839
2026-01-02T09:55:00,hd-02,0.7318
2026-01-02T09:56:26,lb-01,12.2202
2026-01-02T09:56:33,lb-02,16.5169
2026-01-02T09:56:46,cache-02,1.9042
2026-01-02T09:57:38,db-03,5.8906
2026-01-02T09:58:23,lb-01,7.7256
2026-01-02T09:59:04,cache-01,2.9556
2026-01-02T09:59:07,db-01,3.7556
2026-01-02T10:00:09,cache-02,3.7815
2026-01-02T10:00:18,cache-02,3.9574
2026-01-02T10:00:38,lb-01,9.6226
2026-01-02T10:02:04,lb-01,15.2271
2026-01-02T10:02:05,web-01,5.6802
2026-01-02T10:02:22,lb-01,14.1453
2026-01-02T10:04:01,cache-02,34.5706
2026-01-02T10:04:06,lb-02,7.3160
2026-01-02T10:04:22,cache-03,2.3844
2026-01-02T10:04:55,cache-01,0.3948
2026-01-02T10:05:24,cache-02,11.9109
2026-01-02T10:05:51,net-02,3.3027
2026-01-02T10:06:30,cache-02,0.8788
2026-01-02T10:07:09,web-04,10.6469
2026-01-02T10:07:11,hd-01,3.4773
2026-01-02T10:07:12,net-03,1.8565
2026-01-02T10:07:38,lb-01,1.0361
2026-01-02T10:08:15,lb-01,5.7343
2026-01-02T10:08:37,web-03,0.4529
2026-01-02T10:08:37,lb-02,39.4183
2026-01-02T10:09:02,net-01,8.3504
2026-01-02T10:10:56,web-04,0.1173
2026-01-02T10:12:03,net-01,1.1897
2026-01-02T10:12:27,cache-02,1.4273
2026-01-02T10:13:22,hd-02,7.1438
2026-01-02T10:13:51,web-01,0.4497
2026-01-02T10:14:27,web-02,1.2189
2026-01-02T10:14:41,hd-01,2.5622
2026-01-02T10:15:09,hd-01,2.3229
2026-01-02T10:16:49,web-02,6.8191
2026-01-02T10:17:07,hd-01,23.5150
2026-01-02T10:17:08,hd-01,1.2590
2026-01-02T10:17:37,hd-01,0.3737
2026-01-02T10:18:22,db-03,0.0297
2026-01-02T10:18:42,hd-01,0.2573
2026-01-02T10:19:28,cache-02,1.1107
2026-01-02T10:19:36,web-01,0.0567
2026-01-02T10:20:34,cache-03,6.1842
2026-01-02T10:20:37,hd-02,0.8582
2026-01-02T10:20:59,net-04,0.0076
2026-01-02T10:23:13,cache-03,0.0880
2026-01-02T10:24:35,web-02,1.8620
2026-01-02T10:24:50,web-02,0.9019
2026-01-02T10:24:50,cache-03,0.5412
2026-01-02T10:24:53,db-01,10.4796
2026-01-02T10:25:01,lb-02,0.1077
2026-01-02T10:25:34,hd-01,1.9111
2026-01-02T10:25:37,web-03,0.3892
2026-01-02T10:26:07,lb-02,0.4786
2026-01-02T10:26:19,web-05,1.3754
2026-01-02T10:26:24,cache-02,0.9189
2026-01-02T10:26:39,cache-02,0.5155
2026-01-02T10:27:43,net-01,6.3470
2026-01-02T10:27:44,db-01,12.6561
2026-01-02T10:28:11,hd-02,0.0427
2026-01-02T10:28:31,net-03,3.5777
2026-01-02T10:28:50,lb-01,7.4653
2026-01-02T10:31:53,web-02,0.1541
2026-01-02T10:32:07,cache-02,5.4461
2026-01-02T10:32:16,web-01,0.5843
2026-01-02T10:33:48,web-02,1.4763
2026-01-02T10:33:48,lb-01,6.8878
2026-01-02T10:34:21,cache-03,4.5766
2026-01-02T10:34:30,lb-02,0.3113
2026-01-02T10:34:42,lb-02,1.1459
2026-01-02T10:35:18,web-01,2.1586
2026-01-02T10:35:30,db-02,0.1111
2026-01-02T10:37:30,hd-02,1.2642
2026-01-02T10:38:00,hd-02,0.0070
